datetime,open,high,low,close,volume
2026-03-10T19:00:00+00:00,47825.58,47906.08,47731.08,47736.08,36402
2026-03-10T19:30:00+00:00,47736.08,47819.08,47654.08,47700.08,37398
2026-03-10T20:00:00+00:00,47700.08,47763.34,47696.34,47740.34,5710
2026-03-10T20:30:00+00:00,47740.34,47746.84,47712.84,47718.98,2749
2026-03-10T22:00:00+00:00,47718.98,47738.64,47678.14,47679.14,2808
2026-03-10T22:30:00+00:00,47679.14,47691.14,47649.64,47667.14,1916
2026-03-10T23:00:00+00:00,47667.14,47716.64,47663.64,47708.64,2154
2026-03-10T23:30:00+00:00,47708.64,47754.64,47691.64,47742.64,3039
2026-03-11T00:00:00+00:00,47742.64,47863.64,47739.64,47830.64,10138
2026-03-11T00:30:00+00:00,47830.64,47848.64,47807.14,47828.64,4788
2026-03-11T01:00:00+00:00,47828.64,47874.64,47813.64,47867.14,5418
2026-03-11T01:30:00+00:00,47867.14,47904.64,47862.64,47881.64,4370
2026-03-11T02:00:00+00:00,47881.64,47907.14,47869.64,47885.14,2874
2026-03-11T02:30:00+00:00,47885.14,47894.64,47852.64,47885.14,3012
2026-03-11T03:00:00+00:00,47885.14,47895.14,47873.64,47890.64,1623
2026-03-11T03:30:00+00:00,47890.64,47929.14,47890.14,47918.64,2182
2026-03-11T04:00:00+00:00,47918.64,47920.64,47896.64,47912.64,1400
2026-03-11T04:30:00+00:00,47912.64,47913.64,47879.14,47883.64,1683
2026-03-11T05:00:00+00:00,47883.64,47892.14,47847.14,47864.64,4200
2026-03-11T05:30:00+00:00,47864.64,47865.14,47807.14,47811.64,4366
2026-03-11T06:00:00+00:00,47811.64,47823.15,47788.15,47804.15,5891
2026-03-11T06:30:00+00:00,47804.15,47845.15,47803.65,47829.65,3322
2026-03-11T07:00:00+00:00,47829.65,47841.65,47761.65,47766.65,6813
2026-03-11T07:30:00+00:00,47766.65,47777.15,47678.15,47727.65,8612
2026-03-11T08:00:00+00:00,47727.65,47761.65,47685.65,47705.15,11781
2026-03-11T08:30:00+00:00,47705.15,47747.65,47559.65,47610.15,12993
2026-03-11T09:00:00+00:00,47610.15,47616.15,47526.15,47529.15,11367
2026-03-11T09:30:00+00:00,47529.15,47576.15,47507.15,47521.15,8600
2026-03-11T10:00:00+00:00,47521.15,47673.65,47521.15,47666.15,9647
2026-03-11T10:30:00+00:00,47666.15,47793.65,47653.65,47793.65,9425
2026-03-11T11:00:00+00:00,47793.65,47833.15,47686.65,47695.15,9806
2026-03-11T11:30:00+00:00,47695.15,47705.15,47567.15,47615.65,15036
2026-03-11T12:00:00+00:00,47615.65,47662.15,47590.15,47656.65,11509
2026-03-11T12:30:00+00:00,47656.65,47717.65,47463.15,47510.65,17113
2026-03-11T13:00:00+00:00,47510.65,47660.65,47509.15,47657.15,19839
2026-03-11T13:30:00+00:00,47657.15,47698.39,47360.39,47487.89,65057
2026-03-11T14:00:00+00:00,47487.89,47672.39,47274.39,47330.39,72530
2026-03-11T14:30:00+00:00,47330.39,47579.39,47322.39,47559.39,47720
2026-03-11T15:00:00+00:00,47559.39,47613.89,47268.89,47272.39,44031
2026-03-11T15:30:00+00:00,47272.39,47302.39,47203.39,47212.89,36084
2026-03-11T16:00:00+00:00,47212.89,47249.39,47166.89,47238.89,30943
2026-03-11T16:30:00+00:00,47238.89,47387.39,47238.89,47385.39,24659
2026-03-11T17:00:00+00:00,47385.39,47450.39,47336.39,47427.39,21561
2026-03-11T17:30:00+00:00,47427.39,47438.39,47206.89,47318.89,41515
2026-03-11T18:00:00+00:00,47318.89,47392.39,47240.39,47371.39,28267
2026-03-11T18:30:00+00:00,47371.39,47380.39,47313.89,47330.39,21465
2026-03-11T19:00:00+00:00,47330.39,47344.39,47265.39,47318.39,19726
2026-03-11T19:30:00+00:00,47318.39,47431.39,47303.39,47411.89,18972
2026-03-11T20:00:00+00:00,47411.89,47417.65,47359.65,47399.15,4594
2026-03-11T20:30:00+00:00,47399.15,47402.15,47325.15,47337.79,2210
2026-03-11T22:00:00+00:00,47337.79,47337.79,47129.65,47154.65,5816
2026-03-11T22:30:00+00:00,47154.65,47167.65,47064.65,47099.15,6197
2026-03-11T23:00:00+00:00,47099.15,47112.65,46999.65,47001.15,7373
2026-03-11T23:30:00+00:00,47001.15,47007.65,46893.65,47007.65,9497
2026-03-12T00:00:00+00:00,47007.65,47017.65,46884.15,46923.65,11066
2026-03-12T00:30:00+00:00,46923.65,46981.15,46922.65,46966.15,6263
2026-03-12T01:00:00+00:00,46966.15,46980.65,46914.65,46978.15,8994
2026-03-12T01:30:00+00:00,46978.15,47016.65,46900.65,46938.65,5718
2026-03-12T02:00:00+00:00,46938.65,46963.15,46892.15,46893.65,5210
2026-03-12T02:30:00+00:00,46893.65,46901.65,46786.15,46835.65,7224
2026-03-12T03:00:00+00:00,46835.65,46876.15,46824.65,46831.65,3067
2026-03-12T03:30:00+00:00,46831.65,46848.15,46805.65,46846.65,3941
2026-03-12T04:00:00+00:00,46846.65,46896.15,46840.65,46887.15,2557
2026-03-12T04:30:00+00:00,46887.15,46896.15,46834.65,46835.65,2739
2026-03-12T05:00:00+00:00,46835.65,46924.65,46833.65,46885.65,6618
2026-03-12T05:30:00+00:00,46885.65,46903.65,46854.15,46902.15,5406
2026-03-12T06:00:00+00:00,46902.15,46929.66,46873.66,46923.16,4695
2026-03-12T06:30:00+00:00,46923.16,46984.16,46915.66,46975.16,3776
2026-03-12T07:00:00+00:00,46975.16,47038.66,46968.66,47024.16,5108
2026-03-12T07:30:00+00:00,47024.16,47098.16,46991.16,47096.66,5633
2026-03-12T08:00:00+00:00,47096.66,47192.16,47096.66,47100.16,10829
2026-03-12T08:30:00+00:00,47100.16,47159.66,47064.16,47138.66,7922
2026-03-12T09:00:00+00:00,47138.66,47150.16,47006.66,47087.66,7957
2026-03-12T09:30:00+00:00,47087.66,47194.16,47087.66,47178.66,8275
2026-03-12T10:00:00+00:00,47178.66,47193.66,47132.16,47137.16,5938
2026-03-12T10:30:00+00:00,47137.16,47197.16,47108.16,47116.16,6917
2026-03-12T11:00:00+00:00,47116.16,47122.66,47069.66,47111.16,7104
2026-03-12T11:30:00+00:00,47111.16,47197.66,47070.16,47070.16,7393
2026-03-12T12:00:00+00:00,47070.16,47081.66,46961.66,47017.3,10683
2026-03-12T12:30:00+00:00,47017.3,47018.66,46953.66,47014.66,11905
2026-03-12T13:00:00+00:00,47014.66,47048.66,46868.66,46944.66,21891
2026-03-12T13:30:00+00:00,46944.66,46954.9,46771.4,46796.4,75427
2026-03-12T14:00:00+00:00,46796.4,46995.4,46714.4,46716.4,58549
2026-03-12T14:30:00+00:00,46716.4,46961.9,46704.4,46817.4,53040
2026-03-12T15:00:00+00:00,46817.4,46840.9,46688.4,46758.9,36728
2026-03-12T15:30:00+00:00,46758.9,46910.4,46664.4,46848.4,54108
2026-03-12T16:00:00+00:00,46848.4,47058.4,46751.4,46861.9,39977
2026-03-12T16:30:00+00:00,46861.9,46973.9,46807.9,46865.9,38577
2026-03-12T17:00:00+00:00,46865.9,46984.4,46788.4,46824.4,32187
2026-03-12T17:30:00+00:00,46824.4,46926.4,46750.4,46798.9,28371
2026-03-12T18:00:00+00:00,46798.9,46882.9,46737.4,46776.9,24992
2026-03-12T18:30:00+00:00,46776.9,46804.9,46722.4,46732.4,20081
2026-03-12T19:00:00+00:00,46732.4,46835.9,46712.4,46802.9,21308
2026-03-12T19:30:00+00:00,46802.9,46850.4,46656.4,46659.4,23445
2026-03-12T20:00:00+00:00,46659.4,46710.66,46649.66,46689.16,6264
2026-03-12T20:30:00+00:00,46689.16,46732.66,46677.16,46717.3,1583
2026-03-12T22:00:00+00:00,46717.3,46740.69,46665.19,46728.19,6144
2026-03-12T22:30:00+00:00,46728.19,46783.69,46723.19,46769.69,4034
2026-03-12T23:00:00+00:00,46769.69,46793.19,46743.69,46766.69,3604
2026-03-12T23:30:00+00:00,46766.69,46779.69,46719.19,46723.69,4754
2026-03-13T00:00:00+00:00,46723.69,46917.69,46678.69,46887.69,13178
2026-03-13T00:30:00+00:00,46887.69,46924.69,46873.69,46887.69,8711
2026-03-13T01:00:00+00:00,46887.69,46943.69,46887.19,46900.19,8520
2026-03-13T01:30:00+00:00,46900.19,46908.69,46856.69,46868.19,5397
2026-03-13T02:00:00+00:00,46868.19,46894.69,46846.19,46851.69,5320
2026-03-13T02:30:00+00:00,46851.69,46872.69,46833.69,46843.69,5108
2026-03-13T03:00:00+00:00,46843.69,46864.19,46825.19,46849.19,5007
2026-03-13T03:30:00+00:00,46849.19,46883.69,46826.69,46873.69,4833
2026-03-13T04:00:00+00:00,46873.69,46877.69,46800.69,46810.19,4039
2026-03-13T04:30:00+00:00,46810.19,46822.69,46787.69,46815.19,4267
2026-03-13T05:00:00+00:00,46815.19,46829.69,46788.69,46820.19,5058
2026-03-13T05:30:00+00:00,46820.19,46846.69,46813.19,46828.69,4473
2026-03-13T06:00:00+00:00,46828.69,46836.7,46743.7,46760.2,6113
2026-03-13T06:30:00+00:00,46760.2,46763.7,46653.2,46657.7,7996
2026-03-13T07:00:00+00:00,46657.7,46667.2,46517.2,46576.7,14131
2026-03-13T07:30:00+00:00,46576.7,46616.2,46511.2,46544.7,10816
2026-03-13T08:00:00+00:00,46544.7,46556.7,46408.7,46437.7,20201
2026-03-13T08:30:00+00:00,46437.7,46641.2,46436.2,46625.7,15926
2026-03-13T09:00:00+00:00,46625.7,46711.2,46625.7,46661.2,14158
2026-03-13T09:30:00+00:00,46661.2,46711.7,46637.2,46668.7,9853
2026-03-13T10:00:00+00:00,46668.7,46795.7,46662.2,46753.2,9519
2026-03-13T10:30:00+00:00,46753.2,46807.2,46719.2,46805.2,10946
2026-03-13T11:00:00+00:00,46805.2,46860.2,46769.7,46819.7,13672
2026-03-13T11:30:00+00:00,46819.7,46881.2,46792.7,46875.7,10529
2026-03-13T12:00:00+00:00,46875.7,46909.2,46808.7,46849.7,11321
2026-03-13T12:30:00+00:00,46849.7,47000.2,46829.2,46887.7,21137
2026-03-13T13:00:00+00:00,46887.7,46916.2,46844.7,46894.7,16450
2026-03-13T13:30:00+00:00,46894.7,47108.94,46881.44,46927.84,60713
2026-03-13T14:00:00+00:00,46927.84,46993.94,46768.94,46849.94,47555
2026-03-13T14:30:00+00:00,46849.94,46959.94,46700.44,46720.94,51113
2026-03-13T15:00:00+00:00,46720.94,46809.94,46653.94,46668.44,42858
2026-03-13T15:30:00+00:00,46668.44,46779.44,46617.44,46632.44,41821
2026-03-13T16:00:00+00:00,46632.44,46723.44,46608.44,46676.44,33723
2026-03-13T16:30:00+00:00,46676.44,46726.44,46583.44,46612.94,36626
2026-03-13T17:00:00+00:00,46612.94,46726.94,46588.94,46667.94,29776
2026-03-13T17:30:00+00:00,46667.94,46679.94,46538.94,46586.44,31061
2026-03-13T18:00:00+00:00,46586.44,46657.44,46574.44,46609.94,23700
2026-03-13T18:30:00+00:00,46609.94,46710.94,46597.44,46658.94,21527
2026-03-13T19:00:00+00:00,46658.94,46664.94,46544.94,46560.94,23384
2026-03-13T19:30:00+00:00,46560.94,46601.44,46477.94,46545.94,23433
2026-03-13T20:00:00+00:00,46545.94,46554.2,46488.2,46521.7,5384
2026-03-13T20:30:00+00:00,46521.7,46553.7,46519.7,46532.84,903
2026-03-15T22:00:00+00:00,46532.84,46569.71,46370.21,46463.36,2741
2026-03-15T22:30:00+00:00,46463.36,46692.71,46435.36,46673.21,9581
2026-03-15T23:00:00+00:00,46673.21,46722.21,46597.36,46604.21,11212
2026-03-15T23:30:00+00:00,46604.21,46655.71,46576.71,46636.21,13793
2026-03-16T00:00:00+00:00,46636.21,46746.71,46622.21,46692.71,19525
2026-03-16T00:30:00+00:00,46692.71,46740.71,46685.21,46729.71,15251
2026-03-16T01:00:00+00:00,46729.71,46755.21,46704.71,46717.71,16084
2026-03-16T01:30:00+00:00,46717.71,46775.21,46676.21,46763.21,17863
2026-03-16T02:00:00+00:00,46763.21,46764.21,46698.71,46701.71,11330
2026-03-16T02:30:00+00:00,46701.71,46723.71,46684.21,46698.71,8735
2026-03-16T03:00:00+00:00,46698.71,46732.21,46695.36,46730.21,2546
2026-03-16T03:30:00+00:00,46730.21,46771.71,46730.21,46764.21,6547
2026-03-16T04:00:00+00:00,46764.21,46783.71,46751.21,46760.71,5572
2026-03-16T04:30:00+00:00,46760.71,46762.71,46721.71,46721.71,3467
2026-03-16T05:00:00+00:00,46721.71,46748.71,46714.71,46721.21,4794
2026-03-16T05:30:00+00:00,46721.21,46794.21,46710.71,46785.71,4495
2026-03-16T06:00:00+00:00,46785.71,46796.72,46745.72,46750.22,4108
2026-03-16T06:30:00+00:00,46750.22,46792.22,46748.22,46788.22,3109
2026-03-16T07:00:00+00:00,46788.22,46806.72,46714.72,46721.72,10459
2026-03-16T07:30:00+00:00,46721.72,46741.22,46656.22,46682.72,12424
2026-03-16T08:00:00+00:00,46682.72,46768.22,46666.22,46706.72,23169
2026-03-16T08:30:00+00:00,46706.72,46735.22,46635.22,46665.22,20425
2026-03-16T09:00:00+00:00,46665.22,46677.72,46599.72,46635.22,19267
2026-03-16T09:30:00+00:00,46635.22,46640.72,46568.22,46586.22,19497
2026-03-16T10:00:00+00:00,46586.22,46748.72,46578.22,46735.72,19174
2026-03-16T10:30:00+00:00,46735.72,46802.72,46696.22,46794.72,17534
2026-03-16T11:00:00+00:00,46794.72,46797.72,46734.72,46745.22,17576
2026-03-16T11:30:00+00:00,46745.22,46832.72,46737.22,46823.72,16091
2026-03-16T12:00:00+00:00,46823.72,46914.22,46823.22,46861.36,15411
2026-03-16T12:30:00+00:00,46861.36,46951.72,46861.36,46881.22,17257
2026-03-16T13:00:00+00:00,46881.22,46941.72,46881.22,46924.22,12813
2026-03-16T13:30:00+00:00,46924.22,47139.96,46850.46,47136.46,45162
2026-03-16T14:00:00+00:00,47136.46,47182.96,47056.96,47063.96,32758
2026-03-16T14:30:00+00:00,47063.96,47074.46,46825.96,47044.96,30725
2026-03-16T15:00:00+00:00,47044.96,47050.96,46916.46,47040.96,18429
2026-03-16T15:30:00+00:00,47040.96,47084.96,46922.46,46922.46,8657
2026-03-16T16:00:00+00:00,46922.46,46992.46,46817.46,46846.96,9619
2026-03-16T16:30:00+00:00,46846.96,46960.46,46812.96,46903.96,9629
2026-03-16T17:00:00+00:00,46903.96,46979.46,46896.46,46940.46,9572
2026-03-16T17:30:00+00:00,46940.46,46963.96,46835.96,46895.96,8619
2026-03-16T18:00:00+00:00,46895.96,47009.46,46895.46,46984.46,7668
2026-03-16T18:30:00+00:00,46984.46,47041.96,46967.46,46978.96,5442
2026-03-16T19:00:00+00:00,46978.96,47092.46,46926.96,46972.96,10378
2026-03-16T19:30:00+00:00,46972.96,46982.46,46895.96,46935.96,10237
2026-03-16T20:00:00+00:00,46935.96,46967.72,46896.22,46901.22,3725
2026-03-16T20:30:00+00:00,46901.22,46933.22,46887.22,46925.86,1570
2026-03-16T22:00:00+00:00,46925.86,46941.22,46876.87,46935.22,4672
2026-03-16T22:30:00+00:00,46935.22,46936.22,46887.22,46892.22,5449
2026-03-16T23:00:00+00:00,46892.22,46915.22,46890.87,46914.22,4366
2026-03-16T23:30:00+00:00,46914.22,46936.72,46907.72,46923.72,6269
2026-03-17T00:00:00+00:00,46923.72,46924.22,46838.72,46852.72,11052
2026-03-17T00:30:00+00:00,46852.72,46883.72,46814.22,46820.72,10526
2026-03-17T01:00:00+00:00,46820.72,46860.22,46820.72,46846.22,10518
2026-03-17T01:30:00+00:00,46846.22,46877.22,46840.72,46864.22,10388
2026-03-17T02:00:00+00:00,46864.22,46865.22,46838.72,46847.72,6780
2026-03-17T02:30:00+00:00,46847.72,46861.22,46809.72,46809.72,6420
2026-03-17T03:00:00+00:00,46809.72,46851.72,46800.72,46826.22,6520
2026-03-17T03:30:00+00:00,46826.22,46834.22,46795.72,46810.72,8007
2026-03-17T04:00:00+00:00,46810.72,46826.72,46800.72,46823.22,5578
2026-03-17T04:30:00+00:00,46823.22,46875.22,46822.22,46859.22,7025
2026-03-17T05:00:00+00:00,46859.22,46875.22,46852.72,46865.72,5824
2026-03-17T05:30:00+00:00,46865.72,46870.72,46732.72,46735.22,11458
2026-03-17T06:00:00+00:00,46735.22,46744.73,46672.73,46720.73,20345
2026-03-17T06:30:00+00:00,46720.73,46731.73,46695.23,46712.23,11436
2026-03-17T07:00:00+00:00,46712.23,46790.23,46686.23,46784.23,14416
2026-03-17T07:30:00+00:00,46784.23,46808.73,46739.23,46755.23,12851
2026-03-17T08:00:00+00:00,46755.23,46809.23,46750.23,46757.73,26249
2026-03-17T08:30:00+00:00,46757.73,46840.73,46732.23,46798.23,22399
2026-03-17T09:00:00+00:00,46798.23,46942.73,46797.23,46940.23,17316
2026-03-17T09:30:00+00:00,46940.23,46945.73,46895.73,46929.23,15546
2026-03-17T10:00:00+00:00,46929.23,46939.23,46837.73,46851.23,13229
2026-03-17T10:30:00+00:00,46851.23,46902.23,46846.73,46899.23,12368
2026-03-17T11:00:00+00:00,46899.23,46942.23,46886.73,46920.23,15444
2026-03-17T11:30:00+00:00,46920.23,46958.23,46895.23,46899.23,16484
2026-03-17T12:00:00+00:00,46899.23,47062.73,46896.23,47058.73,19685
2026-03-17T12:30:00+00:00,47058.73,47124.73,47056.73,47101.23,16299
2026-03-17T13:00:00+00:00,47101.23,47263.23,47098.23,47249.23,16159
2026-03-17T13:30:00+00:00,47249.23,47420.97,47232.47,47330.97,46159
2026-03-17T14:00:00+00:00,47330.97,47330.97,47054.97,47111.47,36528
2026-03-17T14:30:00+00:00,47111.47,47224.47,47087.47,47200.47,31335
2026-03-17T15:00:00+00:00,47200.47,47213.47,47095.97,47116.97,29524
2026-03-17T15:30:00+00:00,47116.97,47155.47,47016.47,47043.97,33378
2026-03-17T16:00:00+00:00,47043.97,47088.97,46982.47,47057.97,33835
2026-03-17T16:30:00+00:00,47057.97,47099.47,47013.47,47047.47,25953
2026-03-17T17:00:00+00:00,47047.47,47118.47,47045.47,47095.47,17608
2026-03-17T17:30:00+00:00,47095.47,47117.47,47028.47,47072.47,16209
2026-03-17T18:00:00+00:00,47072.47,47117.47,46993.97,47003.47,17855
2026-03-17T18:30:00+00:00,47003.47,47081.97,46998.47,47046.47,19230
2026-03-17T19:00:00+00:00,47046.47,47065.47,47005.47,47007.47,16247
2026-03-17T19:30:00+00:00,47007.47,47048.47,46969.47,46995.97,16718
2026-03-17T20:00:00+00:00,46995.97,47020.73,46982.23,47006.73,5832
2026-03-17T20:30:00+00:00,47006.73,47020.73,46989.73,46994.37,4021
2026-03-17T22:00:00+00:00,46994.37,47002.61,46965.96,46977.46,1921
2026-03-17T22:30:00+00:00,46977.46,46989.46,46943.96,46978.46,3189
2026-03-17T23:00:00+00:00,46978.46,46991.96,46958.61,46962.96,1982
2026-03-17T23:30:00+00:00,46962.96,46966.46,46931.46,46939.96,2714
2026-03-18T00:00:00+00:00,46939.96,47006.46,46932.96,46996.46,6518
2026-03-18T00:30:00+00:00,46996.46,47039.46,46988.96,47033.46,3805
2026-03-18T01:00:00+00:00,47033.46,47082.96,47033.46,47075.46,7133
2026-03-18T01:30:00+00:00,47075.46,47085.46,47058.96,47077.96,5032
2026-03-18T02:00:00+00:00,47077.96,47129.96,47077.96,47124.96,4169
2026-03-18T02:30:00+00:00,47124.96,47147.46,47124.96,47135.96,2885
2026-03-18T03:00:00+00:00,47135.96,47153.96,47130.96,47142.46,2403
2026-03-18T03:30:00+00:00,47142.46,47181.96,47140.96,47175.46,2267
2026-03-18T04:00:00+00:00,47175.46,47210.96,47174.46,47203.46,1892
2026-03-18T04:30:00+00:00,47203.46,47232.96,47192.96,47214.96,2576
2026-03-18T05:00:00+00:00,47214.96,47239.46,47209.96,47234.46,2672
2026-03-18T05:30:00+00:00,47234.46,47243.96,47215.46,47232.96,3053
2026-03-18T06:00:00+00:00,47232.96,47296.47,47224.47,47293.47,5563
2026-03-18T06:30:00+00:00,47293.47,47298.97,47264.47,47265.97,4910
2026-03-18T07:00:00+00:00,47265.97,47278.97,47248.97,47259.47,4278
2026-03-18T07:30:00+00:00,47259.47,47267.97,47235.97,47240.97,3531
2026-03-18T08:00:00+00:00,47240.97,47287.47,47227.47,47245.97,11360
2026-03-18T08:30:00+00:00,47245.97,47278.47,47230.97,47260.97,9218
2026-03-18T09:00:00+00:00,47260.97,47276.97,47229.47,47255.47,9036
2026-03-18T09:30:00+00:00,47255.47,47265.97,47231.97,47244.47,5690
2026-03-18T10:00:00+00:00,47244.47,47261.97,47229.47,47238.97,3509
2026-03-18T10:30:00+00:00,47238.97,47251.97,47201.97,47207.97,3325
2026-03-18T11:00:00+00:00,47207.97,47248.47,47110.97,47111.47,11394
2026-03-18T11:30:00+00:00,47111.47,47200.47,47095.47,47144.97,16896
2026-03-18T12:00:00+00:00,47144.97,47155.47,46971.97,47033.61,23164
2026-03-18T12:30:00+00:00,47033.61,47033.61,46732.47,46746.47,32157
2026-03-18T13:00:00+00:00,46746.47,46801.47,46703.47,46778.97,24222
2026-03-18T13:30:00+00:00,46778.97,46880.71,46715.71,46804.61,73180
2026-03-18T14:00:00+00:00,46804.61,46820.71,46535.71,46553.71,50371
2026-03-18T14:30:00+00:00,46553.71,46613.21,46516.21,46595.71,32293
2026-03-18T15:00:00+00:00,46595.71,46680.21,46541.21,46562.21,29330
2026-03-18T15:30:00+00:00,46562.21,46619.21,46538.21,46557.21,23408
2026-03-18T16:00:00+00:00,46557.21,46609.21,46506.21,46593.21,23007
2026-03-18T16:30:00+00:00,46593.21,46627.71,46509.71,46582.21,22671
2026-03-18T17:00:00+00:00,46582.21,46593.71,46518.71,46529.71,28651
2026-03-18T17:30:00+00:00,46529.71,46572.71,46474.21,46559.61,25854
2026-03-18T18:00:00+00:00,46559.61,46606.71,46478.71,46533.71,26713
2026-03-18T18:30:00+00:00,46533.71,46542.21,46302.71,46313.71,53489
2026-03-18T19:00:00+00:00,46313.71,46392.21,46243.71,46256.71,25411
2026-03-18T19:30:00+00:00,46256.71,46276.71,46180.21,46213.71,13359
2026-03-18T20:00:00+00:00,46213.71,46218.47,46043.97,46065.97,5081
2026-03-18T20:30:00+00:00,46065.97,46120.47,46065.97,46073.11,2160
2026-03-18T22:00:00+00:00,46073.11,46155.79,46073.11,46085.64,2942
2026-03-18T22:30:00+00:00,46085.64,46105.14,46071.64,46101.64,1983
2026-03-18T23:00:00+00:00,46101.64,46151.14,46094.14,46146.64,1511
2026-03-18T23:30:00+00:00,46146.64,46176.14,46109.14,46148.64,8031
2026-03-19T00:00:00+00:00,46148.64,46188.14,46120.64,46158.64,14967
2026-03-19T00:30:00+00:00,46158.64,46173.64,46088.79,46139.64,11065
2026-03-19T01:00:00+00:00,46139.64,46183.14,46111.64,46173.14,9924
2026-03-19T01:30:00+00:00,46173.14,46203.64,46158.14,46160.64,9416
2026-03-19T02:00:00+00:00,46160.64,46264.64,46126.64,46249.64,11993
2026-03-19T02:30:00+00:00,46249.64,46302.14,46246.79,46263.14,7166
2026-03-19T03:00:00+00:00,46263.14,46292.14,46263.14,46277.64,3380
2026-03-19T03:30:00+00:00,46277.64,46284.14,46252.14,46252.14,5067
2026-03-19T04:00:00+00:00,46252.14,46253.14,46210.64,46222.14,7500
2026-03-19T04:30:00+00:00,46222.14,46234.64,46191.64,46217.14,6527
2026-03-19T05:00:00+00:00,46217.14,46239.14,46202.64,46206.64,6136
2026-03-19T05:30:00+00:00,46206.64,46211.64,46140.64,46166.14,10670
2026-03-19T06:00:00+00:00,46166.14,46249.15,46160.15,46194.15,6258
2026-03-19T06:30:00+00:00,46194.15,46212.65,46163.15,46205.65,9917
2026-03-19T07:00:00+00:00,46205.65,46238.65,46133.65,46187.65,16567
2026-03-19T07:30:00+00:00,46187.65,46196.65,46089.15,46123.15,16257
2026-03-19T08:00:00+00:00,46123.15,46184.15,46077.15,46091.15,25239
2026-03-19T08:30:00+00:00,46091.15,46147.15,46034.65,46104.65,23356
2026-03-19T09:00:00+00:00,46104.65,46186.15,46007.79,46037.15,25581
2026-03-19T09:30:00+00:00,46037.15,46268.15,46030.15,46237.65,27451
2026-03-19T10:00:00+00:00,46237.65,46237.65,46161.65,46195.65,16518
2026-03-19T10:30:00+00:00,46195.65,46214.15,46126.15,46142.15,14083
2026-03-19T11:00:00+00:00,46142.15,46183.65,46060.15,46097.15,20279
2026-03-19T11:30:00+00:00,46097.15,46121.15,46023.15,46085.79,20823
2026-03-19T12:00:00+00:00,46085.79,46130.15,45912.79,45937.79,29837
2026-03-19T12:30:00+00:00,45937.79,45978.65,45870.15,45910.65,23220
2026-03-19T13:00:00+00:00,45910.65,46034.15,45821.79,45898.79,18033
2026-03-19T13:30:00+00:00,45898.79,46073.89,45784.89,45991.79,101412
2026-03-19T14:00:00+00:00,45991.79,46058.39,45739.39,45756.39,73382
2026-03-19T14:30:00+00:00,45756.39,45970.39,45751.89,45847.89,71586
2026-03-19T15:00:00+00:00,45847.89,46014.39,45821.39,45875.39,61106
2026-03-19T15:30:00+00:00,45875.39,45884.89,45749.79,45853.89,18889
2026-03-19T16:00:00+00:00,45853.89,45961.89,45817.89,45879.39,14433
2026-03-19T16:30:00+00:00,45879.39,45952.89,45786.79,45824.89,10634
2026-03-19T17:00:00+00:00,45824.89,45882.89,45721.89,45853.89,8380
2026-03-19T17:30:00+00:00,45853.89,45897.89,45781.39,45833.39,6474
2026-03-19T18:00:00+00:00,45833.39,45940.39,45804.79,45822.39,7146
2026-03-19T18:30:00+00:00,45822.39,45959.89,45759.39,45943.39,8415
2026-03-19T19:00:00+00:00,45943.39,46243.39,45932.79,46059.89,24197
2026-03-19T19:30:00+00:00,46059.89,46119.39,45994.39,46015.39,12155
2026-03-19T20:00:00+00:00,46015.39,46104.79,45972.79,46096.79,3925.762702938733
2026-03-19T20:30:00+00:00,46096.79,46096.79,46057.79,46064.79,652
2026-03-19T22:00:00+00:00,46064.79,46116.08,46041.58,46109.58,1964.5718923412974
2026-03-19T22:30:00+00:00,46109.58,46128.58,46088.58,46106.58,1770
2026-03-19T23:00:00+00:00,46106.58,46138.58,46088.08,46097.08,2718
2026-03-19T23:30:00+00:00,46097.08,46117.58,46078.08,46092.58,2709
2026-03-20T00:00:00+00:00,46092.58,46134.58,46051.58,46069.08,5316
2026-03-20T00:30:00+00:00,46069.08,46094.08,46063.08,46076.08,3503
2026-03-20T01:00:00+00:00,46076.08,46128.58,46062.58,46122.58,5821
2026-03-20T01:30:00+00:00,46122.58,46198.08,46116.58,46128.58,4050
2026-03-20T02:00:00+00:00,46128.58,46149.08,46121.08,46133.08,2693
2026-03-20T02:30:00+00:00,46133.08,46151.58,46111.08,46118.08,2245
2026-03-20T03:00:00+00:00,46118.08,46125.08,46084.58,46101.58,1943
2026-03-20T03:30:00+00:00,46101.58,46122.08,46088.58,46099.58,1848
2026-03-20T04:00:00+00:00,46099.58,46114.58,46076.08,46095.58,1361
2026-03-20T04:30:00+00:00,46095.58,46102.08,46066.58,46068.08,1273
2026-03-20T05:00:00+00:00,46068.08,46092.58,46039.58,46089.58,2894
2026-03-20T05:30:00+00:00,46089.58,46100.58,46070.58,46078.58,1993
2026-03-20T06:00:00+00:00,46078.58,46095.59,46017.09,46028.59,2589
2026-03-20T06:30:00+00:00,46028.59,46039.59,45970.09,45985.09,2640
2026-03-20T07:00:00+00:00,45985.09,46049.09,45923.59,46043.09,6307
2026-03-20T07:30:00+00:00,46043.09,46111.09,46037.09,46103.09,4921
2026-03-20T08:00:00+00:00,46103.09,46133.09,46047.59,46047.59,9009
2026-03-20T08:30:00+00:00,46047.59,46113.59,46028.09,46034.59,8884
2026-03-20T09:00:00+00:00,46034.59,46065.09,45925.09,45930.09,10435
2026-03-20T09:30:00+00:00,45930.09,45981.09,45788.59,45824.09,14640
2026-03-20T10:00:00+00:00,45824.09,45838.09,45666.09,45711.59,17346
2026-03-20T10:30:00+00:00,45711.59,45841.09,45708.59,45781.59,11997
2026-03-20T11:00:00+00:00,45781.59,45898.09,45773.59,45863.09,11194
2026-03-20T11:30:00+00:00,45863.09,45884.59,45800.59,45859.59,9803
2026-03-20T12:00:00+00:00,45859.59,45924.09,45812.59,45893.59,13164
2026-03-20T12:30:00+00:00,45893.59,45905.09,45800.09,45882.09,12508
2026-03-20T13:00:00+00:00,45882.09,45903.09,45808.09,45846.09,12587
2026-03-20T13:30:00+00:00,45846.09,46021.83,45797.83,45827.83,62576
2026-03-20T14:00:00+00:00,45827.83,45872.83,45653.83,45661.33,47088
2026-03-20T14:30:00+00:00,45661.33,45812.83,45629.83,45669.33,36406
2026-03-20T15:00:00+00:00,45669.33,45873.83,45636.83,45668.83,38410
2026-03-20T15:30:00+00:00,45668.83,45754.83,45657.33,45741.83,30744
2026-03-20T16:00:00+00:00,45741.83,45813.83,45728.33,45768.83,24593
2026-03-20T16:30:00+00:00,45768.83,45821.83,45678.83,45785.83,24094
2026-03-20T17:00:00+00:00,45785.83,45848.83,45726.33,45776.83,26227
2026-03-20T17:30:00+00:00,45776.83,45786.83,45669.83,45731.83,20248
2026-03-20T18:00:00+00:00,45731.83,45756.83,45510.83,45561.83,24148
2026-03-20T18:30:00+00:00,45561.83,45574.83,45452.83,45488.33,21212
2026-03-20T19:00:00+00:00,45488.33,45532.83,45421.83,45461.83,20429
2026-03-20T19:30:00+00:00,45461.83,45580.83,45315.83,45556.83,32618
2026-03-20T20:00:00+00:00,45556.83,45742.09,45542.09,45668.59,8443
2026-03-20T20:30:00+00:00,45668.59,45736.59,45659.59,45718.73,2215
2026-03-22T22:00:00+00:00,45718.73,45718.73,45191.08,45598.58,8143
2026-03-22T22:30:00+00:00,45598.58,45629.08,45525.08,45544.58,7976
2026-03-22T23:00:00+00:00,45544.58,45603.58,45531.58,45533.58,5561
2026-03-22T23:30:00+00:00,45533.58,45545.58,45475.58,45511.08,8295
2026-03-23T00:00:00+00:00,45511.08,45627.08,45478.58,45566.08,15231
2026-03-23T00:30:00+00:00,45566.08,45583.08,45444.08,45453.08,17815
2026-03-23T01:00:00+00:00,45453.08,45583.08,45421.08,45572.08,15741
2026-03-23T01:30:00+00:00,45572.08,45620.08,45555.08,45591.08,13225
2026-03-23T02:00:00+00:00,45591.08,45629.08,45561.58,45589.58,9711
2026-03-23T02:30:00+00:00,45589.58,45591.08,45501.08,45527.08,6648
2026-03-23T03:00:00+00:00,45527.08,45555.08,45469.08,45480.08,6636
2026-03-23T03:30:00+00:00,45480.08,45484.58,45394.08,45399.08,7263
2026-03-23T04:00:00+00:00,45399.08,45448.58,45388.58,45434.58,5541
2026-03-23T04:30:00+00:00,45434.58,45462.58,45427.08,45452.08,4200
2026-03-23T05:00:00+00:00,45452.08,45493.08,45432.08,45440.58,6227
2026-03-23T05:30:00+00:00,45440.58,45460.58,45364.08,45426.08,8520
2026-03-23T06:00:00+00:00,45426.08,45431.09,45354.09,45361.59,10046
2026-03-23T06:30:00+00:00,45361.59,45370.59,45224.59,45272.09,10239
2026-03-23T07:00:00+00:00,45272.09,45354.59,45138.59,45168.59,16935
2026-03-23T07:30:00+00:00,45168.59,45274.59,45155.59,45215.59,17192
2026-03-23T08:00:00+00:00,45215.59,45336.59,45215.59,45281.09,26911
2026-03-23T08:30:00+00:00,45281.09,45403.59,45278.09,45359.59,18441
2026-03-23T09:00:00+00:00,45359.59,45407.09,45299.59,45349.59,18354
2026-03-23T09:30:00+00:00,45349.59,45350.59,45202.59,45245.09,16284
2026-03-23T10:00:00+00:00,45245.09,45313.59,45192.59,45198.09,15818
2026-03-23T10:30:00+00:00,45198.09,45336.09,45156.59,45257.59,16284
2026-03-23T11:00:00+00:00,45257.59,46896.59,45256.59,46444.59,31833.58787878788
2026-03-23T11:30:00+00:00,46444.59,46788.59,46123.59,46185.59,38252
2026-03-23T12:00:00+00:00,46185.59,46442.59,46087.59,46405.09,29786
2026-03-23T12:30:00+00:00,46405.09,46617.09,46269.59,46560.09,38800
2026-03-23T13:00:00+00:00,46560.09,46609.59,46316.59,46332.09,22148
2026-03-23T13:30:00+00:00,46332.09,46506.33,46158.83,46499.83,49848
2026-03-23T14:00:00+00:00,46499.83,46617.83,46374.83,46498.83,36592
2026-03-23T14:30:00+00:00,46498.83,46605.33,46437.33,46575.33,35503
2026-03-23T15:00:00+00:00,46575.33,46712.83,46565.83,46591.33,29017
2026-03-23T15:30:00+00:00,46591.33,46624.83,46249.83,46255.83,32259
2026-03-23T16:00:00+00:00,46255.83,46330.33,46090.83,46100.83,35198
2026-03-23T16:30:00+00:00,46100.83,46264.33,46092.83,46205.83,31084
2026-03-23T17:00:00+00:00,46205.83,46259.33,46116.33,46202.83,28371
2026-03-23T17:30:00+00:00,46202.83,46414.33,46202.83,46405.83,26334
2026-03-23T18:00:00+00:00,46405.83,46413.83,46280.33,46346.83,21463
2026-03-23T18:30:00+00:00,46346.83,46508.83,46346.83,46436.83,20808
2026-03-23T19:00:00+00:00,46436.83,46440.83,46295.83,46314.83,17520
2026-03-23T19:30:00+00:00,46314.83,46387.33,46186.33,46197.83,19205
2026-03-23T20:00:00+00:00,46197.83,46201.09,46120.09,46189.09,6337
2026-03-23T20:30:00+00:00,46189.09,46228.59,46176.59,46197.73,2397
2026-03-23T22:00:00+00:00,46197.73,46242.58,46151.08,46239.08,5454
2026-03-23T22:30:00+00:00,46239.08,46327.58,46213.08,46316.08,3400
2026-03-23T23:00:00+00:00,46316.08,46316.08,46277.08,46293.08,3324
2026-03-23T23:30:00+00:00,46293.08,46293.08,46228.08,46272.58,6016
2026-03-24T00:00:00+00:00,46272.58,46272.58,46035.58,46167.08,14582
2026-03-24T00:30:00+00:00,46167.08,46187.58,45951.08,46061.58,16098
2026-03-24T01:00:00+00:00,46061.58,46067.08,45952.08,46008.08,15764
2026-03-24T01:30:00+00:00,46008.08,46008.58,45915.58,45964.08,13403
2026-03-24T02:00:00+00:00,45964.08,46028.08,45915.08,46003.08,12522
2026-03-24T02:30:00+00:00,46003.08,46035.08,45963.58,45968.08,9817
2026-03-24T03:00:00+00:00,45968.08,46003.08,45945.08,45995.08,6676
2026-03-24T03:30:00+00:00,45995.08,46012.58,45940.58,46011.58,7645
2026-03-24T04:00:00+00:00,46011.58,46042.08,45969.08,45973.58,5290
2026-03-24T04:30:00+00:00,45973.58,45990.08,45956.58,45975.58,4245
2026-03-24T05:00:00+00:00,45975.58,46053.58,45871.08,45871.58,10470
2026-03-24T05:30:00+00:00,45871.58,45983.58,45865.58,45969.58,7774
2026-03-24T06:00:00+00:00,45969.58,46088.09,45963.59,46060.09,6976
2026-03-24T06:30:00+00:00,46060.09,46191.09,46060.09,46165.09,7262
2026-03-24T07:00:00+00:00,46165.09,46343.09,46150.59,46274.59,15314
2026-03-24T07:30:00+00:00,46274.59,46289.09,46219.59,46282.09,11676
2026-03-24T08:00:00+00:00,46282.09,46340.09,46143.59,46154.09,21767
2026-03-24T08:30:00+00:00,46154.09,46208.59,46096.59,46119.09,18482
2026-03-24T09:00:00+00:00,46119.09,46149.09,45986.09,46076.59,16855
2026-03-24T09:30:00+00:00,46076.59,46195.09,46061.09,46172.59,13419
2026-03-24T10:00:00+00:00,46172.59,46195.09,46085.59,46114.59,11680
2026-03-24T10:30:00+00:00,46114.59,46191.09,46093.09,46162.09,12454
2026-03-24T11:00:00+00:00,46162.09,46197.59,46098.59,46137.09,13478
2026-03-24T11:30:00+00:00,46137.09,46191.09,45998.09,46158.09,14924
2026-03-24T12:00:00+00:00,46158.09,46181.59,46050.09,46103.59,14220
2026-03-24T12:30:00+00:00,46103.59,46108.09,45920.59,45944.59,21222
2026-03-24T13:00:00+00:00,45944.59,45974.09,45793.09,45848.59,20871
2026-03-24T13:30:00+00:00,45848.59,45903.83,45744.83,45891.83,51975
2026-03-24T14:00:00+00:00,45891.83,46127.83,45866.83,46052.83,45388
2026-03-24T14:30:00+00:00,46052.83,46313.33,46017.83,46196.33,46299
2026-03-24T15:00:00+00:00,46196.33,46399.83,46196.33,46353.83,37662
2026-03-24T15:30:00+00:00,46353.83,46400.33,46230.33,46240.33,28602
2026-03-24T16:00:00+00:00,46240.33,46347.83,46201.83,46333.33,28649
2026-03-24T16:30:00+00:00,46333.33,46345.33,46204.33,46288.33,27894
2026-03-24T17:00:00+00:00,46288.33,46302.33,46096.83,46157.83,35300
2026-03-24T17:30:00+00:00,46157.83,46228.83,46077.33,46218.33,30183
2026-03-24T18:00:00+00:00,46218.33,46263.83,46139.83,46236.83,26433
2026-03-24T18:30:00+00:00,46236.83,46376.83,46212.83,46243.83,21970
2026-03-24T19:00:00+00:00,46243.83,46310.33,46219.83,46226.83,16220
2026-03-24T19:30:00+00:00,46226.83,46247.83,46091.83,46116.33,21083
2026-03-24T20:00:00+00:00,46116.33,46600.59,46110.09,46385.59,17984
2026-03-24T20:30:00+00:00,46385.59,46560.09,46352.09,46392.23,23426
2026-03-24T22:00:00+00:00,46392.23,46486.58,46372.58,46397.08,6773
2026-03-24T22:30:00+00:00,46397.08,46463.58,46397.08,46456.08,3398
2026-03-24T23:00:00+00:00,46456.08,46485.58,46416.58,46464.08,4124
2026-03-24T23:30:00+00:00,46464.08,46475.58,46430.08,46440.08,3547
2026-03-25T00:00:00+00:00,46440.08,46504.58,46409.58,46463.58,9248
2026-03-25T00:30:00+00:00,46463.58,46593.58,46403.58,46528.08,10570
2026-03-25T01:00:00+00:00,46528.08,46560.08,46504.58,46528.08,12411
2026-03-25T01:30:00+00:00,46528.08,46555.58,46477.08,46482.08,10792
2026-03-25T02:00:00+00:00,46482.08,46489.08,46429.08,46449.08,10908
2026-03-25T02:30:00+00:00,46449.08,46452.08,46401.58,46403.08,5835
2026-03-25T03:00:00+00:00,46403.08,46428.58,46374.58,46404.58,4971
2026-03-25T03:30:00+00:00,46404.58,46444.08,46391.58,46444.08,4241
2026-03-25T04:00:00+00:00,46444.08,46518.58,46439.58,46516.08,3858
2026-03-25T04:30:00+00:00,46516.08,46529.08,46492.58,46514.58,3230
2026-03-25T05:00:00+00:00,46514.58,46520.08,46478.58,46487.58,4292
2026-03-25T05:30:00+00:00,46487.58,46515.58,46445.58,46457.58,4853
2026-03-25T06:00:00+00:00,46457.58,46463.09,46408.59,46418.59,5812
2026-03-25T06:30:00+00:00,46418.59,46487.09,46398.09,46454.59,5327
2026-03-25T07:00:00+00:00,46454.59,46485.59,46418.09,46434.09,7681
2026-03-25T07:30:00+00:00,46434.09,46524.59,46430.09,46505.09,7963
2026-03-25T08:00:00+00:00,46505.09,46669.09,46495.09,46632.09,15710
2026-03-25T08:30:00+00:00,46632.09,46669.09,46478.59,46496.59,14457
2026-03-25T09:00:00+00:00,46496.59,46564.59,46466.09,46477.09,11394
2026-03-25T09:30:00+00:00,46477.09,46545.59,46420.59,46493.59,10577
2026-03-25T10:00:00+00:00,46493.59,46559.59,46480.59,46482.59,10426
2026-03-25T10:30:00+00:00,46482.59,46528.59,46473.59,46505.09,8138
2026-03-25T11:00:00+00:00,46505.09,46598.09,46504.09,46567.59,8308
2026-03-25T11:30:00+00:00,46567.59,46638.59,46500.09,46601.09,11542
2026-03-25T12:00:00+00:00,46601.09,46661.59,46410.59,46462.09,21595
2026-03-25T12:30:00+00:00,46462.09,46563.09,46369.09,46538.59,19596
2026-03-25T13:00:00+00:00,46538.59,46605.09,46503.59,46587.59,15041
2026-03-25T13:30:00+00:00,46587.59,46740.33,46372.33,46380.33,49237
2026-03-25T14:00:00+00:00,46380.33,46506.83,46314.83,46443.33,42642
2026-03-25T14:30:00+00:00,46443.33,46546.33,46414.33,46517.83,33289
2026-03-25T15:00:00+00:00,46517.83,46559.33,46185.83,46482.83,40456
2026-03-25T15:30:00+00:00,46482.83,46501.83,46354.83,46422.33,30139
2026-03-25T16:00:00+00:00,46422.33,46481.83,46340.83,46439.83,29822
2026-03-25T16:30:00+00:00,46439.83,46515.33,46411.83,46466.83,22208
2026-03-25T17:00:00+00:00,46466.83,46508.83,46414.83,46495.83,21779
2026-03-25T17:30:00+00:00,46495.83,46581.83,46436.33,46468.33,21107
2026-03-25T18:00:00+00:00,46468.33,46539.33,46448.83,46464.83,16709
2026-03-25T18:30:00+00:00,46464.83,46500.33,46357.33,46426.83,17391
2026-03-25T19:00:00+00:00,46426.83,46477.83,46374.83,46426.33,18389
2026-03-25T19:30:00+00:00,46426.33,46466.33,46366.33,46427.83,18672
2026-03-25T20:00:00+00:00,46427.83,46458.09,46383.59,46385.59,4632
2026-03-25T20:30:00+00:00,46385.59,46416.09,46378.09,46410.73,2392
2026-03-25T22:00:00+00:00,46410.73,46437.08,46339.58,46351.58,4214
2026-03-25T22:30:00+00:00,46351.58,46382.08,46351.58,46357.08,2351
2026-03-25T23:00:00+00:00,46357.08,46379.58,46310.08,46330.08,2695
2026-03-25T23:30:00+00:00,46330.08,46365.58,46301.58,46358.58,3237
2026-03-26T00:00:00+00:00,46358.58,46457.08,46355.58,46421.58,5441
2026-03-26T00:30:00+00:00,46421.58,46441.58,46346.58,46370.08,4815
2026-03-26T01:00:00+00:00,46370.08,46408.08,46347.58,46368.08,8306
2026-03-26T01:30:00+00:00,46368.08,46390.08,46359.58,46377.58,7136
2026-03-26T02:00:00+00:00,46377.58,46400.08,46338.08,46344.58,6371
2026-03-26T02:30:00+00:00,46344.58,46352.58,46240.58,46284.58,8059
2026-03-26T03:00:00+00:00,46284.58,46337.08,46273.58,46330.58,4147
2026-03-26T03:30:00+00:00,46330.58,46437.58,46328.58,46397.58,5919
2026-03-26T04:00:00+00:00,46397.58,46404.08,46360.58,46369.08,3836
2026-03-26T04:30:00+00:00,46369.08,46374.58,46315.08,46323.08,3392
2026-03-26T05:00:00+00:00,46323.08,46344.08,46250.58,46264.08,6489
2026-03-26T05:30:00+00:00,46264.08,46295.08,46230.08,46233.08,5291
2026-03-26T06:00:00+00:00,46233.08,46286.59,46213.09,46279.09,7668
2026-03-26T06:30:00+00:00,46279.09,46293.09,46254.59,46285.59,5698
2026-03-26T07:00:00+00:00,46285.59,46292.59,46156.09,46231.59,9817
2026-03-26T07:30:00+00:00,46231.59,46267.59,46209.59,46249.09,5904
2026-03-26T08:00:00+00:00,46249.09,46316.59,46188.59,46191.09,13149
2026-03-26T08:30:00+00:00,46191.09,46220.59,46131.09,46190.09,11491
2026-03-26T09:00:00+00:00,46190.09,46216.09,46111.59,46116.59,11633
2026-03-26T09:30:00+00:00,46116.59,46127.09,46049.59,46105.59,10881
2026-03-26T10:00:00+00:00,46105.59,46177.09,46068.59,46167.59,9235
2026-03-26T10:30:00+00:00,46167.59,46190.09,46093.09,46116.09,9517
2026-03-26T11:00:00+00:00,46116.09,46148.59,46064.09,46090.09,8388
2026-03-26T11:30:00+00:00,46090.09,46100.09,46030.59,46033.09,8221
2026-03-26T12:00:00+00:00,46033.09,46127.09,45984.59,46090.59,10286
2026-03-26T12:30:00+00:00,46090.59,46090.59,46001.09,46078.09,12707
2026-03-26T13:00:00+00:00,46078.09,46164.09,46073.09,46163.09,11690
2026-03-26T13:30:00+00:00,46163.09,46518.83,46143.83,46513.83,51113
2026-03-26T14:00:00+00:00,46513.83,46527.83,46395.33,46448.33,41583
2026-03-26T14:30:00+00:00,46448.33,46551.83,46240.83,46325.83,45123
2026-03-26T15:00:00+00:00,46325.83,46389.33,46275.33,46277.83,34420
2026-03-26T15:30:00+00:00,46277.83,46277.83,46171.33,46214.83,26897
2026-03-26T16:00:00+00:00,46214.83,46242.83,46035.33,46054.33,23692
2026-03-26T16:30:00+00:00,46054.33,46104.33,46013.33,46098.33,22765
2026-03-26T17:00:00+00:00,46098.33,46138.33,45966.33,46010.33,19267
2026-03-26T17:30:00+00:00,46010.33,46052.33,45936.33,45949.33,19090
2026-03-26T18:00:00+00:00,45949.33,46020.33,45947.83,45992.33,19674
2026-03-26T18:30:00+00:00,45992.33,46057.83,45992.33,46036.33,15123
2026-03-26T19:00:00+00:00,46036.33,46042.33,45925.83,45950.33,16580
2026-03-26T19:30:00+00:00,45950.33,45966.33,45894.33,45936.33,18020
2026-03-26T20:00:00+00:00,45936.33,46466.09,45887.09,46095.09,24782
2026-03-26T20:30:00+00:00,46095.09,46132.59,46022.59,46025.23,10623
2026-03-26T22:00:00+00:00,46025.23,46107.08,46025.23,46070.58,7906
2026-03-26T22:30:00+00:00,46070.58,46135.08,46047.08,46112.58,6970
2026-03-26T23:00:00+00:00,46112.58,46131.08,46088.58,46103.08,3676
2026-03-26T23:30:00+00:00,46103.08,46175.58,46102.58,46166.58,3457
2026-03-27T00:00:00+00:00,46166.58,46209.08,46060.58,46086.08,9937
2026-03-27T00:30:00+00:00,46086.08,46110.58,46038.58,46049.08,9381
2026-03-27T01:00:00+00:00,46049.08,46124.58,46030.58,46123.58,8396
2026-03-27T01:30:00+00:00,46123.58,46134.58,46087.58,46123.58,5876
2026-03-27T02:00:00+00:00,46123.58,46142.58,46079.58,46099.58,5112
2026-03-27T02:30:00+00:00,46099.58,46124.58,46068.58,46072.58,3803
2026-03-27T03:00:00+00:00,46072.58,46091.08,46054.08,46067.58,3797
2026-03-27T03:30:00+00:00,46067.58,46133.58,46067.58,46131.58,3929
2026-03-27T04:00:00+00:00,46131.58,46133.58,46102.58,46124.58,2725
2026-03-27T04:30:00+00:00,46124.58,46152.58,46120.58,46146.08,2546
2026-03-27T05:00:00+00:00,46146.08,46227.58,46146.08,46191.08,5381
2026-03-27T05:30:00+00:00,46191.08,46209.58,46176.58,46181.58,4069
2026-03-27T06:00:00+00:00,46181.58,46222.09,46160.59,46206.09,5921
2026-03-27T06:30:00+00:00,46206.09,46206.09,46114.09,46131.09,4672
2026-03-27T07:00:00+00:00,46131.09,46133.09,46053.59,46059.09,5243
2026-03-27T07:30:00+00:00,46059.09,46102.59,46044.09,46079.59,6953
2026-03-27T08:00:00+00:00,46079.59,46104.59,45936.09,45946.59,16134
2026-03-27T08:30:00+00:00,45946.59,45991.09,45917.09,45927.09,11259
2026-03-27T09:00:00+00:00,45927.09,45961.59,45831.09,45944.59,13511
2026-03-27T09:30:00+00:00,45944.59,45971.59,45850.09,45862.09,10171
2026-03-27T10:00:00+00:00,45862.09,45923.09,45842.59,45876.09,9762
2026-03-27T10:30:00+00:00,45876.09,45898.09,45760.09,45772.09,10673
2026-03-27T11:00:00+00:00,45772.09,45788.59,45715.09,45787.09,11946
2026-03-27T11:30:00+00:00,45787.09,45845.09,45753.09,45797.09,9489
2026-03-27T12:00:00+00:00,45797.09,45806.09,45732.09,45764.59,10837
2026-03-27T12:30:00+00:00,45764.59,45797.59,45732.59,45739.09,11297
2026-03-27T13:00:00+00:00,45739.09,45762.09,45656.59,45729.09,13441
2026-03-27T13:30:00+00:00,45729.09,45738.33,45414.83,45464.23,53565
2026-03-27T14:00:00+00:00,45464.23,45607.83,45419.33,45492.33,49581
2026-03-27T14:30:00+00:00,45492.33,45618.33,45469.83,45586.33,37394
2026-03-27T15:00:00+00:00,45586.33,45686.33,45497.33,45611.83,36965
2026-03-27T15:30:00+00:00,45611.83,45714.33,45527.33,45543.33,34933
2026-03-27T16:00:00+00:00,45543.33,45553.33,45406.33,45453.33,27982
2026-03-27T16:30:00+00:00,45453.33,45503.33,45396.33,45457.33,26144
2026-03-27T17:00:00+00:00,45457.33,45549.33,45337.33,45341.33,23769
2026-03-27T17:30:00+00:00,45341.33,45364.83,45262.33,45267.33,22606
2026-03-27T18:00:00+00:00,45267.33,45282.33,45179.33,45207.33,22454
2026-03-27T18:30:00+00:00,45207.33,45288.33,45198.33,45214.83,19619
2026-03-27T19:00:00+00:00,45214.83,45232.33,45146.33,45177.33,19774
2026-03-27T19:30:00+00:00,45177.33,45201.33,45038.33,45123.83,29117
2026-03-27T20:00:00+00:00,45123.83,45146.59,44997.09,45040.09,11415
2026-03-27T20:30:00+00:00,45040.09,45066.59,45022.59,45043.73,2672
2026-03-29T22:00:00+00:00,45043.73,45043.73,44798.23,44917.48,11056
2026-03-29T22:30:00+00:00,44917.48,44946.98,44838.48,44937.98,9927
2026-03-29T23:00:00+00:00,44937.98,44975.98,44880.98,44897.48,7195
2026-03-29T23:30:00+00:00,44897.48,44898.98,44825.98,44864.48,13603
2026-03-30T00:00:00+00:00,44864.48,45026.48,44808.98,44956.48,29322
2026-03-30T00:30:00+00:00,44956.48,44968.98,44823.48,44867.98,25660
2026-03-30T01:00:00+00:00,44867.98,44908.98,44847.48,44902.48,21594
2026-03-30T01:30:00+00:00,44902.48,44971.48,44895.48,44965.98,14047
2026-03-30T02:00:00+00:00,44965.98,44999.48,44933.48,44952.48,12381
2026-03-30T02:30:00+00:00,44952.48,45087.98,44949.98,45058.98,10501
2026-03-30T03:00:00+00:00,45058.98,45145.98,45052.48,45125.48,8646
2026-03-30T03:30:00+00:00,45125.48,45129.98,45097.48,45114.98,7535
2026-03-30T04:00:00+00:00,45114.98,45165.48,45103.48,45152.48,4855
2026-03-30T04:30:00+00:00,45152.48,45167.98,45107.98,45114.98,4209
2026-03-30T05:00:00+00:00,45114.98,45187.98,45113.98,45159.48,6172
2026-03-30T05:30:00+00:00,45159.48,45183.48,45136.48,45166.48,6534
2026-03-30T06:00:00+00:00,45166.48,45228.98,45158.48,45197.98,9114
2026-03-30T06:30:00+00:00,45197.98,45294.48,45191.48,45247.98,6799
2026-03-30T07:00:00+00:00,45247.98,45285.48,45215.48,45237.48,10362
2026-03-30T07:30:00+00:00,45237.48,45336.48,45214.98,45322.98,9702
2026-03-30T08:00:00+00:00,45322.98,45378.98,45276.48,45356.48,11564
2026-03-30T08:30:00+00:00,45356.48,45389.98,45334.98,45379.48,8407
2026-03-30T09:00:00+00:00,45379.48,45391.98,45293.48,45311.98,9334
2026-03-30T09:30:00+00:00,45311.98,45340.48,45282.98,45323.98,8271
2026-03-30T10:00:00+00:00,45323.98,45367.98,45308.98,45348.48,7070
2026-03-30T10:30:00+00:00,45348.48,45388.48,45307.48,45387.98,6822
2026-03-30T11:00:00+00:00,45387.98,45661.98,45386.48,45479.48,14754
2026-03-30T11:30:00+00:00,45479.48,45507.98,45405.98,45443.48,20165
2026-03-30T12:00:00+00:00,45443.48,45523.98,45400.48,45508.98,11539
2026-03-30T12:30:00+00:00,45508.98,45537.98,45490.48,45518.48,9185
2026-03-30T13:00:00+00:00,45518.48,45575.98,45467.48,45572.98,10452
2026-03-30T13:30:00+00:00,45572.98,45615.83,45273.33,45307.83,65317
2026-03-30T14:00:00+00:00,45307.83,45423.33,45301.33,45411.33,52964
2026-03-30T14:30:00+00:00,45411.33,45542.33,45316.83,45525.83,62293
2026-03-30T15:00:00+00:00,45525.83,45600.33,45425.83,45496.33,38463
2026-03-30T15:30:00+00:00,45496.33,45626.33,45467.33,45560.83,33143
2026-03-30T16:00:00+00:00,45560.83,45567.83,45436.33,45444.33,24514
2026-03-30T16:30:00+00:00,45444.33,45489.33,45379.83,45399.83,20958
2026-03-30T17:00:00+00:00,45399.83,45440.83,45271.33,45292.33,23914
2026-03-30T17:30:00+00:00,45292.33,45372.83,45227.83,45312.83,24979
2026-03-30T18:00:00+00:00,45312.83,45359.93000000001,45261.93000000001,45263.93000000001,20676.845422455022
2026-03-30T18:30:00+00:00,45263.93000000001,45327.93000000001,45209.93000000001,45235.43000000001,16782
2026-03-30T19:00:00+00:00,45235.43000000001,45254.93000000001,45052.93000000001,45071.93000000001,23009
2026-03-30T19:30:00+00:00,45071.93000000001,45269.43000000001,45059.43000000001,45208.93000000001,32986
2026-03-30T20:00:00+00:00,45208.93000000001,45214.08000000001,45149.58000000001,45177.08000000001,5641
2026-03-30T20:30:00+00:00,45177.08000000001,45200.33000000001,45161.58000000001,45199.83000000001,1607
2026-03-30T22:00:00+00:00,45199.83000000001,45270.58000000001,45199.83000000001,45246.58000000001,3637
2026-03-30T22:30:00+00:00,45246.58000000001,45253.58000000001,45220.58000000001,45231.08000000001,2809
2026-03-30T23:00:00+00:00,45231.08000000001,45231.58000000001,45117.58000000001,45147.08000000001,7124
2026-03-30T23:30:00+00:00,45147.08000000001,45158.08000000001,45116.58000000001,45156.58000000001,4811
2026-03-31T00:00:00+00:00,45156.58000000001,45201.58000000001,45041.08000000001,45118.58000000001,13984
2026-03-31T00:30:00+00:00,45118.58000000001,45533.58000000001,45092.08000000001,45445.08000000001,31589
2026-03-31T01:00:00+00:00,45445.08000000001,45598.58000000001,45353.08000000001,45581.58000000001,23112
2026-03-31T01:30:00+00:00,45581.58000000001,45698.08000000001,45580.08000000001,45610.58000000001,24783
2026-03-31T02:00:00+00:00,45610.58000000001,45672.08000000001,45583.08000000001,45653.08000000001,15431
2026-03-31T02:30:00+00:00,45653.08000000001,45736.08000000001,45638.58000000001,45679.08000000001,11979
2026-03-31T03:00:00+00:00,45679.08000000001,45720.08000000001,45649.08000000001,45659.58000000001,8541
2026-03-31T03:30:00+00:00,45659.58000000001,45676.58000000001,45619.08000000001,45621.08000000001,7242
2026-03-31T04:00:00+00:00,45621.08000000001,45657.08000000001,45601.08000000001,45611.58000000001,6412
2026-03-31T04:30:00+00:00,45611.58000000001,45637.58000000001,45574.08000000001,45589.08000000001,6805
2026-03-31T05:00:00+00:00,45589.08000000001,45610.08000000001,45516.08000000001,45586.08000000001,8617
2026-03-31T05:30:00+00:00,45586.08000000001,45652.58000000001,45581.08000000001,45620.58000000001,10120
2026-03-31T06:00:00+00:00,45620.58000000001,45625.58000000001,45552.08000000001,45586.08000000001,13087
2026-03-31T06:30:00+00:00,45586.08000000001,45605.08000000001,45537.58000000001,45573.58000000001,12584
2026-03-31T07:00:00+00:00,45573.58000000001,45597.58000000001,45504.08000000001,45562.08000000001,16957
2026-03-31T07:30:00+00:00,45562.08000000001,45732.08000000001,45562.08000000001,45727.08000000001,13188
2026-03-31T08:00:00+00:00,45727.08000000001,45730.08000000001,45632.08000000001,45639.58000000001,13402
2026-03-31T08:30:00+00:00,45639.58000000001,45649.58000000001,45573.08000000001,45601.58000000001,12108
2026-03-31T09:00:00+00:00,45601.58000000001,45678.08000000001,45598.58000000001,45623.08000000001,10664
2026-03-31T09:30:00+00:00,45623.08000000001,45655.08000000001,45572.08000000001,45598.08000000001,12288
2026-03-31T10:00:00+00:00,45598.08000000001,45651.58000000001,45574.58000000001,45612.08000000001,10129
2026-03-31T10:30:00+00:00,45612.08000000001,45621.08000000001,45481.08000000001,45577.58000000001,12007
2026-03-31T11:00:00+00:00,45577.58000000001,45824.08000000001,45552.58000000001,45691.08000000001,29248
2026-03-31T11:30:00+00:00,45691.08000000001,45740.08000000001,45651.58000000001,45707.58000000001,17119
2026-03-31T12:00:00+00:00,45707.58000000001,45809.58000000001,45590.08000000001,45735.58000000001,23882
2026-03-31T12:30:00+00:00,45735.58000000001,45790.08000000001,45684.83000000001,45687.58000000001,15337
2026-03-31T13:00:00+00:00,45687.58000000001,45725.58000000001,45656.58000000001,45702.08000000001,12958
2026-03-31T13:30:00+00:00,45702.08000000001,45866.43000000001,45532.93000000001,45864.43000000001,74168
2026-03-31T14:00:00+00:00,45864.43000000001,45889.93000000001,45655.93000000001,45786.93000000001,60333
2026-03-31T14:30:00+00:00,45786.93000000001,45798.93000000001,45478.43000000001,45523.93000000001,53621
2026-03-31T15:00:00+00:00,45523.93000000001,45835.93000000001,45523.43000000001,45688.93000000001,49943
2026-03-31T15:30:00+00:00,45688.93000000001,45741.43000000001,45627.93000000001,45635.93000000001,42251
2026-03-31T16:00:00+00:00,45635.93000000001,45806.93000000001,45615.93000000001,45764.43000000001,32904
2026-03-31T16:30:00+00:00,45764.43000000001,46333.43000000001,45732.43000000001,46083.93000000001,122085
2026-03-31T17:00:00+00:00,46083.93000000001,46218.43000000001,46056.93000000001,46133.43000000001,66119
2026-03-31T17:30:00+00:00,46133.43000000001,46237.93000000001,46094.93000000001,46130.93000000001,55583
2026-03-31T18:00:00+00:00,46130.93000000001,46254.93000000001,46130.93000000001,46206.93000000001,37031
2026-03-31T18:30:00+00:00,46206.93000000001,46284.43000000001,46175.43000000001,46255.93000000001,27564
2026-03-31T19:00:00+00:00,46255.93000000001,46295.93000000001,46190.43000000001,46257.93000000001,24475
2026-03-31T19:30:00+00:00,46257.93000000001,46398.43000000001,46247.93000000001,46331.93000000001,40546
2026-03-31T20:00:00+00:00,46331.93000000001,46394.08000000001,46299.08000000001,46371.58000000001,15461
2026-03-31T20:30:00+00:00,46371.58000000001,46377.08000000001,46308.08000000001,46317.83000000001,5089
2026-03-31T22:00:00+00:00,46317.83000000001,46349.08000000001,46274.83000000001,46318.08000000001,6492
2026-03-31T22:30:00+00:00,46318.08000000001,46330.08000000001,46296.08000000001,46321.58000000001,2361
2026-03-31T23:00:00+00:00,46321.58000000001,46332.58000000001,46290.58000000001,46326.08000000001,3126
2026-03-31T23:30:00+00:00,46326.08000000001,46419.08000000001,46322.08000000001,46404.08000000001,4767
2026-04-01T00:00:00+00:00,46404.08000000001,46422.58000000001,46370.08000000001,46402.08000000001,9585
2026-04-01T00:30:00+00:00,46402.08000000001,46449.08000000001,46358.58000000001,46447.08000000001,7296
2026-04-01T01:00:00+00:00,46447.08000000001,46458.58000000001,46372.08000000001,46434.08000000001,11740
2026-04-01T01:30:00+00:00,46434.08000000001,46446.08000000001,46378.08000000001,46390.58000000001,5642
2026-04-01T02:00:00+00:00,46390.58000000001,46418.58000000001,46372.08000000001,46377.58000000001,4267
2026-04-01T02:30:00+00:00,46377.58000000001,46388.08000000001,46350.08000000001,46374.08000000001,3912
2026-04-01T03:00:00+00:00,46374.08000000001,46395.08000000001,46365.58000000001,46375.58000000001,3642
2026-04-01T03:30:00+00:00,46375.58000000001,46398.08000000001,46372.08000000001,46377.58000000001,2804
2026-04-01T04:00:00+00:00,46377.58000000001,46395.58000000001,46370.08000000001,46391.08000000001,2332
2026-04-01T04:30:00+00:00,46391.08000000001,46415.58000000001,46386.58000000001,46403.08000000001,1760
2026-04-01T05:00:00+00:00,46403.08000000001,46488.08000000001,46398.58000000001,46457.08000000001,2895
2026-04-01T05:30:00+00:00,46457.08000000001,46482.08000000001,46433.08000000001,46466.08000000001,4027
2026-04-01T06:00:00+00:00,46466.08000000001,46600.58000000001,46464.08000000001,46591.58000000001,8052
2026-04-01T06:30:00+00:00,46591.58000000001,46673.08000000001,46581.08000000001,46656.58000000001,9881
2026-04-01T07:00:00+00:00,46656.58000000001,46678.08000000001,46606.58000000001,46630.08000000001,10605
2026-04-01T07:30:00+00:00,46630.08000000001,46682.08000000001,46527.58000000001,46541.08000000001,10830
2026-04-01T08:00:00+00:00,46541.08000000001,46600.08000000001,46467.08000000001,46560.58000000001,13577
2026-04-01T08:30:00+00:00,46560.58000000001,46613.58000000001,46479.83000000001,46573.58000000001,12210
2026-04-01T09:00:00+00:00,46573.58000000001,46608.58000000001,46467.08000000001,46513.08000000001,12206
2026-04-01T09:30:00+00:00,46513.08000000001,46608.08000000001,46511.08000000001,46583.58000000001,9714
2026-04-01T10:00:00+00:00,46583.58000000001,46612.08000000001,46549.58000000001,46569.08000000001,8145
2026-04-01T10:30:00+00:00,46569.08000000001,46677.08000000001,46543.58000000001,46662.58000000001,8760
2026-04-01T11:00:00+00:00,46662.58000000001,46715.58000000001,46649.58000000001,46689.58000000001,7980
2026-04-01T11:30:00+00:00,46689.58000000001,46751.58000000001,46681.58000000001,46725.58000000001,8364
2026-04-01T12:00:00+00:00,46725.58000000001,46730.08000000001,46587.58000000001,46618.83000000001,9179
2026-04-01T12:30:00+00:00,46618.83000000001,46851.08000000001,46500.58000000001,46522.58000000001,29361
2026-04-01T13:00:00+00:00,46522.58000000001,46626.58000000001,46473.58000000001,46623.08000000001,19860
2026-04-01T13:30:00+00:00,46623.08000000001,46748.93000000001,46473.93000000001,46627.93000000001,85197
2026-04-01T14:00:00+00:00,46627.93000000001,46676.93000000001,46521.43000000001,46597.43000000001,71177
2026-04-01T14:30:00+00:00,46597.43000000001,46791.93000000001,46504.93000000001,46751.43000000001,46036
2026-04-01T15:00:00+00:00,46751.43000000001,46791.93000000001,46726.93000000001,46740.93000000001,25777
2026-04-01T15:30:00+00:00,46740.93000000001,46816.43000000001,46714.93000000001,46789.93000000001,24434
2026-04-01T16:00:00+00:00,46789.93000000001,46808.43000000001,46710.93000000001,46716.43000000001,18306
2026-04-01T16:30:00+00:00,46716.43000000001,46771.43000000001,46688.93000000001,46758.93000000001,14149
2026-04-01T17:00:00+00:00,46758.93000000001,46809.43000000001,46747.43000000001,46797.93000000001,11874
2026-04-01T17:30:00+00:00,46797.93000000001,46804.43000000001,46680.93000000001,46683.43000000001,15274
2026-04-01T18:00:00+00:00,46683.43000000001,46694.93000000001,46523.93000000001,46543.93000000001,36902
2026-04-01T18:30:00+00:00,46543.93000000001,46639.93000000001,46528.93000000001,46586.43000000001,31258
2026-04-01T19:00:00+00:00,46586.43000000001,46663.93000000001,46575.93000000001,46654.93000000001,21606
2026-04-01T19:30:00+00:00,46654.93000000001,46702.93000000001,46554.43000000001,46575.93000000001,28995
2026-04-01T20:00:00+00:00,46575.93000000001,46609.58000000001,46562.58000000001,46581.58000000001,7818
2026-04-01T20:30:00+00:00,46581.58000000001,46616.58000000001,46581.58000000001,46590.83000000001,2468
2026-04-01T22:00:00+00:00,46590.83000000001,46608.65000000001,46556.65000000001,46584.15000000001,3297
2026-04-01T22:30:00+00:00,46584.15000000001,46593.65000000001,46550.65000000001,46564.15000000001,4567
2026-04-01T23:00:00+00:00,46564.15000000001,46599.65000000001,46560.15000000001,46593.15000000001,2898
2026-04-01T23:30:00+00:00,46593.15000000001,46593.15000000001,46539.65000000001,46568.15000000001,3160
2026-04-02T00:00:00+00:00,46568.15000000001,46570.15000000001,46527.15000000001,46536.15000000001,10417
2026-04-02T00:30:00+00:00,46536.15000000001,46691.15000000001,46521.65000000001,46682.65000000001,12305
2026-04-02T01:00:00+00:00,46682.65000000001,46693.15000000001,46251.40000000001,46278.15000000001,30271
2026-04-02T01:30:00+00:00,46278.15000000001,46291.15000000001,46168.65000000001,46209.65000000001,31271
2026-04-02T02:00:00+00:00,46209.65000000001,46243.15000000001,46107.15000000001,46122.15000000001,18003
2026-04-02T02:30:00+00:00,46122.15000000001,46176.15000000001,46108.65000000001,46164.15000000001,11522
2026-04-02T03:00:00+00:00,46164.15000000001,46169.15000000001,46123.15000000001,46145.15000000001,7602
2026-04-02T03:30:00+00:00,46145.15000000001,46151.15000000001,46080.65000000001,46090.65000000001,8580
2026-04-02T04:00:00+00:00,46090.65000000001,46117.15000000001,46072.65000000001,46081.15000000001,7148
2026-04-02T04:30:00+00:00,46081.15000000001,46089.65000000001,46054.15000000001,46065.15000000001,4056
2026-04-02T05:00:00+00:00,46065.15000000001,46102.65000000001,46051.15000000001,46091.65000000001,5322
2026-04-02T05:30:00+00:00,46091.65000000001,46114.15000000001,46001.15000000001,46003.65000000001,7439
2026-04-02T06:00:00+00:00,46003.65000000001,46056.65000000001,45969.15000000001,46017.65000000001,9334
2026-04-02T06:30:00+00:00,46017.65000000001,46041.65000000001,45988.15000000001,46040.15000000001,7831
2026-04-02T07:00:00+00:00,46040.15000000001,46081.65000000001,46006.65000000001,46070.65000000001,12030
2026-04-02T07:30:00+00:00,46070.65000000001,46162.15000000001,46057.65000000001,46156.15000000001,8545
2026-04-02T08:00:00+00:00,46156.15000000001,46171.15000000001,46099.65000000001,46136.65000000001,9029
2026-04-02T08:30:00+00:00,46136.65000000001,46185.15000000001,46120.65000000001,46133.65000000001,7309
2026-04-02T09:00:00+00:00,46133.65000000001,46163.65000000001,46103.15000000001,46144.15000000001,6482
2026-04-02T09:30:00+00:00,46144.15000000001,46146.65000000001,46081.15000000001,46120.65000000001,6027
2026-04-02T10:00:00+00:00,46120.65000000001,46134.15000000001,46026.15000000001,46037.65000000001,7297
2026-04-02T10:30:00+00:00,46037.65000000001,46093.15000000001,46019.65000000001,46074.15000000001,8311
2026-04-02T11:00:00+00:00,46074.15000000001,46088.15000000001,45937.65000000001,45944.15000000001,9565
2026-04-02T11:30:00+00:00,45944.15000000001,45990.65000000001,45888.65000000001,45889.15000000001,9371
2026-04-02T12:00:00+00:00,45889.15000000001,45947.65000000001,45843.65000000001,45936.65000000001,11548
2026-04-02T12:30:00+00:00,45936.65000000001,45975.65000000001,45909.65000000001,45919.15000000001,13545
2026-04-02T13:00:00+00:00,45919.15000000001,46031.65000000001,45908.65000000001,46005.15000000001,16161
2026-04-02T13:30:00+00:00,46005.15000000001,46131.50000000001,45880.50000000001,46120.50000000001,80539
2026-04-02T14:00:00+00:00,46120.50000000001,46210.50000000001,46026.00000000001,46191.50000000001,61102
2026-04-02T14:30:00+00:00,46191.50000000001,46754.00000000001,46174.50000000001,46535.00000000001,107366
2026-04-02T15:00:00+00:00,46535.00000000001,46576.00000000001,46426.50000000001,46505.50000000001,65091
2026-04-02T15:30:00+00:00,46505.50000000001,46554.00000000001,46338.50000000001,46417.00000000001,45128
2026-04-02T16:00:00+00:00,46417.00000000001,46463.00000000001,46280.00000000001,46323.00000000001,35828
2026-04-02T16:30:00+00:00,46323.00000000001,46493.00000000001,46316.50000000001,46363.50000000001,34595
2026-04-02T17:00:00+00:00,46363.50000000001,46462.50000000001,46327.00000000001,46430.00000000001,23788
2026-04-02T17:30:00+00:00,46430.00000000001,46440.00000000001,46307.00000000001,46354.50000000001,23333
2026-04-02T18:00:00+00:00,46354.50000000001,46427.50000000001,46351.00000000001,46370.50000000001,22730
2026-04-02T18:30:00+00:00,46370.50000000001,46483.50000000001,46355.50000000001,46448.50000000001,18024
2026-04-02T19:00:00+00:00,46448.50000000001,46485.00000000001,46431.00000000001,46454.00000000001,16676
2026-04-02T19:30:00+00:00,46454.00000000001,46528.50000000001,46428.50000000001,46504.00000000001,20349
2026-04-02T20:00:00+00:00,46504.00000000001,46538.65000000001,46468.15000000001,46530.65000000001,5744
2026-04-02T20:30:00+00:00,46530.65000000001,46535.15000000001,46494.15000000001,46513.40000000001,2220
2026-04-02T22:00:00+00:00,46513.40000000001,46530.65000000001,46482.65000000001,46519.65000000001,2131
2026-04-02T22:30:00+00:00,46519.65000000001,46544.15000000001,46514.65000000001,46525.15000000001,1486
2026-04-02T23:00:00+00:00,46525.15000000001,46526.65000000001,46506.15000000001,46516.15000000001,1660.9047569043369
2026-04-02T23:30:00+00:00,46516.15000000001,46530.15000000001,46509.15000000001,46516.65000000001,1113
2026-04-03T00:00:00+00:00,46516.65000000001,46556.65000000001,46516.15000000001,46529.15000000001,4015
2026-04-03T00:30:00+00:00,46529.15000000001,46531.15000000001,46501.15000000001,46509.15000000001,2138
2026-04-03T01:00:00+00:00,46509.15000000001,46513.15000000001,46487.15000000001,46510.15000000001,1637
2026-04-03T01:30:00+00:00,46510.15000000001,46511.15000000001,46484.65000000001,46486.15000000001,1286
2026-04-03T02:00:00+00:00,46486.15000000001,46495.65000000001,46450.15000000001,46452.15000000001,1529
2026-04-03T02:30:00+00:00,46452.15000000001,46464.65000000001,46424.65000000001,46449.15000000001,2755
2026-04-03T03:00:00+00:00,46449.15000000001,46467.15000000001,46444.65000000001,46452.15000000001,1336
2026-04-03T03:30:00+00:00,46452.15000000001,46463.15000000001,46441.15000000001,46451.15000000001,997
2026-04-03T04:00:00+00:00,46451.15000000001,46467.15000000001,46450.15000000001,46456.15000000001,777
2026-04-03T04:30:00+00:00,46456.15000000001,46460.15000000001,46429.65000000001,46440.65000000001,995
2026-04-03T05:00:00+00:00,46440.65000000001,46458.65000000001,46426.65000000001,46441.65000000001,1246
2026-04-03T05:30:00+00:00,46441.65000000001,46476.15000000001,46441.65000000001,46458.15000000001,1239
2026-04-03T06:00:00+00:00,46458.15000000001,46460.15000000001,46432.15000000001,46440.15000000001,972
2026-04-03T06:30:00+00:00,46440.15000000001,46441.15000000001,46376.65000000001,46401.15000000001,2166
2026-04-03T07:00:00+00:00,46401.15000000001,46416.15000000001,46359.15000000001,46411.65000000001,1902
2026-04-03T07:30:00+00:00,46411.65000000001,46441.15000000001,46398.65000000001,46401.65000000001,1523
2026-04-03T08:00:00+00:00,46401.65000000001,46419.65000000001,46383.65000000001,46389.15000000001,1107
2026-04-03T08:30:00+00:00,46389.15000000001,46408.65000000001,46387.15000000001,46402.15000000001,947
2026-04-03T09:00:00+00:00,46402.15000000001,46418.65000000001,46396.65000000001,46412.15000000001,1240
2026-04-03T09:30:00+00:00,46412.15000000001,46420.65000000001,46401.65000000001,46402.15000000001,754
2026-04-03T10:00:00+00:00,46402.15000000001,46411.15000000001,46385.15000000001,46390.15000000001,1133
2026-04-03T10:30:00+00:00,46390.15000000001,46416.15000000001,46378.15000000001,46411.15000000001,866
2026-04-03T11:00:00+00:00,46411.15000000001,46434.15000000001,46369.15000000001,46433.15000000001,1910
2026-04-03T11:30:00+00:00,46433.15000000001,46456.15000000001,46428.65000000001,46436.15000000001,1528
2026-04-03T12:00:00+00:00,46436.15000000001,46479.15000000001,46410.15000000001,46466.15000000001,3653
2026-04-03T12:30:00+00:00,46466.15000000001,46666.65000000001,46361.65000000001,46386.15000000001,10914
2026-04-03T13:00:00+00:00,46386.15000000001,46421.15000000001,46369.15000000001,46399.65000000001,1368
2026-04-05T22:00:00+00:00,46401.55,46401.55,46151.32,46243.32,10662
2026-04-05T22:30:00+00:00,46243.32,46300.82,46237.32,46287.82,4725.481400379906
2026-04-05T23:00:00+00:00,46287.82,46311.82,46227.82,46242.82,8514
2026-04-05T23:30:00+00:00,46242.82,46282.32,46236.82,46280.82,3084
2026-04-06T00:00:00+00:00,46280.82,46378.32,46269.82,46331.32,12731
2026-04-06T00:30:00+00:00,46331.32,46389.82,46329.82,46381.32,6377
2026-04-06T01:00:00+00:00,46381.32,46451.82,46376.32,46434.82,4869
2026-04-06T01:30:00+00:00,46434.82,46439.82,46386.82,46405.32,4477
2026-04-06T02:00:00+00:00,46405.32,46556.82,46397.32,46549.32,10110
2026-04-06T02:30:00+00:00,46549.32,46553.82,46427.32,46433.32,6877
2026-04-06T03:00:00+00:00,46433.32,46435.82,46295.82,46369.32,8484.083606834714
2026-04-06T03:30:00+00:00,46369.32,46410.32,46358.32,46405.82,4910
2026-04-06T04:00:00+00:00,46405.82,46446.82,46396.32,46423.32,3904
2026-04-06T04:30:00+00:00,46423.32,46453.32,46415.82,46442.32,3133
2026-04-06T05:00:00+00:00,46442.32,46466.82,46439.82,46440.82,3104
2026-04-06T05:30:00+00:00,46440.82,46445.32,46396.32,46417.32,4091
2026-04-06T06:00:00+00:00,46417.32,46496.82,46402.82,46430.82,5078
2026-04-06T06:30:00+00:00,46430.82,46537.82,46417.32,46479.82,7642
2026-04-06T07:00:00+00:00,46479.82,46488.82,46413.82,46453.82,5727
2026-04-06T07:30:00+00:00,46453.82,46576.82,46449.82,46548.82,5738
2026-04-06T08:00:00+00:00,46548.82,46599.82,46539.32,46574.32,6384
2026-04-06T08:30:00+00:00,46574.32,46618.82,46564.32,46597.32,3975
2026-04-06T09:00:00+00:00,46597.32,46633.32,46593.32,46602.32,4166
2026-04-06T09:30:00+00:00,46602.32,46613.32,46526.32,46537.32,4461
2026-04-06T10:00:00+00:00,46537.32,46571.82,46508.32,46521.82,3852
2026-04-06T10:30:00+00:00,46521.82,46547.82,46430.82,46502.32,8027
2026-04-06T11:00:00+00:00,46502.32,46502.32,46457.32,46477.82,7459
2026-04-06T11:30:00+00:00,46477.82,46497.82,46465.82,46470.32,4709
2026-04-06T12:00:00+00:00,46470.32,46485.32,46451.82,46476.32,4665
2026-04-06T12:30:00+00:00,46476.32,46556.32,46464.82,46515.82,6491
2026-04-06T13:00:00+00:00,46515.82,46523.82,46433.82,46442.32,8285
2026-04-06T13:30:00+00:00,46442.32,46604.17,46374.67,46603.67,48501
2026-04-06T14:00:00+00:00,46603.67,46728.17,46462.67,46684.17,43859
2026-04-06T14:30:00+00:00,46684.17,46734.67,46563.17,46624.17,37312
2026-04-06T15:00:00+00:00,46624.17,46651.17,46575.67,46600.17,25314
2026-04-06T15:30:00+00:00,46600.17,46650.67,46547.17,46648.67,17277
2026-04-06T16:00:00+00:00,46648.67,46662.67,46614.17,46636.67,12656
2026-04-06T16:30:00+00:00,46636.67,46690.67,46625.17,46654.17,12270
2026-04-06T17:00:00+00:00,46654.17,46657.67,46487.17,46592.67,16137
2026-04-06T17:30:00+00:00,46592.67,46631.67,46543.67,46549.67,10718
2026-04-06T18:00:00+00:00,46549.67,46704.17,46539.17,46678.17,12117
2026-04-06T18:30:00+00:00,46678.17,46696.17,46612.17,46655.17,10708
2026-04-06T19:00:00+00:00,46655.17,46672.17,46622.67,46624.17,9283
2026-04-06T19:30:00+00:00,46624.17,46715.17,46619.17,46715.17,12033
2026-04-06T20:00:00+00:00,46715.17,46855.32,46685.32,46831.82,6901
2026-04-06T20:30:00+00:00,46831.82,46841.82,46799.82,46813.57,1668
2026-04-06T22:00:00+00:00,46813.57,46846.32,46755.32,46776.82,6449
2026-04-06T22:30:00+00:00,46776.82,46782.82,46749.32,46750.82,3004
2026-04-06T23:00:00+00:00,46750.82,46782.32,46747.32,46749.82,1954
2026-04-06T23:30:00+00:00,46749.82,46771.82,46737.32,46740.82,1697
2026-04-07T00:00:00+00:00,46740.82,46830.82,46724.82,46779.32,8647
2026-04-07T00:30:00+00:00,46779.32,46782.82,46731.82,46735.82,5539
2026-04-07T01:00:00+00:00,46735.82,46758.82,46674.82,46698.82,8819
2026-04-07T01:30:00+00:00,46698.82,46702.82,46530.82,46543.82,10483
2026-04-07T02:00:00+00:00,46543.82,46572.32,46514.32,46566.82,8834
2026-04-07T02:30:00+00:00,46566.82,46609.82,46566.32,46598.32,5553
2026-04-07T03:00:00+00:00,46598.32,46610.32,46559.32,46588.32,4124
2026-04-07T03:30:00+00:00,46588.32,46612.32,46585.32,46596.32,3069
2026-04-07T04:00:00+00:00,46596.32,46611.32,46554.32,46585.32,4523
2026-04-07T04:30:00+00:00,46585.32,46630.32,46584.32,46613.32,4076
2026-04-07T05:00:00+00:00,46613.32,46630.82,46584.82,46589.32,3348
2026-04-07T05:30:00+00:00,46589.32,46614.32,46556.32,46607.82,4734
2026-04-07T06:00:00+00:00,46607.82,46632.32,46578.82,46629.32,6740
2026-04-07T06:30:00+00:00,46629.32,46638.82,46580.32,46618.82,5956
2026-04-07T07:00:00+00:00,46618.82,46640.32,46589.32,46597.32,10257
2026-04-07T07:30:00+00:00,46597.32,46637.32,46582.82,46622.32,7274
2026-04-07T08:00:00+00:00,46622.32,46790.32,46620.32,46748.32,20058
2026-04-07T08:30:00+00:00,46748.32,46816.82,46741.32,46784.82,12432
2026-04-07T09:00:00+00:00,46784.82,46853.32,46770.82,46834.32,10141
2026-04-07T09:30:00+00:00,46834.32,46844.32,46787.32,46811.32,8614
2026-04-07T10:00:00+00:00,46811.32,46837.32,46665.32,46731.32,17215
2026-04-07T10:30:00+00:00,46731.32,46741.82,46484.82,46512.82,17315
2026-04-07T11:00:00+00:00,46512.82,46588.82,46483.82,46532.32,13796
2026-04-07T11:30:00+00:00,46532.32,46537.32,46458.32,46514.82,11713
2026-04-07T12:00:00+00:00,46514.82,46597.32,46416.82,46589.07,17685
2026-04-07T12:30:00+00:00,46589.07,46677.32,46514.82,46573.32,14493
2026-04-07T13:00:00+00:00,46573.32,46624.32,46553.32,46613.82,13635
2026-04-07T13:30:00+00:00,46613.82,46644.17,46357.17,46396.17,49811
2026-04-07T14:00:00+00:00,46396.17,46502.67,46269.17,46489.17,44147
2026-04-07T14:30:00+00:00,46489.17,46579.17,46364.17,46366.17,36332
2026-04-07T15:00:00+00:00,46366.17,46397.67,46241.17,46341.17,35057
2026-04-07T15:30:00+00:00,46341.17,46383.67,46262.17,46341.67,26034
2026-04-07T16:00:00+00:00,46341.67,46580.67,46341.67,46468.17,32828
2026-04-07T16:30:00+00:00,46468.17,46528.17,46417.67,46478.17,22201
2026-04-07T17:00:00+00:00,46478.17,46527.67,46440.67,46455.17,19275
2026-04-07T17:30:00+00:00,46455.17,46638.17,46452.17,46522.17,24774
2026-04-07T18:00:00+00:00,46522.17,46552.67,46483.17,46509.67,17250
2026-04-07T18:30:00+00:00,46509.67,46515.67,46300.17,46344.67,19748
2026-04-07T19:00:00+00:00,46344.67,46600.67,46285.67,46511.67,32383
2026-04-07T19:30:00+00:00,46511.67,46666.17,46437.67,46627.67,33560
2026-04-07T20:00:00+00:00,46627.67,46699.82,46584.82,46646.82,12984
2026-04-07T20:30:00+00:00,46646.82,46743.82,46645.82,46686.07,13652
2026-04-07T22:00:00+00:00,46686.07,47144.82,46686.07,47012.32,13714
2026-04-07T22:30:00+00:00,47012.32,47595.32,46661.07,47586.82,5409
2026-04-07T23:00:00+00:00,47586.82,47639.82,47508.32,47588.32,11014
2026-04-07T23:30:00+00:00,47588.32,47636.82,47525.32,47564.82,12323
2026-04-08T00:00:00+00:00,47564.82,47597.82,47473.82,47494.32,15330
2026-04-08T00:30:00+00:00,47494.32,47567.32,47468.32,47552.32,10518
2026-04-08T01:00:00+00:00,47552.32,47606.82,47532.82,47541.82,8608
2026-04-08T01:30:00+00:00,47541.82,47632.32,47530.82,47609.82,5965
2026-04-08T02:00:00+00:00,47609.82,47654.32,47609.82,47632.32,3691
2026-04-08T02:30:00+00:00,47632.32,47688.32,47630.32,47683.32,3230
2026-04-08T03:00:00+00:00,47683.32,47698.82,47649.32,47655.32,2555
2026-04-08T03:30:00+00:00,47655.32,47663.32,47640.82,47653.82,2125
2026-04-08T04:00:00+00:00,47653.82,47709.82,47653.82,47701.82,2704
2026-04-08T04:30:00+00:00,47701.82,47717.32,47678.82,47680.82,2387
2026-04-08T05:00:00+00:00,47680.82,47730.82,47663.32,47727.32,3361
2026-04-08T05:30:00+00:00,47727.32,47789.32,47720.32,47772.32,5234
2026-04-08T06:00:00+00:00,47772.32,47796.32,47742.32,47767.82,7128
2026-04-08T06:30:00+00:00,47767.82,47785.32,47745.32,47748.82,6357
2026-04-08T07:00:00+00:00,47748.82,47779.32,47693.32,47743.32,10341
2026-04-08T07:30:00+00:00,47743.32,47749.82,47671.82,47676.32,8061
2026-04-08T08:00:00+00:00,47676.32,47721.32,47673.82,47703.82,8903
2026-04-08T08:30:00+00:00,47703.82,47756.32,47663.32,47755.82,9045
2026-04-08T09:00:00+00:00,47755.82,47808.32,47736.32,47782.82,6164
2026-04-08T09:30:00+00:00,47782.82,47842.82,47754.82,47806.82,7575
2026-04-08T10:00:00+00:00,47806.82,47830.82,47774.32,47827.32,6357
2026-04-08T10:30:00+00:00,47827.32,47901.82,47813.32,47869.32,5325
2026-04-08T11:00:00+00:00,47869.32,47960.82,47823.32,47946.32,8306
2026-04-08T11:30:00+00:00,47946.32,47967.82,47905.32,47912.32,9174
2026-04-08T12:00:00+00:00,47912.32,47936.32,47762.32,47859.32,18088
2026-04-08T12:30:00+00:00,47859.32,47904.32,47827.82,47865.32,10799
2026-04-08T13:00:00+00:00,47865.32,47947.32,47854.32,47946.32,11642
2026-04-08T13:30:00+00:00,47946.32,48085.67,47888.17,47942.17,70869
2026-04-08T14:00:00+00:00,47942.17,47990.67,47824.67,47831.67,46351
2026-04-08T14:30:00+00:00,47831.67,47851.67,47614.17,47695.67,44672
2026-04-08T15:00:00+00:00,47695.67,47756.67,47659.17,47707.67,29046
2026-04-08T15:30:00+00:00,47707.67,47886.17,47706.17,47869.67,19194
2026-04-08T16:00:00+00:00,47869.67,47922.67,47832.17,47849.17,17895
2026-04-08T16:30:00+00:00,47849.17,47895.17,47838.67,47876.17,11869
2026-04-08T17:00:00+00:00,47876.17,47908.67,47810.67,47827.17,15658
2026-04-08T17:30:00+00:00,47827.17,47918.17,47815.17,47913.17,15142
2026-04-08T18:00:00+00:00,47913.17,47986.17,47821.67,47870.67,29682
2026-04-08T18:30:00+00:00,47870.67,47903.67,47734.17,47743.67,20398
2026-04-08T19:00:00+00:00,47743.67,47847.67,47735.17,47774.17,22402
2026-04-08T19:30:00+00:00,47774.17,47982.67,47771.17,47964.67,23703
2026-04-08T20:00:00+00:00,47964.67,47984.82,47943.82,47954.82,5485
2026-04-08T20:30:00+00:00,47954.82,47960.32,47912.32,47926.57,2025
2026-04-08T22:00:00+00:00,47926.57,47982.11,47911.36,47933.11,4955
2026-04-08T22:30:00+00:00,47933.11,47962.11,47932.61,47942.11,2582
2026-04-08T23:00:00+00:00,47942.11,47971.61,47933.61,47942.61,2095
2026-04-08T23:30:00+00:00,47942.61,47948.11,47915.61,47922.61,2101
2026-04-09T00:00:00+00:00,47922.61,47957.61,47876.11,47930.61,6963
2026-04-09T00:30:00+00:00,47930.61,47971.61,47925.61,47933.61,5843
2026-04-09T01:00:00+00:00,47933.61,47950.11,47883.61,47900.61,5333
2026-04-09T01:30:00+00:00,47900.61,47928.61,47884.61,47916.11,4841
2026-04-09T02:00:00+00:00,47916.11,47923.11,47894.61,47901.11,3391
2026-04-09T02:30:00+00:00,47901.11,47925.61,47893.11,47893.61,2326
2026-04-09T03:00:00+00:00,47893.61,47907.11,47877.11,47879.61,1787
2026-04-09T03:30:00+00:00,47879.61,47916.61,47877.11,47909.61,2483
2026-04-09T04:00:00+00:00,47909.61,47919.11,47885.61,47896.11,1675
2026-04-09T04:30:00+00:00,47896.11,47910.11,47887.61,47894.61,1615
2026-04-09T05:00:00+00:00,47894.61,47920.61,47865.61,47915.61,3501
2026-04-09T05:30:00+00:00,47915.61,47935.61,47892.61,47906.11,2643
2026-04-09T06:00:00+00:00,47906.11,47938.11,47882.11,47895.11,4712
2026-04-09T06:30:00+00:00,47895.11,47904.61,47854.61,47889.61,5098
2026-04-09T07:00:00+00:00,47889.61,47908.61,47810.11,47832.11,6710
2026-04-09T07:30:00+00:00,47832.11,47842.61,47777.11,47812.11,5999
2026-04-09T08:00:00+00:00,47812.11,47827.61,47763.61,47780.61,6273
2026-04-09T08:30:00+00:00,47780.61,47813.11,47769.61,47777.11,5450
2026-04-09T09:00:00+00:00,47777.11,47819.61,47757.61,47806.61,4866
2026-04-09T09:30:00+00:00,47806.61,47814.11,47787.61,47803.61,3661
2026-04-09T10:00:00+00:00,47803.61,47817.61,47778.61,47796.11,5365
2026-04-09T10:30:00+00:00,47796.11,47821.61,47759.61,47763.11,5678
2026-04-09T11:00:00+00:00,47763.11,47793.11,47732.61,47737.61,5912
2026-04-09T11:30:00+00:00,47737.61,47814.61,47737.11,47796.61,6541
2026-04-09T12:00:00+00:00,47796.61,47820.11,47789.61,47801.36,5191
2026-04-09T12:30:00+00:00,47801.36,47848.61,47764.61,47814.61,10815
2026-04-09T13:00:00+00:00,47814.61,47818.61,47769.11,47796.61,8423
2026-04-09T13:30:00+00:00,47796.61,47928.46,47754.46,47923.46,47414
2026-04-09T14:00:00+00:00,47923.46,47932.96,47813.96,47852.46,31483
2026-04-09T14:30:00+00:00,47852.46,47870.46,47802.96,47849.46,25910
2026-04-09T15:00:00+00:00,47849.46,47928.96,47787.46,47899.46,22741
2026-04-09T15:30:00+00:00,47899.46,48135.46,47881.96,48129.46,46810
2026-04-09T16:00:00+00:00,48129.46,48277.46,48128.46,48231.96,26970
2026-04-09T16:30:00+00:00,48231.96,48303.96,48203.96,48299.46,19222
2026-04-09T17:00:00+00:00,48299.46,48358.46,48295.96,48325.46,15503
2026-04-09T17:30:00+00:00,48325.46,48386.96,48284.96,48360.46,16339
2026-04-09T18:00:00+00:00,48360.46,48367.46,48232.96,48254.46,30543
2026-04-09T18:30:00+00:00,48254.46,48275.96,48217.96,48239.96,15784
2026-04-09T19:00:00+00:00,48239.96,48309.96,48227.46,48279.46,13042
2026-04-09T19:30:00+00:00,48279.46,48319.46,48239.46,48242.46,16336
2026-04-09T20:00:00+00:00,48242.46,48256.61,48213.11,48232.61,4655
2026-04-09T20:30:00+00:00,48232.61,48258.61,48229.61,48247.86,2042
2026-04-09T22:00:00+00:00,48247.86,48247.86,48195.7,48209.7,3164
2026-04-09T22:30:00+00:00,48209.7,48238.7,48193.7,48206.2,3469
2026-04-09T23:00:00+00:00,48206.2,48214.2,48191.2,48206.2,1058
2026-04-09T23:30:00+00:00,48206.2,48225.7,48196.2,48207.2,1386
2026-04-10T00:00:00+00:00,48207.2,48215.7,48184.7,48211.2,3351
2026-04-10T00:30:00+00:00,48211.2,48233.7,48194.7,48227.7,2657
2026-04-10T01:00:00+00:00,48227.7,48229.2,48203.2,48228.7,2531
2026-04-10T01:30:00+00:00,48228.7,48251.7,48220.7,48223.7,2750
2026-04-10T02:00:00+00:00,48223.7,48226.7,48183.2,48191.2,2300
2026-04-10T02:30:00+00:00,48191.2,48197.7,48182.2,48190.7,1050
2026-04-10T03:00:00+00:00,48190.7,48203.2,48181.7,48182.7,1131
2026-04-10T03:30:00+00:00,48182.7,48216.2,48182.7,48207.7,1471
2026-04-10T04:00:00+00:00,48207.7,48210.7,48196.2,48201.2,1034
2026-04-10T04:30:00+00:00,48201.2,48204.2,48184.7,48187.2,821
2026-04-10T05:00:00+00:00,48187.2,48204.7,48187.2,48187.7,1161
2026-04-10T05:30:00+00:00,48187.7,48207.7,48186.2,48193.2,1312
2026-04-10T06:00:00+00:00,48193.2,48196.2,48162.7,48172.7,2186
2026-04-10T06:30:00+00:00,48172.7,48177.7,48154.2,48167.7,2347
2026-04-10T07:00:00+00:00,48167.7,48193.2,48155.7,48193.2,3615
2026-04-10T07:30:00+00:00,48193.2,48222.7,48187.2,48211.2,3326
2026-04-10T08:00:00+00:00,48211.2,48217.2,48159.2,48178.2,3784
2026-04-10T08:30:00+00:00,48178.2,48192.2,48114.2,48122.2,3191
2026-04-10T09:00:00+00:00,48122.2,48245.2,48122.2,48197.2,8181
2026-04-10T09:30:00+00:00,48197.2,48219.7,48161.7,48209.2,5731
2026-04-10T10:00:00+00:00,48209.2,48222.2,48171.2,48212.2,3241
2026-04-10T10:30:00+00:00,48212.2,48236.2,48200.2,48218.2,3135
2026-04-10T11:00:00+00:00,48218.2,48256.7,48217.2,48234.2,3110
2026-04-10T11:30:00+00:00,48234.2,48248.2,48203.2,48219.7,3098
2026-04-10T12:00:00+00:00,48219.7,48276.7,48212.2,48245.2,4450
2026-04-10T12:30:00+00:00,48245.2,48350.2,48230.7,48244.7,7401
2026-04-10T13:00:00+00:00,48244.7,48267.2,48222.2,48257.2,5969
2026-04-10T13:30:00+00:00,48257.2,48285.05,47987.05,48084.55,41845
2026-04-10T14:00:00+00:00,48084.55,48163.05,48035.55,48158.05,24414
2026-04-10T14:30:00+00:00,48158.05,48179.05,48062.55,48094.55,24447
2026-04-10T15:00:00+00:00,48094.55,48127.05,48069.55,48082.05,17741
2026-04-10T15:30:00+00:00,48082.05,48105.05,47978.05,47990.05,23751
2026-04-10T16:00:00+00:00,47990.05,48015.05,47953.55,47959.05,16429
2026-04-10T16:30:00+00:00,47959.05,47981.05,47905.05,47957.05,15979
2026-04-10T17:00:00+00:00,47957.05,47961.05,47908.05,47918.05,12583
2026-04-10T17:30:00+00:00,47918.05,47989.05,47908.05,47985.05,12165
2026-04-10T18:00:00+00:00,47985.05,48003.05,47947.05,47997.05,11788
2026-04-10T18:30:00+00:00,47997.05,48010.05,47964.05,47975.55,8774
2026-04-10T19:00:00+00:00,47975.55,47993.05,47950.55,47960.05,8729
2026-04-10T19:30:00+00:00,47960.05,47973.55,47906.05,47961.05,13869
2026-04-10T20:00:00+00:00,47961.05,47977.7,47925.7,47974.2,3729
2026-04-10T20:30:00+00:00,47974.2,47986.7,47969.7,47983.95,785
2026-04-12T22:00:00+00:00,47983.95,47983.95,47354.869999999995,47364.369999999995,7059
2026-04-12T22:30:00+00:00,47364.369999999995,47441.369999999995,47354.369999999995,47433.869999999995,4741
2026-04-12T23:00:00+00:00,47433.869999999995,47435.869999999995,47394.869999999995,47412.869999999995,2393
2026-04-12T23:30:00+00:00,47412.869999999995,47456.369999999995,47390.369999999995,47454.369999999995,2863
2026-04-13T00:00:00+00:00,47454.369999999995,47491.869999999995,47418.369999999995,47469.869999999995,6398
2026-04-13T00:30:00+00:00,47469.869999999995,47546.869999999995,47465.869999999995,47545.869999999995,4092
2026-04-13T01:00:00+00:00,47545.869999999995,47592.869999999995,47544.869999999995,47564.369999999995,4939
2026-04-13T01:30:00+00:00,47564.369999999995,47582.869999999995,47544.869999999995,47572.369999999995,3171
2026-04-13T02:00:00+00:00,47572.369999999995,47573.869999999995,47545.369999999995,47556.869999999995,2215
2026-04-13T02:30:00+00:00,47556.869999999995,47580.369999999995,47550.869999999995,47577.369999999995,1299
2026-04-13T03:00:00+00:00,47577.369999999995,47584.369999999995,47556.369999999995,47570.369999999995,1298
2026-04-13T03:30:00+00:00,47570.369999999995,47571.369999999995,47551.869999999995,47553.369999999995,1216
2026-04-13T04:00:00+00:00,47553.369999999995,47587.369999999995,47542.869999999995,47584.869999999995,1336
2026-04-13T04:30:00+00:00,47584.869999999995,47634.369999999995,47583.869999999995,47615.869999999995,1643
2026-04-13T05:00:00+00:00,47615.869999999995,47637.369999999995,47605.869999999995,47629.369999999995,1937
2026-04-13T05:30:00+00:00,47629.369999999995,47658.369999999995,47620.369999999995,47646.369999999995,1939
2026-04-13T06:00:00+00:00,47646.369999999995,47706.369999999995,47646.369999999995,47689.869999999995,3678
2026-04-13T06:30:00+00:00,47689.869999999995,47696.369999999995,47663.869999999995,47681.869999999995,2777
2026-04-13T07:00:00+00:00,47681.869999999995,47722.369999999995,47678.869999999995,47714.869999999995,4264
2026-04-13T07:30:00+00:00,47714.869999999995,47724.369999999995,47676.369999999995,47692.369999999995,3410
2026-04-13T08:00:00+00:00,47692.369999999995,47754.369999999995,47689.869999999995,47739.869999999995,5437
2026-04-13T08:30:00+00:00,47739.869999999995,47746.369999999995,47671.869999999995,47708.869999999995,4192
2026-04-13T09:00:00+00:00,47708.869999999995,47752.869999999995,47695.869999999995,47705.869999999995,3984
2026-04-13T09:30:00+00:00,47705.869999999995,47725.369999999995,47683.369999999995,47692.869999999995,2245
2026-04-13T10:00:00+00:00,47692.869999999995,47714.869999999995,47684.869999999995,47714.369999999995,2443
2026-04-13T10:30:00+00:00,47714.369999999995,47737.369999999995,47686.369999999995,47734.869999999995,3188
2026-04-13T11:00:00+00:00,47734.869999999995,47807.869999999995,47613.369999999995,47650.869999999995,7825
2026-04-13T11:30:00+00:00,47650.869999999995,47655.369999999995,47434.869999999995,47452.869999999995,9719
2026-04-13T12:00:00+00:00,47452.869999999995,47505.369999999995,47437.369999999995,47450.369999999995,6464
2026-04-13T12:30:00+00:00,47450.369999999995,47513.869999999995,47435.869999999995,47511.869999999995,6414
2026-04-13T13:00:00+00:00,47511.869999999995,47652.869999999995,47504.869999999995,47627.869999999995,6607
2026-04-13T13:30:00+00:00,47627.869999999995,47774.219999999994,47530.219999999994,47763.119999999995,53230
2026-04-13T14:00:00+00:00,47763.119999999995,47803.219999999994,47648.219999999994,47741.219999999994,34826
2026-04-13T14:30:00+00:00,47741.219999999994,47810.719999999994,47735.219999999994,47761.219999999994,19378
2026-04-13T15:00:00+00:00,47761.219999999994,47763.219999999994,47654.219999999994,47673.219999999994,18555
2026-04-13T15:30:00+00:00,47673.219999999994,47727.719999999994,47647.719999999994,47707.219999999994,14063
2026-04-13T16:00:00+00:00,47707.219999999994,47879.719999999994,47691.219999999994,47863.219999999994,21492
2026-04-13T16:30:00+00:00,47863.219999999994,48011.719999999994,47839.219999999994,47954.219999999994,27080
2026-04-13T17:00:00+00:00,47954.219999999994,48012.719999999994,47947.719999999994,47981.219999999994,10478
2026-04-13T17:30:00+00:00,47981.219999999994,47995.719999999994,47948.219999999994,47962.719999999994,8233
2026-04-13T18:00:00+00:00,47962.719999999994,48041.219999999994,47962.719999999994,48018.219999999994,7112
2026-04-13T18:30:00+00:00,48018.219999999994,48075.219999999994,48004.219999999994,48051.219999999994,8199
2026-04-13T19:00:00+00:00,48051.219999999994,48099.719999999994,48047.719999999994,48093.719999999994,7001
2026-04-13T19:30:00+00:00,48093.719999999994,48260.219999999994,48088.219999999994,48240.219999999994,15543
2026-04-13T20:00:00+00:00,48240.219999999994,48260.369999999995,48225.869999999995,48245.869999999995,4263
2026-04-13T20:30:00+00:00,48245.869999999995,48276.869999999995,48239.869999999995,48269.619999999995,1569
2026-04-13T22:00:00+00:00,48269.619999999995,48275.06999999999,48244.31999999999,48253.56999999999,772
2026-04-13T22:30:00+00:00,48253.56999999999,48264.56999999999,48248.56999999999,48260.06999999999,420.8520619681432
2026-04-13T23:00:00+00:00,48260.06999999999,48279.56999999999,48250.56999999999,48260.06999999999,1242
2026-04-13T23:30:00+00:00,48260.06999999999,48268.06999999999,48239.56999999999,48244.06999999999,943
2026-04-14T00:00:00+00:00,48244.06999999999,48250.06999999999,48215.56999999999,48238.06999999999,2645
2026-04-14T00:30:00+00:00,48238.06999999999,48268.56999999999,48237.06999999999,48255.56999999999,1919
2026-04-14T01:00:00+00:00,48255.56999999999,48256.06999999999,48237.06999999999,48251.56999999999,1470
2026-04-14T01:30:00+00:00,48251.56999999999,48272.06999999999,48240.56999999999,48254.06999999999,1466
2026-04-14T02:00:00+00:00,48254.06999999999,48276.56999999999,48248.56999999999,48269.06999999999,849
2026-04-14T02:30:00+00:00,48269.06999999999,48269.06999999999,48251.06999999999,48253.56999999999,644
2026-04-14T03:00:00+00:00,48253.56999999999,48254.06999999999,48232.56999999999,48236.06999999999,792
2026-04-14T03:30:00+00:00,48236.06999999999,48253.56999999999,48232.06999999999,48246.56999999999,1162
2026-04-14T04:00:00+00:00,48246.56999999999,48252.06999999999,48238.06999999999,48248.06999999999,774
2026-04-14T04:30:00+00:00,48248.06999999999,48248.06999999999,48236.56999999999,48240.06999999999,490
2026-04-14T05:00:00+00:00,48240.06999999999,48241.56999999999,48227.06999999999,48232.06999999999,661.6729688298416
2026-04-14T05:30:00+00:00,48232.06999999999,48234.06999999999,48217.06999999999,48226.06999999999,810
2026-04-14T06:00:00+00:00,48226.06999999999,48245.06999999999,48215.06999999999,48239.56999999999,1432
2026-04-14T06:30:00+00:00,48239.56999999999,48265.56999999999,48231.06999999999,48250.06999999999,1705
2026-04-14T07:00:00+00:00,48250.06999999999,48318.56999999999,48240.06999999999,48299.56999999999,7064
2026-04-14T07:30:00+00:00,48299.56999999999,48325.06999999999,48286.56999999999,48301.06999999999,3974
2026-04-14T08:00:00+00:00,48301.06999999999,48325.06999999999,48286.56999999999,48322.06999999999,4129
2026-04-14T08:30:00+00:00,48322.06999999999,48344.56999999999,48312.06999999999,48340.06999999999,2940
2026-04-14T09:00:00+00:00,48340.06999999999,48357.56999999999,48297.06999999999,48308.56999999999,2541
2026-04-14T09:30:00+00:00,48308.56999999999,48309.06999999999,48260.56999999999,48271.56999999999,2523
2026-04-14T10:00:00+00:00,48271.56999999999,48293.06999999999,48239.56999999999,48251.56999999999,3429
2026-04-14T10:30:00+00:00,48251.56999999999,48317.06999999999,48166.06999999999,48205.06999999999,6112
2026-04-14T11:00:00+00:00,48205.06999999999,48249.06999999999,48197.06999999999,48245.06999999999,3519
2026-04-14T11:30:00+00:00,48245.06999999999,48312.56999999999,48233.56999999999,48276.56999999999,4370
2026-04-14T12:00:00+00:00,48276.56999999999,48296.56999999999,48249.56999999999,48289.06999999999,5531
2026-04-14T12:30:00+00:00,48289.06999999999,48327.06999999999,48257.56999999999,48292.56999999999,5995
2026-04-14T13:00:00+00:00,48292.56999999999,48335.06999999999,48259.56999999999,48270.56999999999,6007
2026-04-14T13:30:00+00:00,48270.56999999999,48475.42,48212.42,48410.42,48157
2026-04-14T14:00:00+00:00,48410.42,48529.92,48402.42,48432.42,24754
2026-04-14T14:30:00+00:00,48432.42,48529.42,48409.42,48524.42,15838
2026-04-14T15:00:00+00:00,48524.42,48583.92,48460.42,48567.42,16425
2026-04-14T15:30:00+00:00,48567.42,48593.92,48544.42,48567.42,11743
2026-04-14T16:00:00+00:00,48567.42,48569.42,48521.92,48550.92,9444
2026-04-14T16:30:00+00:00,48550.92,48559.42,48481.92,48492.42,9020
2026-04-14T17:00:00+00:00,48492.42,48536.92,48492.42,48531.42,8507
2026-04-14T17:30:00+00:00,48531.42,48574.92,48528.92,48542.92,7216
2026-04-14T18:00:00+00:00,48542.92,48578.42,48465.92,48501.42,13532
2026-04-14T18:30:00+00:00,48501.42,48556.42,48493.42,48529.42,9575
2026-04-14T19:00:00+00:00,48529.42,48604.42,48523.42,48602.42,8741
2026-04-14T19:30:00+00:00,48602.42,48630.42,48559.42,48583.42,13943
2026-04-14T20:00:00+00:00,48583.42,48592.06999999999,48563.56999999999,48588.56999999999,3515
2026-04-14T20:30:00+00:00,48588.56999999999,48615.06999999999,48584.06999999999,48609.31999999999,1674
2026-04-14T22:00:00+00:00,48609.31999999999,48609.31999999999,48547.369999999995,48578.369999999995,2250
2026-04-14T22:30:00+00:00,48578.369999999995,48590.369999999995,48571.369999999995,48573.369999999995,551
2026-04-14T23:00:00+00:00,48573.369999999995,48586.369999999995,48570.869999999995,48584.869999999995,497
2026-04-14T23:30:00+00:00,48584.869999999995,48618.369999999995,48577.869999999995,48582.869999999995,2599
2026-04-15T00:00:00+00:00,48582.869999999995,48594.369999999995,48571.869999999995,48589.869999999995,2381
2026-04-15T00:30:00+00:00,48589.869999999995,48593.869999999995,48573.369999999995,48592.869999999995,1622
2026-04-15T01:00:00+00:00,48592.869999999995,48610.369999999995,48580.869999999995,48594.869999999995,1581
2026-04-15T01:30:00+00:00,48594.869999999995,48602.369999999995,48580.869999999995,48592.869999999995,1316
2026-04-15T02:00:00+00:00,48592.869999999995,48592.869999999995,48568.869999999995,48569.369999999995,912
2026-04-15T02:30:00+00:00,48569.369999999995,48571.869999999995,48549.369999999995,48565.369999999995,976
2026-04-15T03:00:00+00:00,48565.369999999995,48573.369999999995,48560.869999999995,48569.369999999995,597
2026-04-15T03:30:00+00:00,48569.369999999995,48599.369999999995,48567.869999999995,48590.869999999995,871
2026-04-15T04:00:00+00:00,48590.869999999995,48594.369999999995,48581.869999999995,48585.869999999995,593
2026-04-15T04:30:00+00:00,48585.869999999995,48592.369999999995,48569.369999999995,48571.869999999995,682
2026-04-15T05:00:00+00:00,48571.869999999995,48621.869999999995,48549.869999999995,48559.869999999995,3529
2026-04-15T05:30:00+00:00,48559.869999999995,48562.369999999995,48531.369999999995,48562.369999999995,2005
2026-04-15T06:00:00+00:00,48562.369999999995,48594.869999999995,48562.369999999995,48593.369999999995,2135
2026-04-15T06:30:00+00:00,48593.369999999995,48615.869999999995,48587.869999999995,48589.869999999995,1354
2026-04-15T07:00:00+00:00,48589.869999999995,48591.869999999995,48556.869999999995,48560.869999999995,2270
2026-04-15T07:30:00+00:00,48560.869999999995,48579.369999999995,48538.869999999995,48563.869999999995,2206
2026-04-15T08:00:00+00:00,48563.869999999995,48573.869999999995,48533.869999999995,48558.869999999995,2462
2026-04-15T08:30:00+00:00,48558.869999999995,48581.369999999995,48551.869999999995,48565.369999999995,1843
2026-04-15T09:00:00+00:00,48565.369999999995,48579.869999999995,48502.369999999995,48520.369999999995,4701
2026-04-15T09:30:00+00:00,48520.369999999995,48548.869999999995,48519.369999999995,48540.869999999995,2321
2026-04-15T10:00:00+00:00,48540.869999999995,48579.369999999995,48490.869999999995,48506.369999999995,4597
2026-04-15T10:30:00+00:00,48506.369999999995,48573.369999999995,48500.369999999995,48541.869999999995,4771
2026-04-15T11:00:00+00:00,48541.869999999995,48565.869999999995,48527.369999999995,48550.369999999995,3122
2026-04-15T11:30:00+00:00,48550.369999999995,48662.369999999995,48548.869999999995,48593.369999999995,5720
2026-04-15T12:00:00+00:00,48593.369999999995,48606.369999999995,48547.869999999995,48592.869999999995,5246
2026-04-15T12:30:00+00:00,48592.869999999995,48638.869999999995,48584.119999999995,48630.369999999995,3237
2026-04-15T13:00:00+00:00,48630.369999999995,48680.369999999995,48613.869999999995,48680.369999999995,3931
2026-04-15T13:30:00+00:00,48680.369999999995,48736.219999999994,48435.219999999994,48493.219999999994,42324
2026-04-15T14:00:00+00:00,48493.219999999994,48495.719999999994,48387.219999999994,48479.219999999994,22785
2026-04-15T14:30:00+00:00,48479.219999999994,48492.219999999994,48357.219999999994,48366.219999999994,16672
2026-04-15T15:00:00+00:00,48366.219999999994,48434.219999999994,48341.719999999994,48397.219999999994,14486
2026-04-15T15:30:00+00:00,48397.219999999994,48399.719999999994,48329.219999999994,48335.219999999994,11955
2026-04-15T16:00:00+00:00,48335.219999999994,48364.719999999994,48308.219999999994,48347.219999999994,9713
2026-04-15T16:30:00+00:00,48347.219999999994,48370.719999999994,48315.719999999994,48358.219999999994,15404
2026-04-15T17:00:00+00:00,48358.219999999994,48409.219999999994,48357.219999999994,48399.219999999994,8212
2026-04-15T17:30:00+00:00,48399.219999999994,48431.219999999994,48385.219999999994,48411.219999999994,6798
2026-04-15T18:00:00+00:00,48411.219999999994,48482.219999999994,48397.219999999994,48444.219999999994,13482
2026-04-15T18:30:00+00:00,48444.219999999994,48509.719999999994,48420.219999999994,48504.719999999994,7889
2026-04-15T19:00:00+00:00,48504.719999999994,48531.719999999994,48482.719999999994,48525.219999999994,7984
2026-04-15T19:30:00+00:00,48525.219999999994,48531.219999999994,48451.719999999994,48493.219999999994,12463
2026-04-15T20:00:00+00:00,48493.219999999994,48531.369999999995,48452.369999999995,48508.369999999995,3166
2026-04-15T20:30:00+00:00,48508.369999999995,48544.369999999995,48507.869999999995,48531.119999999995,1093
2026-04-15T22:00:00+00:00,48531.119999999995,48549.81,48505.06,48542.31,1272
2026-04-15T22:30:00+00:00,48542.31,48565.81,48542.31,48557.31,1124
2026-04-15T23:00:00+00:00,48557.31,48559.31,48545.81,48555.31,638.2765317919075
2026-04-15T23:30:00+00:00,48555.31,48574.31,48552.81,48568.31,636
2026-04-16T00:00:00+00:00,48568.31,48587.31,48557.31,48568.31,1798
2026-04-16T00:30:00+00:00,48568.31,48606.81,48568.31,48593.31,1440
2026-04-16T01:00:00+00:00,48593.31,48600.81,48577.81,48590.31,1168
2026-04-16T01:30:00+00:00,48590.31,48602.31,48565.31,48571.31,1306
2026-04-16T02:00:00+00:00,48571.31,48586.31,48566.81,48569.31,972
2026-04-16T02:30:00+00:00,48569.31,48581.31,48560.31,48566.31,705
2026-04-16T03:00:00+00:00,48566.31,48583.81,48563.31,48563.31,838
2026-04-16T03:30:00+00:00,48563.31,48567.31,48543.31,48543.31,842
2026-04-16T04:00:00+00:00,48543.31,48556.81,48535.31,48546.81,660
2026-04-16T04:30:00+00:00,48546.81,48548.31,48538.31,48546.81,438
2026-04-16T05:00:00+00:00,48546.81,48551.31,48531.31,48549.31,820
2026-04-16T05:30:00+00:00,48549.31,48560.31,48541.31,48552.31,1246
2026-04-16T06:00:00+00:00,48552.31,48571.81,48552.31,48563.81,1455
2026-04-16T06:30:00+00:00,48563.81,48573.81,48548.31,48564.31,1235
2026-04-16T07:00:00+00:00,48564.31,48568.31,48543.31,48557.31,1937
2026-04-16T07:30:00+00:00,48557.31,48561.31,48516.81,48526.31,1977
2026-04-16T08:00:00+00:00,48526.31,48535.31,48492.81,48500.81,3341
2026-04-16T08:30:00+00:00,48500.81,48526.81,48491.31,48516.31,2086
2026-04-16T09:00:00+00:00,48516.31,48527.31,48504.31,48509.31,1543
2026-04-16T09:30:00+00:00,48509.31,48520.81,48496.31,48513.31,1284
2026-04-16T10:00:00+00:00,48513.31,48543.81,48512.81,48539.31,1655
2026-04-16T10:30:00+00:00,48539.31,48556.81,48524.31,48533.81,2370
2026-04-16T11:00:00+00:00,48533.81,48548.81,48480.81,48548.81,2995
2026-04-16T11:30:00+00:00,48548.81,48589.81,48548.81,48583.81,2263
2026-04-16T12:00:00+00:00,48583.81,48598.31,48574.31,48589.81,2285
2026-04-16T12:30:00+00:00,48589.81,48632.81,48582.81,48617.31,2592
2026-04-16T13:00:00+00:00,48617.31,48637.81,48583.31,48610.81,3765
2026-04-16T13:30:00+00:00,48610.81,48703.659999999996,48428.159999999996,48483.159999999996,41205
2026-04-16T14:00:00+00:00,48483.159999999996,48492.659999999996,48361.159999999996,48398.159999999996,27248
2026-04-16T14:30:00+00:00,48398.159999999996,48468.659999999996,48367.659999999996,48453.659999999996,19870
2026-04-16T15:00:00+00:00,48453.659999999996,48604.659999999996,48452.159999999996,48472.659999999996,16704
2026-04-16T15:30:00+00:00,48472.659999999996,48591.659999999996,48449.659999999996,48588.159999999996,19641
2026-04-16T16:00:00+00:00,48588.159999999996,48619.659999999996,48576.659999999996,48609.659999999996,9172
2026-04-16T16:30:00+00:00,48609.659999999996,48615.159999999996,48500.659999999996,48510.659999999996,18186
2026-04-16T17:00:00+00:00,48510.659999999996,48532.159999999996,48467.659999999996,48522.659999999996,14502
2026-04-16T17:30:00+00:00,48522.659999999996,48567.659999999996,48512.659999999996,48540.159999999996,10702
2026-04-16T18:00:00+00:00,48540.159999999996,48608.159999999996,48529.159999999996,48560.659999999996,14706
2026-04-16T18:30:00+00:00,48560.659999999996,48592.159999999996,48548.659999999996,48569.659999999996,8754
2026-04-16T19:00:00+00:00,48569.659999999996,48616.159999999996,48565.659999999996,48596.659999999996,7527
2026-04-16T19:30:00+00:00,48596.659999999996,48638.659999999996,48591.659999999996,48597.159999999996,10024
2026-04-16T20:00:00+00:00,48597.159999999996,48628.81,48591.81,48624.31,2004
2026-04-16T20:30:00+00:00,48624.31,48665.31,48623.81,48661.06,969
2026-04-16T22:00:00+00:00,48661.06,48679.38999999999,48642.13999999999,48678.88999999999,655
2026-04-16T22:30:00+00:00,48678.88999999999,48687.38999999999,48676.88999999999,48684.38999999999,620
2026-04-16T23:00:00+00:00,48684.38999999999,48704.88999999999,48679.38999999999,48692.38999999999,444
2026-04-16T23:30:00+00:00,48692.38999999999,48705.38999999999,48682.88999999999,48688.38999999999,696
2026-04-17T00:00:00+00:00,48688.38999999999,48688.88999999999,48655.38999999999,48673.88999999999,2452
2026-04-17T00:30:00+00:00,48673.88999999999,48681.88999999999,48670.88999999999,48678.38999999999,1064
2026-04-17T01:00:00+00:00,48678.38999999999,48685.88999999999,48667.88999999999,48672.38999999999,1338
2026-04-17T01:30:00+00:00,48672.38999999999,48687.88999999999,48671.38999999999,48683.38999999999,1133
2026-04-17T02:00:00+00:00,48683.38999999999,48685.38999999999,48655.88999999999,48659.88999999999,915
2026-04-17T02:30:00+00:00,48659.88999999999,48671.38999999999,48658.88999999999,48667.88999999999,558
2026-04-17T03:00:00+00:00,48667.88999999999,48670.88999999999,48654.88999999999,48660.88999999999,549
2026-04-17T03:30:00+00:00,48660.88999999999,48665.88999999999,48655.88999999999,48662.38999999999,517
2026-04-17T04:00:00+00:00,48662.38999999999,48688.88999999999,48659.38999999999,48669.88999999999,708
2026-04-17T04:30:00+00:00,48669.88999999999,48694.38999999999,48665.38999999999,48681.88999999999,733
2026-04-17T05:00:00+00:00,48681.88999999999,48692.38999999999,48658.88999999999,48692.38999999999,968
2026-04-17T05:30:00+00:00,48692.38999999999,48719.38999999999,48675.38999999999,48715.88999999999,1154
2026-04-17T06:00:00+00:00,48715.88999999999,48730.88999999999,48699.88999999999,48705.38999999999,1500
2026-04-17T06:30:00+00:00,48705.38999999999,48718.38999999999,48681.88999999999,48705.38999999999,1596
2026-04-17T07:00:00+00:00,48705.38999999999,48739.38999999999,48705.38999999999,48721.38999999999,2192
2026-04-17T07:30:00+00:00,48721.38999999999,48758.38999999999,48711.38999999999,48750.38999999999,1915
2026-04-17T08:00:00+00:00,48750.38999999999,48755.88999999999,48733.88999999999,48743.88999999999,2308
2026-04-17T08:30:00+00:00,48743.88999999999,48769.88999999999,48734.88999999999,48766.88999999999,1712
2026-04-17T09:00:00+00:00,48766.88999999999,48779.88999999999,48747.88999999999,48773.88999999999,1766
2026-04-17T09:30:00+00:00,48773.88999999999,48786.38999999999,48765.38999999999,48776.88999999999,1981
2026-04-17T10:00:00+00:00,48776.88999999999,48777.88999999999,48755.88999999999,48763.88999999999,1702
2026-04-17T10:30:00+00:00,48763.88999999999,48779.38999999999,48750.88999999999,48776.88999999999,1945
2026-04-17T11:00:00+00:00,48776.88999999999,48813.88999999999,48773.88999999999,48803.38999999999,1702
2026-04-17T11:30:00+00:00,48803.38999999999,48853.38999999999,48803.38999999999,48848.38999999999,2096
2026-04-17T12:00:00+00:00,48848.38999999999,48958.38999999999,48835.88999999999,48954.38999999999,5653
2026-04-17T12:30:00+00:00,48954.38999999999,49173.38999999999,48944.88999999999,49166.38999999999,20278
2026-04-17T13:00:00+00:00,49166.38999999999,49217.88999999999,49096.88999999999,49110.88999999999,20060
2026-04-17T13:30:00+00:00,49110.88999999999,49381.74,49084.24,49352.74,61974
2026-04-17T14:00:00+00:00,49352.74,49583.24,49329.24,49547.24,29916
2026-04-17T14:30:00+00:00,49547.24,49687.24,49518.24,49597.74,24120
2026-04-17T15:00:00+00:00,49597.74,49658.74,49539.74,49568.24,26125
2026-04-17T15:30:00+00:00,49568.24,49711.24,49560.74,49694.24,20147
2026-04-17T16:00:00+00:00,49694.24,49740.24,49658.74,49687.74,12576
2026-04-17T16:30:00+00:00,49687.74,49761.24,49684.74,49738.24,9396
2026-04-17T17:00:00+00:00,49738.24,49749.24,49497.24,49551.74,26262
2026-04-17T17:30:00+00:00,49551.74,49609.24,49526.74,49577.74,15476
2026-04-17T18:00:00+00:00,49577.74,49590.74,49500.24,49527.24,17070
2026-04-17T18:30:00+00:00,49527.24,49555.24,49473.24,49491.24,11674
2026-04-17T19:00:00+00:00,49491.24,49509.24,49442.24,49443.24,10303
2026-04-17T19:30:00+00:00,49443.24,49531.74,49443.24,49475.24,15824
2026-04-17T20:00:00+00:00,49475.24,49519.13,49473.63,49494.13,3348
2026-04-17T20:30:00+00:00,49494.13,49508.13,49484.63,49494.88,597
2026-04-19T22:00:00+00:00,49494.88,49494.88,48922.52999999999,49008.27999999999,8581
2026-04-19T22:30:00+00:00,49008.27999999999,49095.77999999999,49001.77999999999,49049.77999999999,3543
2026-04-19T23:00:00+00:00,49049.77999999999,49066.27999999999,49020.27999999999,49028.77999999999,2360
2026-04-19T23:30:00+00:00,49028.77999999999,49030.77999999999,48976.77999999999,49001.77999999999,2323
2026-04-20T00:00:00+00:00,49001.77999999999,49061.77999999999,48972.77999999999,49041.27999999999,6414
2026-04-20T00:30:00+00:00,49041.27999999999,49044.27999999999,49013.27999999999,49040.77999999999,3235
2026-04-20T01:00:00+00:00,49040.77999999999,49086.27999999999,49040.77999999999,49077.27999999999,3394
2026-04-20T01:30:00+00:00,49077.27999999999,49140.27999999999,49077.27999999999,49130.77999999999,1872
2026-04-20T02:00:00+00:00,49130.77999999999,49134.77999999999,49109.77999999999,49128.27999999999,1600
2026-04-20T02:30:00+00:00,49128.27999999999,49135.77999999999,49112.27999999999,49129.77999999999,1159
2026-04-20T03:00:00+00:00,49129.77999999999,49139.27999999999,49115.77999999999,49133.77999999999,1082
2026-04-20T03:30:00+00:00,49133.77999999999,49143.77999999999,49101.27999999999,49103.77999999999,1249
2026-04-20T04:00:00+00:00,49103.77999999999,49117.27999999999,49095.77999999999,49113.27999999999,1053
2026-04-20T04:30:00+00:00,49113.27999999999,49141.77999999999,49100.27999999999,49133.27999999999,1197
2026-04-20T05:00:00+00:00,49133.27999999999,49136.77999999999,49098.27999999999,49100.27999999999,1619
2026-04-20T05:30:00+00:00,49100.27999999999,49109.77999999999,49075.77999999999,49108.77999999999,2948
2026-04-20T06:00:00+00:00,49108.77999999999,49128.27999999999,49104.27999999999,49121.27999999999,2915
2026-04-20T06:30:00+00:00,49121.27999999999,49181.27999999999,49101.27999999999,49154.77999999999,4952
2026-04-20T07:00:00+00:00,49154.77999999999,49204.77999999999,49142.27999999999,49160.27999999999,7197
2026-04-20T07:30:00+00:00,49160.27999999999,49168.27999999999,49077.77999999999,49110.27999999999,7828
2026-04-20T08:00:00+00:00,49110.27999999999,49153.27999999999,49079.27999999999,49149.27999999999,5828
2026-04-20T08:30:00+00:00,49149.27999999999,49207.77999999999,49121.27999999999,49201.27999999999,4302
2026-04-20T09:00:00+00:00,49201.27999999999,49230.27999999999,49170.27999999999,49196.77999999999,3635
2026-04-20T09:30:00+00:00,49196.77999999999,49217.27999999999,49184.77999999999,49197.27999999999,2260
2026-04-20T10:00:00+00:00,49197.27999999999,49267.77999999999,49197.27999999999,49230.77999999999,2912
2026-04-20T10:30:00+00:00,49230.77999999999,49234.77999999999,49189.27999999999,49191.77999999999,2374
2026-04-20T11:00:00+00:00,49191.77999999999,49198.27999999999,49150.77999999999,49177.77999999999,3586
2026-04-20T11:30:00+00:00,49177.77999999999,49240.27999999999,49170.77999999999,49235.77999999999,5359
2026-04-20T12:00:00+00:00,49235.77999999999,49268.27999999999,49213.77999999999,49242.77999999999,5459
2026-04-20T12:30:00+00:00,49242.77999999999,49300.27999999999,49230.27999999999,49275.77999999999,4881
2026-04-20T13:00:00+00:00,49275.77999999999,49383.27999999999,49256.77999999999,49383.27999999999,9920
2026-04-20T13:30:00+00:00,49383.27999999999,49519.13,49381.13,49479.63,43461
2026-04-20T14:00:00+00:00,49479.63,49505.13,49397.63,49455.63,25384
2026-04-20T14:30:00+00:00,49455.63,49460.13,49266.52999999999,49348.13,31821
2026-04-20T15:00:00+00:00,49348.13,49458.13,49318.63,49442.13,29953
2026-04-20T15:30:00+00:00,49442.13,49445.63,49378.13,49436.13,16829
2026-04-20T16:00:00+00:00,49436.13,49439.63,49347.63,49409.63,10912
2026-04-20T16:30:00+00:00,49409.63,49427.13,49369.63,49408.63,9686
2026-04-20T17:00:00+00:00,49408.63,49461.13,49383.13,49431.63,9446
2026-04-20T17:30:00+00:00,49431.63,49438.13,49369.63,49381.63,9305
2026-04-20T18:00:00+00:00,49381.63,49462.13,49355.13,49425.63,9742
2026-04-20T18:30:00+00:00,49425.63,49445.13,49387.63,49420.63,7018
2026-04-20T19:00:00+00:00,49420.63,49460.63,49420.63,49426.63,4976
2026-04-20T19:30:00+00:00,49426.63,49476.13,49397.63,49472.63,10655
2026-04-20T20:00:00+00:00,49472.63,49475.77999999999,49455.27999999999,49474.27999999999,2268
2026-04-20T20:30:00+00:00,49474.27999999999,49563.77999999999,49460.27999999999,49529.02999999999,4100
2026-04-20T22:00:00+00:00,49529.02999999999,49575.88,49517.63,49553.88,1472
2026-04-20T22:30:00+00:00,49553.88,49561.38,49540.38,49560.88,892
2026-04-20T23:00:00+00:00,49560.88,49563.38,49553.88,49555.38,438.74630071599046
2026-04-20T23:30:00+00:00,49555.38,49557.38,49537.38,49545.38,445
2026-04-21T00:00:00+00:00,49545.38,49551.88,49509.88,49511.88,2360
2026-04-21T00:30:00+00:00,49511.88,49554.88,49494.88,49553.38,3019
2026-04-21T01:00:00+00:00,49553.38,49555.38,49530.88,49555.38,1604
2026-04-21T01:30:00+00:00,49555.38,49587.88,49551.88,49563.38,1739
2026-04-21T02:00:00+00:00,49563.38,49572.38,49562.38,49569.88,874
2026-04-21T02:30:00+00:00,49569.88,49588.38,49557.38,49564.88,953
2026-04-21T03:00:00+00:00,49564.88,49568.38,49514.38,49531.88,1354
2026-04-21T03:30:00+00:00,49531.88,49537.38,49523.88,49534.88,692
2026-04-21T04:00:00+00:00,49534.88,49560.88,49534.88,49556.38,551
2026-04-21T04:30:00+00:00,49556.38,49565.38,49547.38,49557.38,735
2026-04-21T05:00:00+00:00,49557.38,49607.38,49556.88,49590.88,1346
2026-04-21T05:30:00+00:00,49590.88,49591.38,49562.38,49563.38,909
2026-04-21T06:00:00+00:00,49563.38,49579.38,49550.38,49563.38,1900
2026-04-21T06:30:00+00:00,49563.38,49569.38,49555.88,49558.38,1367
2026-04-21T07:00:00+00:00,49558.38,49559.38,49505.38,49545.38,4030
2026-04-21T07:30:00+00:00,49545.38,49586.88,49535.88,49545.88,2777
2026-04-21T08:00:00+00:00,49545.88,49576.88,49518.88,49570.38,3961
2026-04-21T08:30:00+00:00,49570.38,49595.88,49558.88,49578.88,2858
2026-04-21T09:00:00+00:00,49578.88,49582.38,49549.88,49572.88,2602
2026-04-21T09:30:00+00:00,49572.88,49757.38,49569.88,49754.88,4390
2026-04-21T10:00:00+00:00,49754.88,49773.88,49723.88,49741.88,3485
2026-04-21T10:30:00+00:00,49741.88,49796.38,49719.88,49775.38,3166
2026-04-21T11:00:00+00:00,49775.38,49799.88,49719.88,49794.38,5324
2026-04-21T11:30:00+00:00,49794.38,49820.88,49756.88,49758.38,3730
2026-04-21T12:00:00+00:00,49758.38,49782.88,49719.88,49766.38,4782
2026-04-21T12:30:00+00:00,49766.38,49787.38,49681.38,49714.88,9165
2026-04-21T13:00:00+00:00,49714.88,49769.38,49695.88,49767.38,6524
2026-04-21T13:30:00+00:00,49767.38,49882.729999999996,49663.729999999996,49814.729999999996,38084
2026-04-21T14:00:00+00:00,49814.729999999996,49854.729999999996,49704.229999999996,49729.729999999996,21922
2026-04-21T14:30:00+00:00,49729.729999999996,49745.729999999996,49458.729999999996,49467.729999999996,31314
2026-04-21T15:00:00+00:00,49467.729999999996,49498.729999999996,49346.229999999996,49379.229999999996,41871
2026-04-21T15:30:00+00:00,49379.229999999996,49428.229999999996,49329.729999999996,49392.729999999996,28487
2026-04-21T16:00:00+00:00,49392.729999999996,49472.729999999996,49365.729999999996,49399.729999999996,19437
2026-04-21T16:30:00+00:00,49399.729999999996,49435.229999999996,49319.729999999996,49320.729999999996,14653
2026-04-21T17:00:00+00:00,49320.729999999996,49368.729999999996,49185.729999999996,49257.729999999996,28045
2026-04-21T17:30:00+00:00,49257.729999999996,49452.729999999996,49247.729999999996,49326.729999999996,31526
2026-04-21T18:00:00+00:00,49326.729999999996,49368.229999999996,49219.729999999996,49249.729999999996,20566
2026-04-21T18:30:00+00:00,49249.729999999996,49353.729999999996,49226.729999999996,49304.729999999996,23455
2026-04-21T19:00:00+00:00,49304.729999999996,49407.729999999996,49285.229999999996,49404.729999999996,24491
2026-04-21T19:30:00+00:00,49404.729999999996,49405.729999999996,49067.729999999996,49177.729999999996,48283
2026-04-21T20:00:00+00:00,49177.729999999996,49441.88,49131.38,49314.88,20389
2026-04-21T20:30:00+00:00,49314.88,49363.88,49301.88,49323.63,4643
2026-04-21T22:00:00+00:00,49323.63,49387.03999999999,49323.63,49366.03999999999,2556
2026-04-21T22:30:00+00:00,49366.03999999999,49374.03999999999,49339.03999999999,49349.53999999999,1233
2026-04-21T23:00:00+00:00,49349.53999999999,49376.53999999999,49335.53999999999,49362.53999999999,960
2026-04-21T23:30:00+00:00,49362.53999999999,49388.53999999999,49350.53999999999,49387.03999999999,1211
2026-04-22T00:00:00+00:00,49387.03999999999,49430.03999999999,49387.03999999999,49416.03999999999,3274
2026-04-22T00:30:00+00:00,49416.03999999999,49423.03999999999,49393.03999999999,49395.53999999999,1929
2026-04-22T01:00:00+00:00,49395.53999999999,49417.03999999999,49394.03999999999,49403.03999999999,2035
2026-04-22T01:30:00+00:00,49403.03999999999,49437.03999999999,49398.53999999999,49420.03999999999,1968
2026-04-22T02:00:00+00:00,49420.03999999999,49439.03999999999,49419.53999999999,49435.53999999999,1299
2026-04-22T02:30:00+00:00,49435.53999999999,49437.53999999999,49415.53999999999,49419.03999999999,860
2026-04-22T03:00:00+00:00,49419.03999999999,49432.03999999999,49407.53999999999,49409.03999999999,846
2026-04-22T03:30:00+00:00,49409.03999999999,49421.03999999999,49389.03999999999,49396.03999999999,1050
2026-04-22T04:00:00+00:00,49396.03999999999,49411.53999999999,49386.53999999999,49390.03999999999,1032
2026-04-22T04:30:00+00:00,49390.03999999999,49395.53999999999,49369.53999999999,49371.03999999999,1162
2026-04-22T05:00:00+00:00,49371.03999999999,49491.53999999999,49367.03999999999,49446.03999999999,4957
2026-04-22T05:30:00+00:00,49446.03999999999,49468.03999999999,49441.53999999999,49447.03999999999,1892
2026-04-22T06:00:00+00:00,49447.03999999999,49449.03999999999,49402.53999999999,49434.53999999999,2320
2026-04-22T06:30:00+00:00,49434.53999999999,49471.53999999999,49433.03999999999,49458.53999999999,2477
2026-04-22T07:00:00+00:00,49458.53999999999,49491.53999999999,49431.53999999999,49473.03999999999,3840
2026-04-22T07:30:00+00:00,49473.03999999999,49490.03999999999,49438.03999999999,49455.53999999999,3839
2026-04-22T08:00:00+00:00,49455.53999999999,49466.03999999999,49371.53999999999,49382.53999999999,4376
2026-04-22T08:30:00+00:00,49382.53999999999,49414.03999999999,49344.03999999999,49409.53999999999,4207
2026-04-22T09:00:00+00:00,49409.53999999999,49459.53999999999,49402.53999999999,49445.03999999999,4686
2026-04-22T09:30:00+00:00,49445.03999999999,49457.03999999999,49377.03999999999,49405.53999999999,3412
2026-04-22T10:00:00+00:00,49405.53999999999,49439.03999999999,49370.53999999999,49428.03999999999,4891
2026-04-22T10:30:00+00:00,49428.03999999999,49450.53999999999,49409.53999999999,49432.53999999999,2588
2026-04-22T11:00:00+00:00,49432.53999999999,49445.53999999999,49405.53999999999,49422.53999999999,3568
2026-04-22T11:30:00+00:00,49422.53999999999,49493.53999999999,49422.03999999999,49487.03999999999,3796
2026-04-22T12:00:00+00:00,49487.03999999999,49576.53999999999,49482.53999999999,49513.53999999999,4927
2026-04-22T12:30:00+00:00,49513.53999999999,49532.53999999999,49454.53999999999,49457.53999999999,6653
2026-04-22T13:00:00+00:00,49457.53999999999,49576.03999999999,49444.03999999999,49571.03999999999,11050
2026-04-22T13:30:00+00:00,49571.03999999999,49626.88999999999,49459.88999999999,49620.88999999999,42953
2026-04-22T14:00:00+00:00,49620.88999999999,49654.38999999999,49555.38999999999,49595.38999999999,23454
2026-04-22T14:30:00+00:00,49595.38999999999,49607.38999999999,49507.88999999999,49570.38999999999,24409
2026-04-22T15:00:00+00:00,49570.38999999999,49588.88999999999,49509.38999999999,49570.38999999999,19236
2026-04-22T15:30:00+00:00,49570.38999999999,49578.38999999999,49469.38999999999,49508.38999999999,13297
2026-04-22T16:00:00+00:00,49508.38999999999,49537.88999999999,49435.88999999999,49441.38999999999,10029
2026-04-22T16:30:00+00:00,49441.38999999999,49493.38999999999,49418.88999999999,49429.38999999999,11849
2026-04-22T17:00:00+00:00,49429.38999999999,49524.38999999999,49421.38999999999,49482.88999999999,12524
2026-04-22T17:30:00+00:00,49482.88999999999,49499.38999999999,49425.38999999999,49431.88999999999,8128
2026-04-22T18:00:00+00:00,49431.88999999999,49441.38999999999,49360.38999999999,49399.38999999999,7437
2026-04-22T18:30:00+00:00,49399.38999999999,49425.38999999999,49380.38999999999,49393.38999999999,6271
2026-04-22T19:00:00+00:00,49393.38999999999,49446.38999999999,49366.38999999999,49441.38999999999,9446
2026-04-22T19:30:00+00:00,49441.38999999999,49525.88999999999,49407.38999999999,49509.88999999999,10448
2026-04-22T20:00:00+00:00,49509.88999999999,49516.53999999999,49288.03999999999,49327.03999999999,10393
2026-04-22T20:30:00+00:00,49327.03999999999,49338.53999999999,49263.03999999999,49334.78999999999,3107
2026-04-22T22:00:00+00:00,49334.78999999999,49377.899999999994,49315.149999999994,49339.399999999994,1873
2026-04-22T22:30:00+00:00,49339.399999999994,49341.399999999994,49323.399999999994,49331.399999999994,644
2026-04-22T23:00:00+00:00,49331.399999999994,49348.899999999994,49323.399999999994,49345.399999999994,750.327819443471
2026-04-22T23:30:00+00:00,49345.399999999994,49346.399999999994,49332.899999999994,49339.899999999994,634
2026-04-23T00:00:00+00:00,49339.899999999994,49340.399999999994,48977.899999999994,49295.399999999994,20896
2026-04-23T00:30:00+00:00,49295.399999999994,49331.399999999994,49267.899999999994,49305.899999999994,6878
2026-04-23T01:00:00+00:00,49305.899999999994,49306.399999999994,49236.899999999994,49241.899999999994,4321
2026-04-23T01:30:00+00:00,49241.899999999994,49263.899999999994,49213.399999999994,49223.899999999994,4406
2026-04-23T02:00:00+00:00,49223.899999999994,49238.899999999994,49175.399999999994,49193.899999999994,5277
2026-04-23T02:30:00+00:00,49193.899999999994,49220.399999999994,49174.899999999994,49183.899999999994,4485
2026-04-23T03:00:00+00:00,49183.899999999994,49212.399999999994,49157.899999999994,49160.899999999994,3752
2026-04-23T03:30:00+00:00,49160.899999999994,49174.899999999994,49131.899999999994,49165.899999999994,4086
2026-04-23T04:00:00+00:00,49165.899999999994,49189.899999999994,49145.399999999994,49183.899999999994,2413
2026-04-23T04:30:00+00:00,49183.899999999994,49208.899999999994,49179.899999999994,49202.899999999994,1654
2026-04-23T05:00:00+00:00,49202.899999999994,49211.399999999994,49175.899999999994,49189.899999999994,1924
2026-04-23T05:30:00+00:00,49189.899999999994,49220.399999999994,49168.899999999994,49213.899999999994,3004
2026-04-23T06:00:00+00:00,49213.899999999994,49252.899999999994,49213.899999999994,49239.899999999994,2582
2026-04-23T06:30:00+00:00,49239.899999999994,49246.899999999994,49212.399999999994,49238.399999999994,2391
2026-04-23T07:00:00+00:00,49238.399999999994,49262.399999999994,49222.399999999994,49249.399999999994,4001
2026-04-23T07:30:00+00:00,49249.399999999994,49293.899999999994,49233.399999999994,49267.899999999994,4558
2026-04-23T08:00:00+00:00,49267.899999999994,49302.899999999994,49227.399999999994,49266.899999999994,4893
2026-04-23T08:30:00+00:00,49266.899999999994,49269.399999999994,49202.899999999994,49216.399999999994,4333
2026-04-23T09:00:00+00:00,49216.399999999994,49257.899999999994,49177.899999999994,49238.899999999994,5595
2026-04-23T09:30:00+00:00,49238.899999999994,49261.899999999994,49213.399999999994,49218.899999999994,3742
2026-04-23T10:00:00+00:00,49218.899999999994,49218.899999999994,49101.399999999994,49139.899999999994,5589
2026-04-23T10:30:00+00:00,49139.899999999994,49211.899999999994,49137.899999999994,49203.899999999994,4357
2026-04-23T11:00:00+00:00,49203.899999999994,49260.399999999994,49142.899999999994,49161.899999999994,4816
2026-04-23T11:30:00+00:00,49161.899999999994,49296.899999999994,49140.399999999994,49291.399999999994,8752
2026-04-23T12:00:00+00:00,49291.399999999994,49387.899999999994,49286.399999999994,49322.399999999994,7323
2026-04-23T12:30:00+00:00,49322.399999999994,49333.899999999994,49179.649999999994,49259.899999999994,9249
2026-04-23T13:00:00+00:00,49259.899999999994,49299.899999999994,49205.399999999994,49292.899999999994,6058
2026-04-23T13:30:00+00:00,49292.899999999994,49392.74999999999,49239.24999999999,49336.74999999999,31291
2026-04-23T14:00:00+00:00,49336.74999999999,49515.74999999999,49273.74999999999,49468.74999999999,24675
2026-04-23T14:30:00+00:00,49468.74999999999,49551.74999999999,49422.74999999999,49521.74999999999,16433
2026-04-23T15:00:00+00:00,49521.74999999999,49538.74999999999,49438.74999999999,49491.74999999999,12221
2026-04-23T15:30:00+00:00,49491.74999999999,49502.74999999999,49396.74999999999,49446.24999999999,15989
2026-04-23T16:00:00+00:00,49446.24999999999,49450.74999999999,49400.24999999999,49422.24999999999,11244
2026-04-23T16:30:00+00:00,49422.24999999999,49455.74999999999,49396.24999999999,49433.24999999999,8893
2026-04-23T17:00:00+00:00,49433.24999999999,49445.24999999999,49105.24999999999,49121.74999999999,46583
2026-04-23T17:30:00+00:00,49121.74999999999,49217.74999999999,48884.74999999999,49189.24999999999,64043
2026-04-23T18:00:00+00:00,49189.24999999999,49335.74999999999,49163.24999999999,49328.74999999999,37387
2026-04-23T18:30:00+00:00,49328.74999999999,49375.74999999999,49233.24999999999,49264.74999999999,20426
2026-04-23T19:00:00+00:00,49264.74999999999,49350.74999999999,49241.74999999999,49322.24999999999,18023
2026-04-23T19:30:00+00:00,49322.24999999999,49366.74999999999,49210.24999999999,49332.74999999999,23064
2026-04-23T20:00:00+00:00,49332.74999999999,49332.899999999994,49205.899999999994,49248.399999999994,6010
2026-04-23T20:30:00+00:00,49248.399999999994,49261.399999999994,49215.399999999994,49236.149999999994,1944
2026-04-23T22:00:00+00:00,49236.149999999994,49299.09,49236.149999999994,49281.59,2775
2026-04-23T22:30:00+00:00,49281.59,49292.59,49258.09,49284.09,1293
2026-04-23T23:00:00+00:00,49284.09,49297.59,49267.59,49289.09,675
2026-04-23T23:30:00+00:00,49289.09,49314.09,49289.09,49311.59,1174
2026-04-24T00:00:00+00:00,49311.59,49341.59,49297.09,49330.59,3666
2026-04-24T00:30:00+00:00,49330.59,49341.59,49280.59,49291.59,3070
2026-04-24T01:00:00+00:00,49291.59,49296.59,49263.59,49279.59,2983
2026-04-24T01:30:00+00:00,49279.59,49285.59,49242.09,49270.59,3441
2026-04-24T02:00:00+00:00,49270.59,49273.09,49200.59,49204.09,3265
2026-04-24T02:30:00+00:00,49204.09,49221.09,49172.59,49180.59,2141
2026-04-24T03:00:00+00:00,49180.59,49200.59,49167.59,49182.59,2530
2026-04-24T03:30:00+00:00,49182.59,49213.59,49171.59,49193.09,2757
2026-04-24T04:00:00+00:00,49193.09,49218.59,49183.09,49194.09,1892
2026-04-24T04:30:00+00:00,49194.09,49236.09,49194.09,49227.59,1682
2026-04-24T05:00:00+00:00,49227.59,49238.59,49204.09,49233.59,1951
2026-04-24T05:30:00+00:00,49233.59,49275.09,49233.59,49269.59,1547
2026-04-24T06:00:00+00:00,49269.59,49281.09,49237.09,49240.09,2194
2026-04-24T06:30:00+00:00,49240.09,49260.09,49233.59,49253.59,2610
2026-04-24T07:00:00+00:00,49253.59,49298.09,49247.09,49284.59,3304
2026-04-24T07:30:00+00:00,49284.59,49284.59,49235.59,49275.09,2971
2026-04-24T08:00:00+00:00,49275.09,49284.09,49182.09,49195.09,7097
2026-04-24T08:30:00+00:00,49195.09,49196.59,49139.09,49152.59,4823
2026-04-24T09:00:00+00:00,49152.59,49187.09,49100.59,49155.59,5967
2026-04-24T09:30:00+00:00,49155.59,49191.09,49148.09,49167.09,3112
2026-04-24T10:00:00+00:00,49167.09,49202.59,49166.09,49196.09,3476
2026-04-24T10:30:00+00:00,49196.09,49211.59,49164.59,49189.59,2690
2026-04-24T11:00:00+00:00,49189.59,49436.09,49187.09,49432.59,20804
2026-04-24T11:30:00+00:00,49432.59,49446.09,49293.09,49322.59,7699
2026-04-24T12:00:00+00:00,49322.59,49355.09,49272.59,49311.09,8222
2026-04-24T12:30:00+00:00,49311.09,49323.09,49178.59,49236.09,8687
2026-04-24T13:00:00+00:00,49236.09,49318.59,49236.09,49317.09,8617
2026-04-24T13:30:00+00:00,49317.09,49363.939999999995,49100.939999999995,49163.439999999995,49843
2026-04-24T14:00:00+00:00,49163.439999999995,49186.939999999995,49090.939999999995,49147.939999999995,36351
2026-04-24T14:30:00+00:00,49147.939999999995,49223.939999999995,49138.939999999995,49152.939999999995,23548
2026-04-24T15:00:00+00:00,49152.939999999995,49180.939999999995,49112.939999999995,49149.939999999995,14671
2026-04-24T15:30:00+00:00,49149.939999999995,49314.939999999995,49116.939999999995,49258.939999999995,31377
2026-04-24T16:00:00+00:00,49258.939999999995,49276.939999999995,49167.439999999995,49175.939999999995,12795
2026-04-24T16:30:00+00:00,49175.939999999995,49218.439999999995,49138.439999999995,49190.939999999995,11017
2026-04-24T17:00:00+00:00,49190.939999999995,49204.439999999995,49144.939999999995,49175.439999999995,9133
2026-04-24T17:30:00+00:00,49175.439999999995,49264.439999999995,49152.439999999995,49198.939999999995,9977
2026-04-24T18:00:00+00:00,49198.939999999995,49219.939999999995,49172.939999999995,49182.939999999995,8327
2026-04-24T18:30:00+00:00,49182.939999999995,49219.939999999995,49178.439999999995,49215.439999999995,5769
2026-04-24T19:00:00+00:00,49215.439999999995,49244.939999999995,49174.939999999995,49188.939999999995,7348
2026-04-24T19:30:00+00:00,49188.939999999995,49269.439999999995,49173.939999999995,49235.939999999995,11519
2026-04-24T20:00:00+00:00,49235.939999999995,49260.09,49208.84,49239.33,2762
2026-04-24T20:30:00+00:00,49239.33,49268.33,49238.33,49265.83,519
2026-04-26T22:00:00+00:00,49265.83,49265.83,49087.91,49134.91,3934
2026-04-26T22:30:00+00:00,49134.91,49163.41,49115.41,49163.41,1363
2026-04-26T23:00:00+00:00,49163.41,49167.41,49126.91,49127.41,1299
2026-04-26T23:30:00+00:00,49127.41,49140.91,49104.91,49138.41,1383
2026-04-27T00:00:00+00:00,49138.41,49157.41,49111.41,49115.91,4174
2026-04-27T00:30:00+00:00,49115.91,49172.41,49107.41,49154.91,3175
2026-04-27T01:00:00+00:00,49154.91,49239.41,49144.41,49185.41,6556
2026-04-27T01:30:00+00:00,49185.41,49242.91,49178.91,49235.41,3621
2026-04-27T02:00:00+00:00,49235.41,49240.41,49200.41,49208.91,2085
2026-04-27T02:30:00+00:00,49208.91,49220.91,49203.41,49204.41,1399
2026-04-27T03:00:00+00:00,49204.41,49232.91,49199.91,49207.91,1762
2026-04-27T03:30:00+00:00,49207.91,49214.41,49196.41,49204.41,1345
2026-04-27T04:00:00+00:00,49204.41,49213.41,49192.41,49206.91,1234
2026-04-27T04:30:00+00:00,49206.91,49212.91,49176.41,49182.41,1180
2026-04-27T05:00:00+00:00,49182.41,49185.91,49157.41,49160.41,2167
2026-04-27T05:30:00+00:00,49160.41,49164.41,49129.41,49139.41,2606
2026-04-27T06:00:00+00:00,49139.41,49177.41,49125.91,49167.91,3320
2026-04-27T06:30:00+00:00,49167.91,49170.91,49139.91,49157.91,3175
2026-04-27T07:00:00+00:00,49157.91,49176.91,49145.41,49166.41,3898
2026-04-27T07:30:00+00:00,49166.41,49184.91,49158.41,49165.91,2765
2026-04-27T08:00:00+00:00,49165.91,49178.91,49135.91,49175.41,4543
2026-04-27T08:30:00+00:00,49175.41,49196.91,49163.91,49191.91,2705
2026-04-27T09:00:00+00:00,49191.91,49208.91,49175.41,49181.91,1963
2026-04-27T09:30:00+00:00,49181.91,49191.41,49166.41,49170.41,1356
2026-04-27T10:00:00+00:00,49170.41,49180.91,49157.41,49166.41,1553
2026-04-27T10:30:00+00:00,49166.41,49215.41,49161.91,49203.41,2103
2026-04-27T11:00:00+00:00,49203.41,49216.41,49181.41,49203.41,2174
2026-04-27T11:30:00+00:00,49203.41,49215.91,49186.91,49200.41,1724
2026-04-27T12:00:00+00:00,49200.41,49220.91,49169.41,49183.41,3339
2026-04-27T12:30:00+00:00,49183.41,49212.91,49161.41,49174.41,5182
2026-04-27T13:00:00+00:00,49174.41,49199.41,49121.41,49184.91,8459
2026-04-27T13:30:00+00:00,49184.91,49381.76,49144.76,49264.76,49372
2026-04-27T14:00:00+00:00,49264.76,49278.76,49177.76,49200.76,24356
2026-04-27T14:30:00+00:00,49200.76,49277.26,49159.26,49159.76,16948
2026-04-27T15:00:00+00:00,49159.76,49165.76,49048.76,49095.26,15050
2026-04-27T15:30:00+00:00,49095.26,49152.76,49079.26,49143.26,9523
2026-04-27T16:00:00+00:00,49143.26,49208.76,49127.76,49178.76,7855
2026-04-27T16:30:00+00:00,49178.76,49190.76,49161.76,49183.76,5565
2026-04-27T17:00:00+00:00,49183.76,49206.26,49143.76,49183.76,7070
2026-04-27T17:30:00+00:00,49183.76,49220.26,49144.76,49157.76,7129
2026-04-27T18:00:00+00:00,49157.76,49193.76,49146.76,49190.76,6114
2026-04-27T18:30:00+00:00,49190.76,49226.76,49180.76,49206.76,4931
2026-04-27T19:00:00+00:00,49206.76,49248.26,49204.26,49245.26,6634
2026-04-27T19:30:00+00:00,49245.26,49247.76,49194.26,49204.76,9352
2026-04-27T20:00:00+00:00,49204.76,49211.41,49182.91,49194.91,1731
2026-04-27T20:30:00+00:00,49194.91,49207.91,49186.91,49204.66,728
2026-04-27T22:00:00+00:00,49204.66,49293.19,49204.66,49287.69,3325
2026-04-27T22:30:00+00:00,49287.69,49291.69,49263.69,49266.19,1214
2026-04-27T23:00:00+00:00,49266.19,49271.69,49259.19,49265.19,792
2026-04-27T23:30:00+00:00,49265.19,49277.19,49256.19,49260.69,846
2026-04-28T00:00:00+00:00,49260.69,49303.19,49254.69,49274.69,5294
2026-04-28T00:30:00+00:00,49274.69,49285.19,49242.19,49243.19,3011
2026-04-28T01:00:00+00:00,49243.19,49266.69,49236.19,49265.19,2691
2026-04-28T01:30:00+00:00,49265.19,49292.69,49240.69,49249.19,3638
2026-04-28T02:00:00+00:00,49249.19,49266.69,49239.69,49257.69,2166
2026-04-28T02:30:00+00:00,49257.69,49257.69,49242.69,49250.19,2096
2026-04-28T03:00:00+00:00,49250.19,49272.69,49242.69,49268.19,1622
2026-04-28T03:30:00+00:00,49268.19,49278.69,49256.69,49262.69,1588
2026-04-28T04:00:00+00:00,49262.69,49267.19,49247.19,49255.19,1244
2026-04-28T04:30:00+00:00,49255.19,49275.69,49254.19,49264.69,1165
2026-04-28T05:00:00+00:00,49264.69,49268.19,49233.19,49249.69,2093
2026-04-28T05:30:00+00:00,49249.69,49249.69,49203.69,49215.19,3189
2026-04-28T06:00:00+00:00,49215.19,49246.69,49199.69,49238.69,3408
2026-04-28T06:30:00+00:00,49238.69,49242.69,49198.69,49212.19,3180
2026-04-28T07:00:00+00:00,49212.19,49217.69,49183.19,49205.19,5372
2026-04-28T07:30:00+00:00,49205.19,49261.69,49201.69,49255.69,3782
2026-04-28T08:00:00+00:00,49255.69,49315.69,49185.19,49315.69,7203
2026-04-28T08:30:00+00:00,49315.69,49316.19,49277.19,49292.19,3922
2026-04-28T09:00:00+00:00,49292.19,49330.69,49271.19,49317.19,4489
2026-04-28T09:30:00+00:00,49317.19,49377.69,49305.19,49345.19,4551
2026-04-28T10:00:00+00:00,49345.19,49370.19,49320.69,49330.19,3478
2026-04-28T10:30:00+00:00,49330.19,49339.69,49309.19,49325.19,2977
2026-04-28T11:00:00+00:00,49325.19,49413.69,49290.69,49309.19,9267
2026-04-28T11:30:00+00:00,49309.19,49343.69,49271.69,49310.19,10361
2026-04-28T12:00:00+00:00,49310.19,49341.69,49242.19,49258.19,14337
2026-04-28T12:30:00+00:00,49258.19,49368.19,49225.19,49365.19,9925
2026-04-28T13:00:00+00:00,49365.19,49380.69,49296.69,49371.19,8965
2026-04-28T13:30:00+00:00,49371.19,49412.04000000001,49228.54000000001,49230.04000000001,55411
2026-04-28T14:00:00+00:00,49230.04000000001,49250.54000000001,49104.54000000001,49175.54000000001,29637
2026-04-28T14:30:00+00:00,49175.54000000001,49221.54000000001,49116.54000000001,49210.54000000001,35754
2026-04-28T15:00:00+00:00,49210.54000000001,49254.54000000001,49204.54000000001,49238.04000000001,22588
2026-04-28T15:30:00+00:00,49238.04000000001,49278.04000000001,49217.54000000001,49266.54000000001,16225
2026-04-28T16:00:00+00:00,49266.54000000001,49309.54000000001,49256.54000000001,49283.54000000001,10930
2026-04-28T16:30:00+00:00,49283.54000000001,49288.04000000001,49187.54000000001,49214.04000000001,11600
2026-04-28T17:00:00+00:00,49214.04000000001,49217.54000000001,49168.04000000001,49194.04000000001,8830
2026-04-28T17:30:00+00:00,49194.04000000001,49240.04000000001,49191.04000000001,49198.54000000001,8631
2026-04-28T18:00:00+00:00,49198.54000000001,49213.54000000001,49133.54000000001,49143.04000000001,9828
2026-04-28T18:30:00+00:00,49143.04000000001,49167.04000000001,49108.04000000001,49143.04000000001,7064
2026-04-28T19:00:00+00:00,49143.04000000001,49172.54000000001,49130.54000000001,49145.04000000001,7952
2026-04-28T19:30:00+00:00,49145.04000000001,49184.54000000001,49096.04000000001,49160.04000000001,11682
2026-04-28T20:00:00+00:00,49160.04000000001,49224.19,49138.19,49207.19,3990
2026-04-28T20:30:00+00:00,49207.19,49219.44,49199.19,49219.44,1505
2026-04-28T22:00:00+00:00,49219.44,49252.50000000001,49218.75000000001,49232.50000000001,2142.889756985847
2026-04-28T22:30:00+00:00,49232.50000000001,49239.00000000001,49220.00000000001,49237.50000000001,468
2026-04-28T23:00:00+00:00,49237.50000000001,49237.50000000001,49226.00000000001,49236.50000000001,337.1347405983524
2026-04-28T23:30:00+00:00,49236.50000000001,49251.50000000001,49235.50000000001,49250.00000000001,402.4677820109326
2026-04-29T00:00:00+00:00,49250.00000000001,49284.00000000001,49250.00000000001,49272.50000000001,1884
2026-04-29T00:30:00+00:00,49272.50000000001,49287.50000000001,49268.00000000001,49272.50000000001,1215
2026-04-29T01:00:00+00:00,49272.50000000001,49275.00000000001,49210.50000000001,49250.50000000001,5041
2026-04-29T01:30:00+00:00,49250.50000000001,49271.00000000001,49240.50000000001,49244.00000000001,2897
2026-04-29T02:00:00+00:00,49244.00000000001,49280.50000000001,49244.00000000001,49269.50000000001,1784
2026-04-29T02:30:00+00:00,49269.50000000001,49270.50000000001,49249.50000000001,49254.50000000001,1082
2026-04-29T03:00:00+00:00,49254.50000000001,49273.50000000001,49252.00000000001,49267.50000000001,1001
2026-04-29T03:30:00+00:00,49267.50000000001,49268.50000000001,49240.50000000001,49251.00000000001,685
2026-04-29T04:00:00+00:00,49251.00000000001,49259.50000000001,49247.50000000001,49250.00000000001,578
2026-04-29T04:30:00+00:00,49250.00000000001,49261.00000000001,49248.00000000001,49250.00000000001,818
2026-04-29T05:00:00+00:00,49250.00000000001,49256.00000000001,49238.50000000001,49248.00000000001,893
2026-04-29T05:30:00+00:00,49248.00000000001,49267.50000000001,49247.00000000001,49259.50000000001,768
2026-04-29T06:00:00+00:00,49259.50000000001,49274.00000000001,49254.00000000001,49259.00000000001,1457
2026-04-29T06:30:00+00:00,49259.00000000001,49266.50000000001,49236.50000000001,49238.50000000001,1790
2026-04-29T07:00:00+00:00,49238.50000000001,49256.00000000001,49206.50000000001,49220.50000000001,3385
2026-04-29T07:30:00+00:00,49220.50000000001,49241.50000000001,49187.50000000001,49215.00000000001,4083
2026-04-29T08:00:00+00:00,49215.00000000001,49252.00000000001,49160.00000000001,49205.50000000001,7301
2026-04-29T08:30:00+00:00,49205.50000000001,49208.50000000001,49142.50000000001,49174.50000000001,5818
2026-04-29T09:00:00+00:00,49174.50000000001,49185.00000000001,49155.00000000001,49169.50000000001,4439
2026-04-29T09:30:00+00:00,49169.50000000001,49200.00000000001,49117.50000000001,49131.00000000001,4617
2026-04-29T10:00:00+00:00,49131.00000000001,49218.00000000001,49116.50000000001,49202.50000000001,3782
2026-04-29T10:30:00+00:00,49202.50000000001,49215.50000000001,49175.00000000001,49187.50000000001,2945
2026-04-29T11:00:00+00:00,49187.50000000001,49198.50000000001,49161.50000000001,49180.00000000001,3919
2026-04-29T11:30:00+00:00,49180.00000000001,49205.50000000001,49141.00000000001,49163.00000000001,4365
2026-04-29T12:00:00+00:00,49163.00000000001,49172.00000000001,49114.00000000001,49143.00000000001,5120
2026-04-29T12:30:00+00:00,49143.00000000001,49155.50000000001,49071.00000000001,49152.50000000001,6700
2026-04-29T13:00:00+00:00,49152.50000000001,49190.00000000001,49106.00000000001,49116.00000000001,7745
2026-04-29T13:30:00+00:00,49116.00000000001,49167.850000000006,48864.850000000006,48931.350000000006,46529
2026-04-29T14:00:00+00:00,48931.350000000006,49040.850000000006,48906.850000000006,48962.850000000006,23971
2026-04-29T14:30:00+00:00,48962.850000000006,48980.850000000006,48899.350000000006,48906.850000000006,16999
2026-04-29T15:00:00+00:00,48906.850000000006,48921.850000000006,48854.75000000001,48885.850000000006,14871
2026-04-29T15:30:00+00:00,48885.850000000006,48890.850000000006,48749.350000000006,48799.850000000006,22992
2026-04-29T16:00:00+00:00,48799.850000000006,48872.850000000006,48787.850000000006,48849.850000000006,14589
2026-04-29T16:30:00+00:00,48849.850000000006,48862.850000000006,48797.350000000006,48851.350000000006,13768
2026-04-29T17:00:00+00:00,48851.350000000006,48856.850000000006,48802.850000000006,48839.850000000006,12812
2026-04-29T17:30:00+00:00,48839.850000000006,48870.850000000006,48811.350000000006,48853.75000000001,10818
2026-04-29T18:00:00+00:00,48853.75000000001,48855.850000000006,48716.350000000006,48784.850000000006,20077
2026-04-29T18:30:00+00:00,48784.850000000006,48853.850000000006,48716.850000000006,48848.850000000006,28432
2026-04-29T19:00:00+00:00,48848.850000000006,48901.850000000006,48803.350000000006,48847.850000000006,16960
2026-04-29T19:30:00+00:00,48847.850000000006,48900.350000000006,48801.850000000006,48890.850000000006,17490
2026-04-29T20:00:00+00:00,48890.850000000006,49001.00000000001,48686.50000000001,48777.50000000001,21567
2026-04-29T20:30:00+00:00,48777.50000000001,48792.00000000001,48659.00000000001,48666.50000000001,9672
2026-04-29T22:00:00+00:00,48666.50000000001,48822.96000000001,48650.21000000001,48759.46000000001,4692
2026-04-29T22:30:00+00:00,48759.46000000001,48769.46000000001,48715.96000000001,48721.46000000001,1911
2026-04-29T23:00:00+00:00,48721.46000000001,48738.96000000001,48705.46000000001,48719.96000000001,1876.1276390008059
2026-04-29T23:30:00+00:00,48719.96000000001,48733.46000000001,48713.96000000001,48727.96000000001,1899
2026-04-30T00:00:00+00:00,48727.96000000001,48754.46000000001,48714.46000000001,48728.46000000001,4188
2026-04-30T00:30:00+00:00,48728.46000000001,48759.96000000001,48713.96000000001,48748.96000000001,2499
2026-04-30T01:00:00+00:00,48748.96000000001,48757.46000000001,48734.46000000001,48753.46000000001,2573
2026-04-30T01:30:00+00:00,48753.46000000001,48784.96000000001,48736.46000000001,48782.96000000001,2143
2026-04-30T02:00:00+00:00,48782.96000000001,48782.96000000001,48717.96000000001,48726.96000000001,2042
2026-04-30T02:30:00+00:00,48726.96000000001,48726.96000000001,48609.46000000001,48702.96000000001,10338
2026-04-30T03:00:00+00:00,48702.96000000001,48722.46000000001,48665.46000000001,48672.46000000001,3883
2026-04-30T03:30:00+00:00,48672.46000000001,48686.96000000001,48639.96000000001,48641.46000000001,2962
2026-04-30T04:00:00+00:00,48641.46000000001,48646.96000000001,48595.96000000001,48599.96000000001,4928
2026-04-30T04:30:00+00:00,48599.96000000001,48600.96000000001,48555.96000000001,48558.46000000001,4400
2026-04-30T05:00:00+00:00,48558.46000000001,48617.96000000001,48557.46000000001,48588.96000000001,3944
2026-04-30T05:30:00+00:00,48588.96000000001,48637.96000000001,48564.96000000001,48565.96000000001,3280
2026-04-30T06:00:00+00:00,48565.96000000001,48569.96000000001,48482.96000000001,48513.96000000001,6443
2026-04-30T06:30:00+00:00,48513.96000000001,48620.96000000001,48513.96000000001,48599.46000000001,7285
2026-04-30T07:00:00+00:00,48599.46000000001,48644.96000000001,48570.96000000001,48632.96000000001,8091
2026-04-30T07:30:00+00:00,48632.96000000001,48654.46000000001,48604.46000000001,48625.96000000001,5742
2026-04-30T08:00:00+00:00,48625.96000000001,48681.96000000001,48623.96000000001,48663.96000000001,6048
2026-04-30T08:30:00+00:00,48663.96000000001,48717.46000000001,48656.46000000001,48693.96000000001,5151
2026-04-30T09:00:00+00:00,48693.96000000001,48723.96000000001,48642.96000000001,48718.96000000001,6368
2026-04-30T09:30:00+00:00,48718.96000000001,48817.96000000001,48717.46000000001,48772.46000000001,8357
2026-04-30T10:00:00+00:00,48772.46000000001,48869.96000000001,48772.46000000001,48860.46000000001,5864
2026-04-30T10:30:00+00:00,48860.46000000001,49265.46000000001,48859.96000000001,49186.96000000001,13598
2026-04-30T11:00:00+00:00,49186.96000000001,49270.96000000001,49147.71000000001,49193.96000000001,8775
2026-04-30T11:30:00+00:00,49193.96000000001,49204.96000000001,49154.96000000001,49160.96000000001,5802
2026-04-30T12:00:00+00:00,49160.96000000001,49284.96000000001,49136.46000000001,49245.46000000001,5789
2026-04-30T12:30:00+00:00,49245.46000000001,49250.46000000001,49169.96000000001,49189.96000000001,6660
2026-04-30T13:00:00+00:00,49189.96000000001,49226.96000000001,49088.71000000001,49129.96000000001,6965
2026-04-30T13:30:00+00:00,49129.96000000001,49296.310000000005,49060.810000000005,49280.810000000005,47582
2026-04-30T14:00:00+00:00,49280.810000000005,49450.310000000005,49247.810000000005,49447.810000000005,28743
2026-04-30T14:30:00+00:00,49447.810000000005,49520.810000000005,49434.810000000005,49472.310000000005,24407
2026-04-30T15:00:00+00:00,49472.310000000005,49531.310000000005,49399.310000000005,49526.810000000005,17871
2026-04-30T15:30:00+00:00,49526.810000000005,49627.810000000005,49504.810000000005,49620.810000000005,14834
2026-04-30T16:00:00+00:00,49620.810000000005,49641.810000000005,49590.810000000005,49627.310000000005,9895
2026-04-30T16:30:00+00:00,49627.310000000005,49629.810000000005,49539.310000000005,49562.810000000005,8164
2026-04-30T17:00:00+00:00,49562.810000000005,49591.310000000005,49546.310000000005,49575.810000000005,8382
2026-04-30T17:30:00+00:00,49575.810000000005,49642.810000000005,49575.310000000005,49617.310000000005,9314
2026-04-30T18:00:00+00:00,49617.310000000005,49690.310000000005,49612.310000000005,49672.810000000005,8288
2026-04-30T18:30:00+00:00,49672.810000000005,49765.810000000005,49672.810000000005,49716.810000000005,7293
2026-04-30T19:00:00+00:00,49716.810000000005,49784.810000000005,49713.810000000005,49778.810000000005,8976
2026-04-30T19:30:00+00:00,49778.810000000005,49791.810000000005,49690.810000000005,49692.96000000001,14992
2026-04-30T20:00:00+00:00,49692.96000000001,49765.46000000001,49649.96000000001,49760.96000000001,5953
2026-04-30T20:30:00+00:00,49760.96000000001,49809.96000000001,49730.46000000001,49783.21000000001,4314
2026-04-30T22:00:00+00:00,49783.21000000001,49823.030000000006,49757.530000000006,49802.530000000006,2674
2026-04-30T22:30:00+00:00,49802.530000000006,49809.030000000006,49757.030000000006,49771.530000000006,1868
2026-04-30T23:00:00+00:00,49771.530000000006,49792.530000000006,49759.030000000006,49789.030000000006,1288
2026-04-30T23:30:00+00:00,49789.030000000006,49802.530000000006,49770.530000000006,49782.030000000006,1444
2026-05-01T00:00:00+00:00,49782.030000000006,49809.030000000006,49762.530000000006,49803.530000000006,3365
2026-05-01T00:30:00+00:00,49803.530000000006,49819.530000000006,49795.030000000006,49799.530000000006,1592
2026-05-01T01:00:00+00:00,49799.530000000006,49817.030000000006,49782.030000000006,49809.530000000006,1574
2026-05-01T01:30:00+00:00,49809.530000000006,49826.530000000006,49809.530000000006,49814.530000000006,1026
2026-05-01T02:00:00+00:00,49814.530000000006,49816.030000000006,49796.030000000006,49800.030000000006,678
2026-05-01T02:30:00+00:00,49800.030000000006,49800.030000000006,49783.030000000006,49792.530000000006,649
2026-05-01T03:00:00+00:00,49792.530000000006,49802.030000000006,49787.530000000006,49794.530000000006,627
2026-05-01T03:30:00+00:00,49794.530000000006,49804.530000000006,49771.030000000006,49773.530000000006,906
2026-05-01T04:00:00+00:00,49773.530000000006,49777.030000000006,49759.530000000006,49775.530000000006,797
2026-05-01T04:30:00+00:00,49775.530000000006,49783.030000000006,49771.030000000006,49778.530000000006,470
2026-05-01T05:00:00+00:00,49778.530000000006,49791.530000000006,49771.030000000006,49790.530000000006,671
2026-05-01T05:30:00+00:00,49790.530000000006,49792.530000000006,49781.530000000006,49784.030000000006,554
2026-05-01T06:00:00+00:00,49784.030000000006,49790.030000000006,49772.530000000006,49774.530000000006,829
2026-05-01T06:30:00+00:00,49774.530000000006,49778.030000000006,49745.530000000006,49757.030000000006,1249
2026-05-01T07:00:00+00:00,49757.030000000006,49785.030000000006,49749.530000000006,49777.530000000006,1596
2026-05-01T07:30:00+00:00,49777.530000000006,49778.530000000006,49744.530000000006,49748.030000000006,1461
2026-05-01T08:00:00+00:00,49748.030000000006,49771.030000000006,49737.530000000006,49765.530000000006,1821
2026-05-01T08:30:00+00:00,49765.530000000006,49769.530000000006,49748.030000000006,49768.030000000006,1071
2026-05-01T09:00:00+00:00,49768.030000000006,49797.030000000006,49745.030000000006,49786.530000000006,1265
2026-05-01T09:30:00+00:00,49786.530000000006,49818.530000000006,49780.030000000006,49815.530000000006,1059
2026-05-01T10:00:00+00:00,49815.530000000006,49835.530000000006,49802.030000000006,49821.530000000006,1135
2026-05-01T10:30:00+00:00,49821.530000000006,49862.030000000006,49815.530000000006,49849.530000000006,1415
2026-05-01T11:00:00+00:00,49849.530000000006,49857.530000000006,49823.030000000006,49844.530000000006,1923
2026-05-01T11:30:00+00:00,49844.530000000006,49852.030000000006,49821.530000000006,49839.530000000006,1628
2026-05-01T12:00:00+00:00,49839.530000000006,49969.530000000006,49829.030000000006,49928.530000000006,6645
2026-05-01T12:30:00+00:00,49928.530000000006,49929.030000000006,49846.530000000006,49850.030000000006,3904
2026-05-01T13:00:00+00:00,49850.030000000006,49912.030000000006,49842.530000000006,49911.030000000006,3770
2026-05-01T13:30:00+00:00,49911.030000000006,49950.880000000005,49745.380000000005,49943.380000000005,44610
2026-05-01T14:00:00+00:00,49943.380000000005,50014.880000000005,49910.380000000005,49915.880000000005,29081
2026-05-01T14:30:00+00:00,49915.880000000005,49935.880000000005,49784.380000000005,49791.880000000005,22563
2026-05-01T15:00:00+00:00,49791.880000000005,49803.880000000005,49728.380000000005,49741.880000000005,17813
2026-05-01T15:30:00+00:00,49741.880000000005,49774.880000000005,49661.780000000006,49685.880000000005,13986
2026-05-01T16:00:00+00:00,49685.880000000005,49699.880000000005,49598.880000000005,49604.880000000005,15357
2026-05-01T16:30:00+00:00,49604.880000000005,49645.880000000005,49583.880000000005,49615.880000000005,11142
2026-05-01T17:00:00+00:00,49615.880000000005,49666.380000000005,49612.380000000005,49661.880000000005,7187
2026-05-01T17:30:00+00:00,49661.880000000005,49721.880000000005,49660.380000000005,49686.880000000005,7282
2026-05-01T18:00:00+00:00,49686.880000000005,49700.880000000005,49580.380000000005,49626.380000000005,9493
2026-05-01T18:30:00+00:00,49626.380000000005,49636.880000000005,49559.880000000005,49578.880000000005,8750
2026-05-01T19:00:00+00:00,49578.880000000005,49636.880000000005,49563.880000000005,49621.880000000005,7370
2026-05-01T19:30:00+00:00,49621.880000000005,49643.380000000005,49511.380000000005,49518.380000000005,10618
2026-05-01T20:00:00+00:00,49518.380000000005,49536.030000000006,49503.030000000006,49508.04,2537
2026-05-01T20:30:00+00:00,49508.04,49520.04,49491.04,49495.54,718
2026-05-03T22:00:00+00:00,49495.54,49725.61,49495.54,49651.61,3535
2026-05-03T22:30:00+00:00,49651.61,49684.11,49644.11,49650.11,1730
2026-05-03T23:00:00+00:00,49650.11,49661.11,49620.61,49625.11,1449
2026-05-03T23:30:00+00:00,49625.11,49644.11,49597.11,49621.11,1939
2026-05-04T00:00:00+00:00,49621.11,49627.61,49552.61,49562.61,5203
2026-05-04T00:30:00+00:00,49562.61,49603.61,49562.11,49595.11,3152
2026-05-04T01:00:00+00:00,49595.11,49600.11,49534.61,49540.61,3957
2026-05-04T01:30:00+00:00,49540.61,49553.61,49533.11,49543.61,2890
2026-05-04T02:00:00+00:00,49543.61,49548.61,49498.61,49504.11,3502
2026-05-04T02:30:00+00:00,49504.11,49530.11,49502.11,49511.61,1828
2026-05-04T03:00:00+00:00,49511.61,49526.11,49509.11,49518.61,1256
2026-05-04T03:30:00+00:00,49518.61,49531.61,49493.61,49522.11,1765
2026-05-04T04:00:00+00:00,49522.11,49540.11,49509.11,49531.61,1017
2026-05-04T04:30:00+00:00,49531.61,49537.11,49517.61,49522.61,827
2026-05-04T05:00:00+00:00,49522.61,49572.11,49518.11,49537.11,1939
2026-05-04T05:30:00+00:00,49537.11,49566.61,49529.11,49555.11,1382
2026-05-04T06:00:00+00:00,49555.11,49570.11,49531.11,49548.61,3031
2026-05-04T06:30:00+00:00,49548.61,49558.11,49487.11,49503.61,3716
2026-05-04T07:00:00+00:00,49503.61,49563.11,49484.61,49546.61,4926
2026-05-04T07:30:00+00:00,49546.61,49554.11,49504.11,49504.61,3008
2026-05-04T08:00:00+00:00,49504.61,49506.11,49415.11,49463.11,6628
2026-05-04T08:30:00+00:00,49463.11,49478.11,49451.11,49459.11,3858
2026-05-04T09:00:00+00:00,49459.11,49488.11,49450.61,49463.61,2972
2026-05-04T09:30:00+00:00,49463.61,49485.11,49452.11,49473.11,2418
2026-05-04T10:00:00+00:00,49473.11,49486.11,49147.11,49278.61,27382
2026-05-04T10:30:00+00:00,49278.61,49411.61,49267.11,49363.11,14504
2026-05-04T11:00:00+00:00,49363.11,49407.11,49336.61,49352.11,9696
2026-05-04T11:30:00+00:00,49352.11,49375.11,49296.11,49366.61,9355
2026-05-04T12:00:00+00:00,49366.61,49445.11,49366.11,49419.61,7680
2026-05-04T12:30:00+00:00,49419.61,49451.61,49389.61,49404.11,6173
2026-05-04T13:00:00+00:00,49404.11,49435.11,49333.11,49401.11,13542
2026-05-04T13:30:00+00:00,49401.11,49424.46,49267.46,49361.46,43864
2026-05-04T14:00:00+00:00,49361.46,49465.96,49279.46,49452.96,25081
2026-05-04T14:30:00+00:00,49452.96,49483.96,49342.46,49347.96,18929
2026-05-04T15:00:00+00:00,49347.96,49368.96,49125.46,49170.96,36227
2026-05-04T15:30:00+00:00,49170.96,49181.96,49059.96,49115.96,31612
2026-05-04T16:00:00+00:00,49115.96,49127.96,48941.96,49056.96,35391
2026-05-04T16:30:00+00:00,49056.96,49092.96,48987.46,48995.96,16780
2026-05-04T17:00:00+00:00,48995.96,49151.46,48978.96,49148.96,19832
2026-05-04T17:30:00+00:00,49148.96,49152.46,49074.46,49076.96,10170
2026-05-04T18:00:00+00:00,49076.96,49132.96,48995.96,49017.96,10368
2026-05-04T18:30:00+00:00,49017.96,49024.46,48956.96,48980.96,10390
2026-05-04T19:00:00+00:00,48980.96,49031.46,48962.96,48980.96,12821
2026-05-04T19:30:00+00:00,48980.96,49012.96,48963.96,49007.96,12519
2026-05-04T20:00:00+00:00,49007.96,49007.96,48949.11,48998.61,2721
2026-05-04T20:30:00+00:00,48998.61,49003.11,48980.61,48999.36,1488
2026-05-04T22:00:00+00:00,48999.36,49052.950000000004,48999.36,49047.450000000004,1720
2026-05-04T22:30:00+00:00,49047.450000000004,49050.450000000004,49014.450000000004,49021.950000000004,1243
2026-05-04T23:00:00+00:00,49021.950000000004,49031.950000000004,49016.450000000004,49025.950000000004,746
2026-05-04T23:30:00+00:00,49025.950000000004,49027.950000000004,49005.950000000004,49020.950000000004,748
2026-05-05T00:00:00+00:00,49020.950000000004,49062.450000000004,48990.950000000004,48999.950000000004,3451
2026-05-05T00:30:00+00:00,48999.950000000004,49034.950000000004,48989.950000000004,49024.950000000004,2114
2026-05-05T01:00:00+00:00,49024.950000000004,49025.450000000004,48994.950000000004,49011.450000000004,2363
2026-05-05T01:30:00+00:00,49011.450000000004,49038.950000000004,49004.450000000004,49024.950000000004,2560
2026-05-05T02:00:00+00:00,49024.950000000004,49050.950000000004,49024.450000000004,49049.950000000004,1223
2026-05-05T02:30:00+00:00,49049.950000000004,49062.450000000004,49023.950000000004,49035.950000000004,1419
2026-05-05T03:00:00+00:00,49035.950000000004,49060.950000000004,49033.450000000004,49054.450000000004,756
2026-05-05T03:30:00+00:00,49054.450000000004,49061.950000000004,49048.450000000004,49055.950000000004,490
2026-05-05T04:00:00+00:00,49055.950000000004,49066.450000000004,49052.450000000004,49060.450000000004,561
2026-05-05T04:30:00+00:00,49060.450000000004,49080.950000000004,49049.950000000004,49065.950000000004,913
2026-05-05T05:00:00+00:00,49065.950000000004,49069.950000000004,49050.950000000004,49058.950000000004,1030
2026-05-05T05:30:00+00:00,49058.950000000004,49090.450000000004,49053.950000000004,49084.950000000004,1232
2026-05-05T06:00:00+00:00,49084.950000000004,49106.450000000004,49032.950000000004,49041.950000000004,3152
2026-05-05T06:30:00+00:00,49041.950000000004,49110.450000000004,49041.450000000004,49107.950000000004,2963
2026-05-05T07:00:00+00:00,49107.950000000004,49142.450000000004,49101.950000000004,49123.950000000004,4277
2026-05-05T07:30:00+00:00,49123.950000000004,49195.950000000004,49103.450000000004,49115.450000000004,5170
2026-05-05T08:00:00+00:00,49115.450000000004,49157.450000000004,49112.950000000004,49140.950000000004,4154
2026-05-05T08:30:00+00:00,49140.950000000004,49162.950000000004,49122.450000000004,49131.450000000004,3286
2026-05-05T09:00:00+00:00,49131.450000000004,49137.450000000004,49097.450000000004,49120.450000000004,2837
2026-05-05T09:30:00+00:00,49120.450000000004,49162.950000000004,49120.450000000004,49142.450000000004,2624
2026-05-05T10:00:00+00:00,49142.450000000004,49144.950000000004,49126.950000000004,49139.450000000004,1868
2026-05-05T10:30:00+00:00,49139.450000000004,49188.950000000004,49120.950000000004,49140.950000000004,2880
2026-05-05T11:00:00+00:00,49140.950000000004,49153.450000000004,49071.950000000004,49123.950000000004,4678
2026-05-05T11:30:00+00:00,49123.950000000004,49173.950000000004,49120.950000000004,49171.950000000004,2603
2026-05-05T12:00:00+00:00,49171.950000000004,49235.950000000004,49155.450000000004,49231.450000000004,6683
2026-05-05T12:30:00+00:00,49231.450000000004,49233.950000000004,49170.450000000004,49186.450000000004,3136
2026-05-05T13:00:00+00:00,49186.450000000004,49245.950000000004,49183.950000000004,49245.450000000004,3888
2026-05-05T13:30:00+00:00,49245.450000000004,49269.3,49051.3,49223.8,39539
2026-05-05T14:00:00+00:00,49223.8,49305.3,49163.8,49279.8,27873
2026-05-05T14:30:00+00:00,49279.8,49312.8,49216.8,49312.3,16440
2026-05-05T15:00:00+00:00,49312.3,49360.3,49249.8,49275.8,12519
2026-05-05T15:30:00+00:00,49275.8,49286.3,49214.8,49225.8,10100
2026-05-05T16:00:00+00:00,49225.8,49274.3,49225.3,49270.8,8567
2026-05-05T16:30:00+00:00,49270.8,49275.3,49231.8,49235.8,7095
2026-05-05T17:00:00+00:00,49235.8,49294.3,49223.8,49293.8,5678
2026-05-05T17:30:00+00:00,49293.8,49324.8,49286.3,49293.8,5667
2026-05-05T18:00:00+00:00,49293.8,49348.8,49281.8,49339.8,5375
2026-05-05T18:30:00+00:00,49339.8,49346.3,49290.8,49328.8,4599
2026-05-05T19:00:00+00:00,49328.8,49386.8,49326.8,49367.8,4968
2026-05-05T19:30:00+00:00,49367.8,49406.8,49315.3,49343.8,10604
2026-05-05T20:00:00+00:00,49343.8,49386.950000000004,49300.950000000004,49306.450000000004,3835
2026-05-05T20:30:00+00:00,49306.450000000004,49325.950000000004,49281.950000000004,49324.950000000004,2483
2026-05-05T22:00:00+00:00,49324.950000000004,49330.79,49284.79,49297.79,2469
2026-05-05T22:30:00+00:00,49297.79,49458.79,49295.29,49443.29,6473
2026-05-05T23:00:00+00:00,49443.29,49487.29,49423.79,49452.79,4163
2026-05-05T23:30:00+00:00,49452.79,49464.79,49416.29,49426.29,1914
2026-05-06T00:00:00+00:00,49426.29,49458.79,49416.79,49439.79,4754
2026-05-06T00:30:00+00:00,49439.79,49448.29,49422.79,49439.79,2606
2026-05-06T01:00:00+00:00,49439.79,49476.79,49439.29,49461.29,2654
2026-05-06T01:30:00+00:00,49461.29,49504.29,49452.79,49488.29,2069
2026-05-06T02:00:00+00:00,49488.29,49489.79,49461.79,49463.79,1932
2026-05-06T02:30:00+00:00,49463.79,49468.29,49439.79,49442.79,1071
2026-05-06T03:00:00+00:00,49442.79,49457.79,49440.79,49447.79,1198
2026-05-06T03:30:00+00:00,49447.79,49477.29,49447.29,49457.79,1136
2026-05-06T04:00:00+00:00,49457.79,49478.79,49441.29,49465.79,1212
2026-05-06T04:30:00+00:00,49465.79,49473.79,49439.29,49442.29,1984
2026-05-06T05:00:00+00:00,49442.29,49442.79,49409.29,49422.79,1202
2026-05-06T05:30:00+00:00,49422.79,49443.29,49405.79,49436.29,1420
2026-05-06T06:00:00+00:00,49436.29,49463.29,49426.29,49427.29,2659
2026-05-06T06:30:00+00:00,49427.29,49430.79,49392.79,49426.29,2802
2026-05-06T07:00:00+00:00,49426.29,49457.79,49412.79,49440.29,3850
2026-05-06T07:30:00+00:00,49440.29,49476.79,49422.79,49473.79,3575
2026-05-06T08:00:00+00:00,49473.79,49484.29,49437.29,49468.79,5069
2026-05-06T08:30:00+00:00,49468.79,49714.29,49455.79,49650.29,13468
2026-05-06T09:00:00+00:00,49650.29,49689.29,49585.29,49647.29,11161
2026-05-06T09:30:00+00:00,49647.29,49761.79,49633.29,49757.79,8210
2026-05-06T10:00:00+00:00,49757.79,49835.29,49754.04,49818.29,6996
2026-05-06T10:30:00+00:00,49818.29,49944.79,49812.29,49914.29,10856
2026-05-06T11:00:00+00:00,49914.29,49995.29,49903.79,49919.79,10203
2026-05-06T11:30:00+00:00,49919.79,49931.79,49822.29,49850.79,9172
2026-05-06T12:00:00+00:00,49850.79,49865.79,49666.79,49774.29,12966
2026-05-06T12:30:00+00:00,49774.29,49805.79,49751.79,49764.79,7457
2026-05-06T13:00:00+00:00,49764.79,49780.29,49699.79,49754.29,11503
2026-05-06T13:30:00+00:00,49754.29,49927.14,49739.64,49886.14,55694
2026-05-06T14:00:00+00:00,49886.14,49960.14,49775.64,49898.64,33617
2026-05-06T14:30:00+00:00,49898.64,50008.64,49885.64,50004.14,23087
2026-05-06T15:00:00+00:00,50004.14,50025.14,49931.14,49933.14,15640
2026-05-06T15:30:00+00:00,49933.14,49946.14,49861.64,49894.14,14633
2026-05-06T16:00:00+00:00,49894.14,49896.14,49831.14,49858.14,10351
2026-05-06T16:30:00+00:00,49858.14,49883.14,49829.64,49848.14,10267
2026-05-06T17:00:00+00:00,49848.14,49892.64,49818.14,49861.14,8790
2026-05-06T17:30:00+00:00,49861.14,49901.14,49836.14,49900.14,6551
2026-05-06T18:00:00+00:00,49900.14,49990.14,49887.14,49963.14,8278
2026-05-06T18:30:00+00:00,49963.14,49986.14,49921.64,49954.14,7473
2026-05-06T19:00:00+00:00,49954.14,50066.64,49953.14,50039.14,9801
2026-05-06T19:30:00+00:00,50039.14,50067.14,49954.64,49958.64,14104
2026-05-06T20:00:00+00:00,49958.64,49983.79,49935.79,49959.29,4115
2026-05-06T20:30:00+00:00,49959.29,49961.79,49927.79,49957.04,2064
2026-05-06T22:00:00+00:00,49957.04,49990.11,49929.61,49934.11,2088
2026-05-06T22:30:00+00:00,49934.11,49945.11,49926.11,49930.61,782
2026-05-06T23:00:00+00:00,49930.61,49940.61,49924.61,49931.11,890.8154488517746
2026-05-06T23:30:00+00:00,49931.11,49947.61,49921.11,49932.11,1161
2026-05-07T00:00:00+00:00,49932.11,49977.11,49929.61,49959.11,4165
2026-05-07T00:30:00+00:00,49959.11,50004.11,49954.61,50001.11,2177
2026-05-07T01:00:00+00:00,50001.11,50019.61,49983.11,50017.61,2346
2026-05-07T01:30:00+00:00,50017.61,50039.11,50015.11,50029.11,1592
2026-05-07T02:00:00+00:00,50029.11,50040.11,50003.11,50020.61,2130
2026-05-07T02:30:00+00:00,50020.61,50036.11,50014.61,50029.11,1530
2026-05-07T03:00:00+00:00,50029.11,50040.11,50012.11,50033.11,1081
2026-05-07T03:30:00+00:00,50033.11,50043.61,50031.11,50031.61,719
2026-05-07T04:00:00+00:00,50031.61,50049.11,50026.11,50045.61,788
2026-05-07T04:30:00+00:00,50045.61,50053.61,50037.11,50048.11,621
2026-05-07T05:00:00+00:00,50048.11,50061.11,50030.11,50037.11,857
2026-05-07T05:30:00+00:00,50037.11,50049.61,50030.11,50030.11,874
2026-05-07T06:00:00+00:00,50030.11,50049.11,50014.61,50041.11,1483
2026-05-07T06:30:00+00:00,50041.11,50133.11,50029.61,50084.61,3409
2026-05-07T07:00:00+00:00,50084.61,50154.61,50040.61,50088.61,9592
2026-05-07T07:30:00+00:00,50088.61,50108.11,50054.61,50079.11,4541
2026-05-07T08:00:00+00:00,50079.11,50108.61,49998.61,50033.61,7075
2026-05-07T08:30:00+00:00,50033.61,50039.11,50001.61,50010.61,3936
2026-05-07T09:00:00+00:00,50010.61,50016.11,49986.11,49997.61,3450
2026-05-07T09:30:00+00:00,49997.61,50015.11,49955.11,49971.11,3178
2026-05-07T10:00:00+00:00,49971.11,50004.61,49956.11,49976.61,2888
2026-05-07T10:30:00+00:00,49976.61,49997.61,49954.11,49984.11,2936
2026-05-07T11:00:00+00:00,49984.11,50070.61,49984.11,50046.61,4707
2026-05-07T11:30:00+00:00,50046.61,50081.11,50010.61,50025.61,2800
2026-05-07T12:00:00+00:00,50025.61,50093.61,50022.61,50085.61,3580
2026-05-07T12:30:00+00:00,50085.61,50112.11,50060.11,50080.11,3629
2026-05-07T13:00:00+00:00,50080.11,50105.61,50018.61,50103.11,5240
2026-05-07T13:30:00+00:00,50103.11,50175.46,49893.46,49928.46,54898
2026-05-07T14:00:00+00:00,49928.46,49966.46,49757.96,49768.46,26188
2026-05-07T14:30:00+00:00,49768.46,49932.96,49768.46,49929.46,18024
2026-05-07T15:00:00+00:00,49929.46,49949.46,49826.46,49875.46,19370
2026-05-07T15:30:00+00:00,49875.46,49922.46,49841.46,49855.46,15727
2026-05-07T16:00:00+00:00,49855.46,49861.46,49742.96,49805.46,22928
2026-05-07T16:30:00+00:00,49805.46,49810.46,49656.46,49668.96,16199
2026-05-07T17:00:00+00:00,49668.96,49745.46,49565.96,49597.46,26927
2026-05-07T17:30:00+00:00,49597.46,49641.46,49539.36,49638.46,28277
2026-05-07T18:00:00+00:00,49638.46,49711.46,49597.46,49668.46,17367
2026-05-07T18:30:00+00:00,49668.46,49684.96,49520.46,49620.46,23708
2026-05-07T19:00:00+00:00,49620.46,49656.96,49567.46,49612.46,18672
2026-05-07T19:30:00+00:00,49612.46,49669.46,49581.96,49639.46,17749
2026-05-07T20:00:00+00:00,49639.46,49768.11,49596.61,49687.11,7617
2026-05-07T20:30:00+00:00,49687.11,49698.11,49570.61,49576.86,6400
2026-05-07T22:00:00+00:00,49576.86,49626.41,49540.41,49605.91,4106
2026-05-07T22:30:00+00:00,49605.91,49609.41,49536.16,49575.41,2460
2026-05-07T23:00:00+00:00,49575.41,49600.91,49569.41,49598.91,1111
2026-05-07T23:30:00+00:00,49598.91,49651.91,49592.91,49651.41,1398
2026-05-08T00:00:00+00:00,49651.41,49703.91,49637.91,49651.41,4650
2026-05-08T00:30:00+00:00,49651.41,49667.91,49640.91,49666.91,2642
2026-05-08T01:00:00+00:00,49666.91,49706.41,49665.91,49679.91,3143
2026-05-08T01:30:00+00:00,49679.91,49689.91,49662.41,49673.91,2279
2026-05-08T02:00:00+00:00,49673.91,49698.41,49666.91,49694.91,2260
2026-05-08T02:30:00+00:00,49694.91,49716.41,49634.41,49692.41,3786
2026-05-08T03:00:00+00:00,49692.41,49697.41,49677.41,49689.91,1637
2026-05-08T03:30:00+00:00,49689.91,49717.91,49682.91,49697.41,1942
2026-05-08T04:00:00+00:00,49697.41,49700.41,49663.91,49674.91,1436
2026-05-08T04:30:00+00:00,49674.91,49701.41,49655.91,49684.91,1562
2026-05-08T05:00:00+00:00,49684.91,49697.41,49677.41,49689.91,1666
2026-05-08T05:30:00+00:00,49689.91,49703.91,49682.91,49689.91,1986
2026-05-08T06:00:00+00:00,49689.91,49739.91,49670.91,49734.41,3120
2026-05-08T06:30:00+00:00,49734.41,49739.41,49707.41,49722.41,2827
2026-05-08T07:00:00+00:00,49722.41,49723.91,49665.41,49695.41,5821
2026-05-08T07:30:00+00:00,49695.41,49724.41,49675.91,49714.41,4553
2026-05-08T08:00:00+00:00,49714.41,49724.91,49679.91,49721.41,4987
2026-05-08T08:30:00+00:00,49721.41,49750.41,49710.41,49739.41,3491
2026-05-08T09:00:00+00:00,49739.41,49804.91,49735.41,49783.91,2879
2026-05-08T09:30:00+00:00,49783.91,49789.41,49723.41,49754.41,3404
2026-05-08T10:00:00+00:00,49754.41,49780.91,49750.41,49767.41,2413
2026-05-08T10:30:00+00:00,49767.41,49795.41,49739.41,49778.41,3236
2026-05-08T11:00:00+00:00,49778.41,49802.91,49763.41,49785.41,3079
2026-05-08T11:30:00+00:00,49785.41,49797.91,49766.41,49785.91,2160
2026-05-08T12:00:00+00:00,49785.91,49814.41,49776.91,49791.16,3666
2026-05-08T12:30:00+00:00,49791.16,49889.41,49755.41,49786.41,9470
2026-05-08T13:00:00+00:00,49786.41,49872.91,49731.41,49872.91,9110
2026-05-08T13:30:00+00:00,49872.91,49881.26,49667.26,49726.76,50430
2026-05-08T14:00:00+00:00,49726.76,49768.76,49659.26,49752.26,27377
2026-05-08T14:30:00+00:00,49752.26,49786.76,49686.26,49699.26,18261
2026-05-08T15:00:00+00:00,49699.26,49714.26,49605.26,49634.26,15125
2026-05-08T15:30:00+00:00,49634.26,49686.26,49600.26,49681.76,14122
2026-05-08T16:00:00+00:00,49681.76,49719.76,49647.76,49657.76,9272
2026-05-08T16:30:00+00:00,49657.76,49673.26,49590.26,49591.26,10469
2026-05-08T17:00:00+00:00,49591.26,49666.76,49588.26,49654.76,9809
2026-05-08T17:30:00+00:00,49654.76,49660.26,49615.26,49641.26,7481
2026-05-08T18:00:00+00:00,49641.26,49694.76,49630.26,49645.26,9018
2026-05-08T18:30:00+00:00,49645.26,49669.26,49517.26,49549.26,8648
2026-05-08T19:00:00+00:00,49549.26,49598.26,49531.26,49581.26,9221
2026-05-08T19:30:00+00:00,49581.26,49641.76,49572.26,49636.26,12284
2026-05-08T20:00:00+00:00,49636.26,49653.91,49604.9,49624.9,2680
2026-05-08T20:30:00+00:00,49624.9,49644.9,49622.4,49644.65,585
2026-05-10T22:00:00+00:00,49644.65,49644.65,49380.4,49444.65,4924
2026-05-10T22:30:00+00:00,49444.65,49511.65,49421.65,49496.15,1625
2026-05-10T23:00:00+00:00,49496.15,49509.65,49475.65,49487.65,1614.6144127281236
2026-05-10T23:30:00+00:00,49487.65,49493.65,49461.15,49464.65,1710
2026-05-11T00:00:00+00:00,49464.65,49485.15,49413.65,49430.65,4730
2026-05-11T00:30:00+00:00,49430.65,49446.15,49387.15,49436.65,5627
2026-05-11T01:00:00+00:00,49436.65,49481.65,49432.15,49474.15,4971
2026-05-11T01:30:00+00:00,49474.15,49476.15,49444.15,49473.15,3183
2026-05-11T02:00:00+00:00,49473.15,49493.15,49462.65,49490.15,2015
2026-05-11T02:30:00+00:00,49490.15,49494.15,49467.65,49472.15,1452
2026-05-11T03:00:00+00:00,49472.15,49502.65,49451.65,49499.15,1987
2026-05-11T03:30:00+00:00,49499.15,49526.15,49498.65,49500.65,1536
2026-05-11T04:00:00+00:00,49500.65,49508.65,49482.15,49501.15,1131
2026-05-11T04:30:00+00:00,49501.15,49503.15,49484.65,49493.15,781
2026-05-11T05:00:00+00:00,49493.15,49517.15,49492.15,49512.15,1067
2026-05-11T05:30:00+00:00,49512.15,49521.15,49500.15,49510.15,1559
2026-05-11T06:00:00+00:00,49510.15,49541.65,49505.65,49532.65,2084
2026-05-11T06:30:00+00:00,49532.65,49549.65,49512.65,49546.15,2109
2026-05-11T07:00:00+00:00,49546.15,49562.15,49527.65,49531.15,3167
2026-05-11T07:30:00+00:00,49531.15,49548.65,49512.15,49539.15,2547
2026-05-11T08:00:00+00:00,49539.15,49615.15,49532.15,49595.65,4511
2026-05-11T08:30:00+00:00,49595.65,49617.15,49576.15,49581.65,2574
2026-05-11T09:00:00+00:00,49581.65,49598.65,49568.15,49589.65,2598
2026-05-11T09:30:00+00:00,49589.65,49618.65,49578.15,49578.15,2250
2026-05-11T10:00:00+00:00,49578.15,49609.65,49574.65,49595.15,1956
2026-05-11T10:30:00+00:00,49595.15,49609.65,49570.65,49578.65,2480
2026-05-11T11:00:00+00:00,49578.65,49578.65,49528.65,49544.15,2707
2026-05-11T11:30:00+00:00,49544.15,49578.15,49504.65,49523.15,3222
2026-05-11T12:00:00+00:00,49523.15,49583.65,49523.15,49573.15,4256
2026-05-11T12:30:00+00:00,49573.15,49608.65,49509.65,49534.65,5393
2026-05-11T13:00:00+00:00,49534.65,49605.65,49524.15,49581.15,5236
2026-05-11T13:30:00+00:00,49581.15,49716.5,49472,49715,63847
2026-05-11T14:00:00+00:00,49715,49723.5,49557,49705.5,31821
2026-05-11T14:30:00+00:00,49705.5,49713.5,49587.5,49648.5,27552
2026-05-11T15:00:00+00:00,49648.5,49692.5,49607.5,49662.5,16828
2026-05-11T15:30:00+00:00,49662.5,49682,49592.5,49618.5,15630
2026-05-11T16:00:00+00:00,49618.5,49664.5,49583,49637,11203
2026-05-11T16:30:00+00:00,49637,49660.5,49571,49593.5,14983
2026-05-11T17:00:00+00:00,49593.5,49674.5,49583,49669.5,9737
2026-05-11T17:30:00+00:00,49669.5,49748.5,49669,49744.5,8978
2026-05-11T18:00:00+00:00,49744.5,49780.5,49701,49705.5,8546
2026-05-11T18:30:00+00:00,49705.5,49720.5,49620,49623.5,9683
2026-05-11T19:00:00+00:00,49623.5,49662.5,49601.5,49655.5,12152
2026-05-11T19:30:00+00:00,49655.5,49716,49623.5,49715.5,14103
2026-05-11T20:00:00+00:00,49715.5,49724.15,49669.65,49699.15,4310
2026-05-11T20:30:00+00:00,49699.15,49736.65,49693.65,49722.4,1635
2026-05-11T22:00:00+00:00,49722.4,49747.21,49704.96,49739.71,1179
2026-05-11T22:30:00+00:00,49739.71,49752.21,49725.21,49730.71,298.9591033020297
2026-05-11T23:00:00+00:00,49730.71,49734.21,49721.71,49726.71,348
2026-05-11T23:30:00+00:00,49726.71,49726.71,49703.71,49716.21,579.4847553696872
2026-05-12T00:00:00+00:00,49716.21,49717.21,49680.71,49694.21,3112
2026-05-12T00:30:00+00:00,49694.21,49697.21,49658.71,49669.71,2149
2026-05-12T01:00:00+00:00,49669.71,49682.71,49655.21,49677.71,3044
2026-05-12T01:30:00+00:00,49677.71,49691.71,49623.71,49686.71,6718
2026-05-12T02:00:00+00:00,49686.71,49724.71,49669.71,49694.21,3771
2026-05-12T02:30:00+00:00,49694.21,49707.71,49682.21,49695.21,1979
2026-05-12T03:00:00+00:00,49695.21,49709.21,49681.71,49686.71,1655
2026-05-12T03:30:00+00:00,49686.71,49704.21,49674.71,49680.21,1375
2026-05-12T04:00:00+00:00,49680.21,49699.71,49679.21,49689.71,1404
2026-05-12T04:30:00+00:00,49689.71,49704.21,49676.21,49677.71,1578
2026-05-12T05:00:00+00:00,49677.71,49692.21,49661.71,49685.21,1998
2026-05-12T05:30:00+00:00,49685.21,49705.71,49664.21,49690.21,2352
2026-05-12T06:00:00+00:00,49690.21,49696.71,49649.71,49655.21,3252
2026-05-12T06:30:00+00:00,49655.21,49660.21,49596.21,49602.71,2743
2026-05-12T07:00:00+00:00,49602.71,49655.71,49553.71,49645.21,5560
2026-05-12T07:30:00+00:00,49645.21,49696.21,49635.71,49681.71,3895
2026-05-12T08:00:00+00:00,49681.71,49716.21,49664.21,49673.21,6351
2026-05-12T08:30:00+00:00,49673.21,49696.21,49645.21,49656.21,4187
2026-05-12T09:00:00+00:00,49656.21,49665.71,49628.21,49646.71,3828
2026-05-12T09:30:00+00:00,49646.71,49695.71,49619.21,49640.21,5012
2026-05-12T10:00:00+00:00,49640.21,49669.21,49635.21,49661.21,2498
2026-05-12T10:30:00+00:00,49661.21,49678.71,49644.21,49678.71,2811
2026-05-12T11:00:00+00:00,49678.71,49705.21,49631.21,49645.71,6442
2026-05-12T11:30:00+00:00,49645.71,49707.21,49645.71,49673.21,3424
2026-05-12T12:00:00+00:00,49673.21,49677.71,49638.21,49666.96,4675
2026-05-12T12:30:00+00:00,49666.96,49743.21,49629.71,49731.21,9310
2026-05-12T13:00:00+00:00,49731.21,49740.71,49623.71,49644.21,6639
2026-05-12T13:30:00+00:00,49644.21,49699.060000000005,49307.060000000005,49415.060000000005,65136
2026-05-12T14:00:00+00:00,49415.060000000005,49500.060000000005,49353.060000000005,49444.060000000005,35845
2026-05-12T14:30:00+00:00,49444.060000000005,49464.060000000005,49351.560000000005,49437.060000000005,30800
2026-05-12T15:00:00+00:00,49437.060000000005,49471.560000000005,49399.560000000005,49466.060000000005,27506
2026-05-12T15:30:00+00:00,49466.060000000005,49566.560000000005,49451.060000000005,49529.060000000005,21784
2026-05-12T16:00:00+00:00,49529.060000000005,49555.060000000005,49489.060000000005,49540.060000000005,17069
2026-05-12T16:30:00+00:00,49540.060000000005,49643.560000000005,49516.560000000005,49641.060000000005,17991
2026-05-12T17:00:00+00:00,49641.060000000005,49736.560000000005,49625.060000000005,49715.060000000005,19908
2026-05-12T17:30:00+00:00,49715.060000000005,49730.060000000005,49681.060000000005,49721.060000000005,13733
2026-05-12T18:00:00+00:00,49721.060000000005,49786.560000000005,49681.560000000005,49764.560000000005,15577
2026-05-12T18:30:00+00:00,49764.560000000005,49787.060000000005,49745.560000000005,49779.560000000005,11786
2026-05-12T19:00:00+00:00,49779.560000000005,49821.060000000005,49765.060000000005,49795.060000000005,12827
2026-05-12T19:30:00+00:00,49795.060000000005,49834.060000000005,49771.560000000005,49785.560000000005,17240
2026-05-12T20:00:00+00:00,49785.560000000005,49788.21,49747.21,49767.71,3822
2026-05-12T20:30:00+00:00,49767.71,49783.71,49748.71,49778.96,1725
2026-05-12T22:00:00+00:00,49778.96,49801.57,49754.82,49797.57,1739
2026-05-12T22:30:00+00:00,49797.57,49803.57,49780.07,49783.07,863
2026-05-12T23:00:00+00:00,49783.07,49784.07,49764.07,49769.07,1255
2026-05-12T23:30:00+00:00,49769.07,49771.57,49728.07,49731.07,1739
2026-05-13T00:00:00+00:00,49731.07,49777.07,49730.07,49751.07,5514
2026-05-13T00:30:00+00:00,49751.07,49778.57,49742.07,49755.57,4092
2026-05-13T01:00:00+00:00,49755.57,49771.57,49740.57,49771.57,3037
2026-05-13T01:30:00+00:00,49771.57,49797.57,49768.07,49768.57,3360
2026-05-13T02:00:00+00:00,49768.57,49768.57,49744.07,49761.57,1934
2026-05-13T02:30:00+00:00,49761.57,49766.57,49753.07,49755.57,952
2026-05-13T03:00:00+00:00,49755.57,49758.07,49734.07,49757.07,1647
2026-05-13T03:30:00+00:00,49757.07,49791.57,49756.57,49782.57,1249
2026-05-13T04:00:00+00:00,49782.57,49785.57,49767.57,49769.57,812
2026-05-13T04:30:00+00:00,49769.57,49789.07,49756.07,49784.07,1096
2026-05-13T05:00:00+00:00,49784.07,49804.57,49778.07,49800.07,1466
2026-05-13T05:30:00+00:00,49800.07,49809.07,49792.57,49797.07,1127
2026-05-13T06:00:00+00:00,49797.07,49799.57,49756.07,49766.57,1947
2026-05-13T06:30:00+00:00,49766.57,49775.57,49744.57,49762.57,1547
2026-05-13T07:00:00+00:00,49762.57,49777.57,49742.57,49759.57,3170
2026-05-13T07:30:00+00:00,49759.57,49799.07,49758.57,49774.07,2249
2026-05-13T08:00:00+00:00,49774.07,49791.57,49742.57,49749.57,3651
2026-05-13T08:30:00+00:00,49749.57,49769.07,49694.07,49715.07,2559
2026-05-13T09:00:00+00:00,49715.07,49723.07,49652.57,49652.57,2868
2026-05-13T09:30:00+00:00,49652.57,49682.57,49632.57,49679.57,2958
2026-05-13T10:00:00+00:00,49679.57,49704.07,49638.57,49641.07,3814
2026-05-13T10:30:00+00:00,49641.07,49661.07,49613.07,49640.57,2671
2026-05-13T11:00:00+00:00,49640.57,49667.07,49629.07,49643.07,3298
2026-05-13T11:30:00+00:00,49643.07,49672.07,49639.07,49646.57,2682
2026-05-13T12:00:00+00:00,49646.57,49661.07,49597.07,49612.57,3950
2026-05-13T12:30:00+00:00,49612.57,49612.57,49506.57,49535.07,11205
2026-05-13T13:00:00+00:00,49535.07,49652.57,49535.07,49615.07,6819
2026-05-13T13:30:00+00:00,49615.07,49618.420000000006,49450.420000000006,49548.920000000006,59693
2026-05-13T14:00:00+00:00,49548.920000000006,49658.420000000006,49536.920000000006,49644.920000000006,33920
2026-05-13T14:30:00+00:00,49644.920000000006,49683.920000000006,49485.920000000006,49500.920000000006,23473
2026-05-13T15:00:00+00:00,49500.920000000006,49544.420000000006,49456.420000000006,49515.920000000006,19128
2026-05-13T15:30:00+00:00,49515.920000000006,49577.920000000006,49506.920000000006,49550.920000000006,14044
2026-05-13T16:00:00+00:00,49550.920000000006,49650.420000000006,49517.920000000006,49629.920000000006,13213
2026-05-13T16:30:00+00:00,49629.920000000006,49641.920000000006,49571.920000000006,49604.920000000006,11327
2026-05-13T17:00:00+00:00,49604.920000000006,49659.920000000006,49593.420000000006,49632.920000000006,10430
2026-05-13T17:30:00+00:00,49632.920000000006,49676.920000000006,49606.920000000006,49668.920000000006,9338
2026-05-13T18:00:00+00:00,49668.920000000006,49728.420000000006,49656.920000000006,49703.920000000006,11284
2026-05-13T18:30:00+00:00,49703.920000000006,49732.920000000006,49653.420000000006,49708.920000000006,10888
2026-05-13T19:00:00+00:00,49708.920000000006,49747.920000000006,49701.420000000006,49737.420000000006,9831
2026-05-13T19:30:00+00:00,49737.420000000006,49756.920000000006,49685.920000000006,49710.420000000006,12738
2026-05-13T20:00:00+00:00,49710.420000000006,49793.57,49692.07,49789.57,4277
2026-05-13T20:30:00+00:00,49789.57,49826.57,49788.57,49812.32,1609
2026-05-13T22:00:00+00:00,49812.32,49845.62,49794.12,49819.12,1999
2026-05-13T22:30:00+00:00,49819.12,49838.62,49816.62,49825.62,998
2026-05-13T23:00:00+00:00,49825.62,49833.62,49812.12,49816.12,1494.822229289235
2026-05-13T23:30:00+00:00,49816.12,49827.62,49806.62,49820.12,736
2026-05-14T00:00:00+00:00,49820.12,49836.62,49798.12,49832.12,3438
2026-05-14T00:30:00+00:00,49832.12,49849.12,49814.12,49831.62,2198
2026-05-14T01:00:00+00:00,49831.62,49834.12,49801.12,49814.12,1845
2026-05-14T01:30:00+00:00,49814.12,49818.12,49791.62,49797.62,2059
2026-05-14T02:00:00+00:00,49797.62,49817.62,49795.62,49816.12,1470
2026-05-14T02:30:00+00:00,49816.12,49833.62,49814.12,49824.12,1504
2026-05-14T03:00:00+00:00,49824.12,49842.12,49821.62,49839.62,1359
2026-05-14T03:30:00+00:00,49839.62,49841.12,49815.12,49822.62,1337
2026-05-14T04:00:00+00:00,49822.62,49835.12,49815.12,49833.12,1272
2026-05-14T04:30:00+00:00,49833.12,49844.12,49822.62,49826.62,1306
2026-05-14T05:00:00+00:00,49826.62,49834.12,49814.12,49823.62,2015
2026-05-14T05:30:00+00:00,49823.62,49881.12,49817.62,49845.62,4101
2026-05-14T06:00:00+00:00,49845.62,49880.12,49845.12,49862.62,3269
2026-05-14T06:30:00+00:00,49862.62,49901.12,49861.62,49880.62,2716
2026-05-14T07:00:00+00:00,49880.62,49886.12,49848.12,49862.12,3719
2026-05-14T07:30:00+00:00,49862.12,49901.62,49823.12,49827.62,3247
2026-05-14T08:00:00+00:00,49827.62,49934.12,49816.62,49928.62,5172
2026-05-14T08:30:00+00:00,49928.62,49952.62,49912.12,49933.62,3475
2026-05-14T09:00:00+00:00,49933.62,49960.12,49913.12,49916.12,3197
2026-05-14T09:30:00+00:00,49916.12,49971.12,49884.12,49962.62,3727
2026-05-14T10:00:00+00:00,49962.62,50039.62,49950.12,50029.12,5492
2026-05-14T10:30:00+00:00,50029.12,50071.12,49997.12,50055.12,4322
2026-05-14T11:00:00+00:00,50055.12,50112.62,50044.62,50051.12,4772
2026-05-14T11:30:00+00:00,50051.12,50112.62,50046.62,50079.62,3343
2026-05-14T12:00:00+00:00,50079.62,50150.62,50078.12,50115.12,5260
2026-05-14T12:30:00+00:00,50115.12,50161.12,50102.12,50160.12,5370
2026-05-14T13:00:00+00:00,50160.12,50185.62,50115.12,50142.12,6670
2026-05-14T13:30:00+00:00,50142.12,50172.97,49900.97,49977.97,63826
2026-05-14T14:00:00+00:00,49977.97,50014.97,49873.97,49955.97,33776
2026-05-14T14:30:00+00:00,49955.97,50091.97,49906.97,50065.97,26297
2026-05-14T15:00:00+00:00,50065.97,50120.97,50056.47,50081.97,19518
2026-05-14T15:30:00+00:00,50081.97,50190.47,50051.97,50186.97,16929
2026-05-14T16:00:00+00:00,50186.97,50212.47,50079.97,50092.97,18080
2026-05-14T16:30:00+00:00,50092.97,50114.97,49983.47,50018.97,19234
2026-05-14T17:00:00+00:00,50018.97,50071.47,49980.47,50014.97,20649
2026-05-14T17:30:00+00:00,50014.97,50095.97,50000.47,50031.97,14341
2026-05-14T18:00:00+00:00,50031.97,50117.47,49988.97,50063.97,16368
2026-05-14T18:30:00+00:00,50063.97,50100.97,50052.47,50084.97,12547
2026-05-14T19:00:00+00:00,50084.97,50112.47,50067.47,50072.97,11101
2026-05-14T19:30:00+00:00,50072.97,50100.97,50051.47,50076.97,12797
2026-05-14T20:00:00+00:00,50076.97,50097.12,50033.12,50038.62,3581
2026-05-14T20:30:00+00:00,50038.62,50084.12,50034.62,50077.37,1852
2026-05-14T22:00:00+00:00,50077.37,50077.37,50026.53,50042.53,1474
2026-05-14T22:30:00+00:00,50042.53,50050.53,50038.03,50041.53,1030
2026-05-14T23:00:00+00:00,50041.53,50056.53,50037.03,50047.03,801.2031441906165
2026-05-14T23:30:00+00:00,50047.03,50050.03,50007.03,50013.53,1287
2026-05-15T00:00:00+00:00,50013.53,50017.03,49975.03,50006.03,4419
2026-05-15T00:30:00+00:00,50006.03,50008.03,49953.03,49961.53,4259
2026-05-15T01:00:00+00:00,49961.53,49966.53,49882.53,49895.53,5193
2026-05-15T01:30:00+00:00,49895.53,49912.53,49854.53,49862.53,7624
2026-05-15T02:00:00+00:00,49862.53,49924.53,49858.03,49908.03,4913
2026-05-15T02:30:00+00:00,49908.03,49966.53,49902.03,49940.53,4656
2026-05-15T03:00:00+00:00,49940.53,49967.03,49926.53,49958.53,2926
2026-05-15T03:30:00+00:00,49958.53,49961.53,49916.03,49942.53,3791
2026-05-15T04:00:00+00:00,49942.53,49947.03,49920.53,49942.53,2421
2026-05-15T04:30:00+00:00,49942.53,49947.53,49917.53,49933.53,3164
2026-05-15T05:00:00+00:00,49933.53,49935.03,49899.53,49921.03,4856
2026-05-15T05:30:00+00:00,49921.03,49922.03,49830.03,49836.03,6435
2026-05-15T06:00:00+00:00,49836.03,49907.03,49825.03,49854.53,8814
2026-05-15T06:30:00+00:00,49854.53,49907.53,49845.03,49878.03,6350
2026-05-15T07:00:00+00:00,49878.03,49898.03,49864.03,49885.03,5740
2026-05-15T07:30:00+00:00,49885.03,49893.53,49825.53,49830.53,5163
2026-05-15T08:00:00+00:00,49830.53,49836.03,49688.53,49695.53,11257
2026-05-15T08:30:00+00:00,49695.53,49786.53,49646.03,49749.53,10651
2026-05-15T09:00:00+00:00,49749.53,49770.53,49700.53,49743.53,8761
2026-05-15T09:30:00+00:00,49743.53,49744.53,49675.53,49727.53,9031
2026-05-15T10:00:00+00:00,49727.53,49815.53,49700.03,49754.03,8578
2026-05-15T10:30:00+00:00,49754.03,49889.53,49736.53,49832.53,12810
2026-05-15T11:00:00+00:00,49832.53,49856.53,49765.53,49786.53,7837
2026-05-15T11:30:00+00:00,49786.53,49788.53,49702.53,49703.53,7102
2026-05-15T12:00:00+00:00,49703.53,49703.53,49593.53,49608.03,9888
2026-05-15T12:30:00+00:00,49608.03,49625.53,49563.53,49607.53,10461
2026-05-15T13:00:00+00:00,49607.53,49741.53,49584.53,49713.53,11128
2026-05-15T13:30:00+00:00,49713.53,49752.880000000005,49518.880000000005,49628.380000000005,65527
2026-05-15T14:00:00+00:00,49628.380000000005,49746.880000000005,49573.880000000005,49666.380000000005,39734
2026-05-15T14:30:00+00:00,49666.380000000005,49728.380000000005,49602.380000000005,49624.380000000005,32181
2026-05-15T15:00:00+00:00,49624.380000000005,49644.880000000005,49567.28,49602.380000000005,24443
2026-05-15T15:30:00+00:00,49602.380000000005,49645.880000000005,49487.880000000005,49555.880000000005,28006
2026-05-15T16:00:00+00:00,49555.880000000005,49605.380000000005,49498.880000000005,49595.880000000005,21233
2026-05-15T16:30:00+00:00,49595.880000000005,49649.380000000005,49579.380000000005,49615.380000000005,16777
2026-05-15T17:00:00+00:00,49615.380000000005,49694.380000000005,49595.380000000005,49644.380000000005,14999
2026-05-15T17:30:00+00:00,49644.380000000005,49660.880000000005,49596.380000000005,49626.880000000005,14250
2026-05-15T18:00:00+00:00,49626.880000000005,49650.380000000005,49557.880000000005,49581.880000000005,18800
2026-05-15T18:30:00+00:00,49581.880000000005,49600.380000000005,49525.880000000005,49589.380000000005,17215
2026-05-15T19:00:00+00:00,49589.380000000005,49602.880000000005,49544.380000000005,49573.380000000005,15318
2026-05-15T19:30:00+00:00,49573.380000000005,49601.380000000005,49506.880000000005,49519.880000000005,22119
2026-05-15T20:00:00+00:00,49519.880000000005,49520.03,49361.27,49395.27,10798
2026-05-15T20:30:00+00:00,49395.27,49423.77,49393.77,49411.52,1674
2026-05-17T22:00:00+00:00,49411.52,49500.31,49383.81,49457.81,4649
2026-05-17T22:30:00+00:00,49457.81,49482.31,49434.81,49481.31,3466
2026-05-17T23:00:00+00:00,49481.31,49484.81,49382.81,49405.81,4415
2026-05-17T23:30:00+00:00,49405.81,49424.81,49318.31,49394.31,10127
2026-05-18T00:00:00+00:00,49394.31,49394.31,49255.31,49304.81,23946
2026-05-18T00:30:00+00:00,49304.81,49317.81,49247.31,49293.31,15653
2026-05-18T01:00:00+00:00,49293.31,49306.31,49158.31,49167.31,15514
2026-05-18T01:30:00+00:00,49167.31,49223.81,49148.31,49198.81,11524
2026-05-18T02:00:00+00:00,49198.81,49215.31,49165.81,49165.81,7111
2026-05-18T02:30:00+00:00,49165.81,49175.31,49113.31,49134.31,5116
2026-05-18T03:00:00+00:00,49134.31,49161.81,49127.31,49143.31,4400
2026-05-18T03:30:00+00:00,49143.31,49146.31,49106.31,49135.81,5073
2026-05-18T04:00:00+00:00,49135.81,49152.31,49097.31,49107.31,4117
2026-05-18T04:30:00+00:00,49107.31,49150.81,49099.31,49146.81,4282
2026-05-18T05:00:00+00:00,49146.81,49191.81,49134.81,49182.31,6109
2026-05-18T05:30:00+00:00,49182.31,49226.31,49170.31,49192.81,5973
2026-05-18T06:00:00+00:00,49192.81,49228.31,49164.81,49168.81,7108
2026-05-18T06:30:00+00:00,49168.81,49224.31,49142.81,49224.31,6863
2026-05-18T07:00:00+00:00,49224.31,49266.31,49161.31,49256.31,8841
2026-05-18T07:30:00+00:00,49256.31,49287.81,49174.31,49234.81,9566
2026-05-18T08:00:00+00:00,49234.81,49280.81,49224.81,49277.81,7120
2026-05-18T08:30:00+00:00,49277.81,49294.31,49239.31,49294.31,5105
2026-05-18T09:00:00+00:00,49294.31,49299.81,49223.81,49233.81,4221
2026-05-18T09:30:00+00:00,49233.81,49266.81,49223.81,49264.81,4611
2026-05-18T10:00:00+00:00,49264.81,49271.81,49179.81,49222.81,5897
2026-05-18T10:30:00+00:00,49222.81,49251.81,49188.31,49208.31,4521
2026-05-18T11:00:00+00:00,49208.31,49245.31,49141.81,49225.81,7195
2026-05-18T11:30:00+00:00,49225.81,49468.81,49222.31,49373.31,17001
2026-05-18T12:00:00+00:00,49373.31,49409.31,49364.81,49404.81,7622
2026-05-18T12:30:00+00:00,49404.81,49645.31,49391.81,49598.31,16846
2026-05-18T13:00:00+00:00,49598.31,49618.81,49519.81,49590.31,10320
2026-05-18T13:30:00+00:00,49590.31,49790.159999999996,49470.659999999996,49698.159999999996,57201
2026-05-18T14:00:00+00:00,49698.159999999996,49737.659999999996,49596.659999999996,49719.659999999996,37024
2026-05-18T14:30:00+00:00,49719.659999999996,49735.659999999996,49576.659999999996,49652.159999999996,32705
2026-05-18T15:00:00+00:00,49652.159999999996,49682.159999999996,49452.659999999996,49463.659999999996,32028
2026-05-18T15:30:00+00:00,49463.659999999996,49576.159999999996,49433.659999999996,49532.659999999996,21973
2026-05-18T16:00:00+00:00,49532.659999999996,49630.159999999996,49495.159999999996,49513.659999999996,23020
2026-05-18T16:30:00+00:00,49513.659999999996,49603.659999999996,49484.159999999996,49549.659999999996,21754
2026-05-18T17:00:00+00:00,49549.659999999996,49651.659999999996,49522.159999999996,49636.159999999996,16786
2026-05-18T17:30:00+00:00,49636.159999999996,49643.659999999996,49555.159999999996,49589.659999999996,14611
2026-05-18T18:00:00+00:00,49589.659999999996,49595.659999999996,49397.159999999996,49454.659999999996,22838
2026-05-18T18:30:00+00:00,49454.659999999996,49479.659999999996,49374.659999999996,49396.659999999996,18854
2026-05-18T19:00:00+00:00,49396.659999999996,49651.159999999996,49387.659999999996,49574.659999999996,32316
2026-05-18T19:30:00+00:00,49574.659999999996,49725.659999999996,49553.659999999996,49715.659999999996,24053
2026-05-18T20:00:00+00:00,49715.659999999996,49720.81,49660.81,49700.81,4752
2026-05-18T20:30:00+00:00,49700.81,49716.81,49681.81,49689.56,2191
2026-05-18T22:00:00+00:00,49689.56,49742.03,49674.03,49734.53,3238
2026-05-18T22:30:00+00:00,49734.53,49757.03,49716.03,49732.53,1856
2026-05-18T23:00:00+00:00,49732.53,49754.53,49727.03,49731.53,1676
2026-05-18T23:30:00+00:00,49731.53,49735.03,49687.53,49696.03,1945
2026-05-19T00:00:00+00:00,49696.03,49756.03,49676.53,49732.53,10273
2026-05-19T00:30:00+00:00,49732.53,49750.53,49684.53,49687.53,6147
2026-05-19T01:00:00+00:00,49687.53,49698.53,49632.53,49659.53,6472
2026-05-19T01:30:00+00:00,49659.53,49709.53,49642.53,49678.53,5620
2026-05-19T02:00:00+00:00,49678.53,49693.03,49631.03,49682.53,6233
2026-05-19T02:30:00+00:00,49682.53,49697.03,49659.53,49666.03,4033
2026-05-19T03:00:00+00:00,49666.03,49709.03,49642.53,49705.53,3177
2026-05-19T03:30:00+00:00,49705.53,49721.03,49661.53,49664.03,3345
2026-05-19T04:00:00+00:00,49664.03,49665.03,49576.03,49594.53,4973
2026-05-19T04:30:00+00:00,49594.53,49638.53,49594.53,49617.53,4793
2026-05-19T05:00:00+00:00,49617.53,49628.53,49545.03,49604.53,6468
2026-05-19T05:30:00+00:00,49604.53,49618.03,49574.53,49595.53,5857
2026-05-19T06:00:00+00:00,49595.53,49661.03,49564.53,49644.53,7753
2026-05-19T06:30:00+00:00,49644.53,49697.53,49635.53,49651.53,5212
2026-05-19T07:00:00+00:00,49651.53,49730.53,49637.03,49688.03,6963
2026-05-19T07:30:00+00:00,49688.03,49775.03,49672.53,49768.53,6829
2026-05-19T08:00:00+00:00,49768.53,49777.03,49628.03,49656.03,8072
2026-05-19T08:30:00+00:00,49656.03,49709.03,49648.03,49697.03,4807
2026-05-19T09:00:00+00:00,49697.03,49697.03,49617.03,49630.53,6161
2026-05-19T09:30:00+00:00,49630.53,49641.03,49535.03,49629.53,8751
2026-05-19T10:00:00+00:00,49629.53,49678.53,49563.53,49623.53,5204
2026-05-19T10:30:00+00:00,49623.53,49657.53,49551.03,49643.03,10385
2026-05-19T11:00:00+00:00,49643.03,49668.53,49586.53,49607.53,7138
2026-05-19T11:30:00+00:00,49607.53,49636.03,49546.53,49547.03,6061
2026-05-19T12:00:00+00:00,49547.03,49616.03,49524.03,49608.03,7159
2026-05-19T12:30:00+00:00,49608.03,49644.53,49603.03,49630.53,5726
2026-05-19T13:00:00+00:00,49630.53,49643.03,49442.53,49478.53,14502
2026-05-19T13:30:00+00:00,49478.53,49623.88,49261.88,49555.38,63812
2026-05-19T14:00:00+00:00,49555.38,49603.88,49435.88,49573.38,42833
2026-05-19T14:30:00+00:00,49573.38,49590.88,49430.38,49504.38,31132
2026-05-19T15:00:00+00:00,49504.38,49566.88,49419.88,49444.88,25909
2026-05-19T15:30:00+00:00,49444.88,49537.38,49422.88,49466.88,21155
2026-05-19T16:00:00+00:00,49466.88,49562.88,49397.88,49536.88,20914
2026-05-19T16:30:00+00:00,49536.88,49595.38,49485.38,49578.88,16958
2026-05-19T17:00:00+00:00,49578.88,49608.88,49549.88,49584.88,14830
2026-05-19T17:30:00+00:00,49584.88,49615.88,49564.88,49598.88,14350
2026-05-19T18:00:00+00:00,49598.88,49632.88,49530.88,49532.38,15614
2026-05-19T18:30:00+00:00,49532.38,49562.38,49435.88,49444.88,17322
2026-05-19T19:00:00+00:00,49444.88,49541.88,49438.88,49471.88,17995
2026-05-19T19:30:00+00:00,49471.88,49474.88,49342.38,49389.88,17580
2026-05-19T20:00:00+00:00,49389.88,49391.53,49335.53,49370.53,3714
2026-05-19T20:30:00+00:00,49370.53,49382.53,49362.53,49369.78,1294
2026-05-19T22:00:00+00:00,49369.78,49393.14,49356.14,49359.14,2057
2026-05-19T22:30:00+00:00,49359.14,49404.64,49357.14,49399.14,2882
2026-05-19T23:00:00+00:00,49399.14,49450.64,49395.64,49441.64,1618
2026-05-19T23:30:00+00:00,49441.64,49488.64,49427.64,49431.14,2909
2026-05-20T00:00:00+00:00,49431.14,49431.14,49290.14,49348.14,13056
2026-05-20T00:30:00+00:00,49348.14,49387.64,49324.14,49356.14,12017
2026-05-20T01:00:00+00:00,49356.14,49380.64,49303.14,49312.14,10929
2026-05-20T01:30:00+00:00,49312.14,49415.14,49258.14,49385.14,12456
2026-05-20T02:00:00+00:00,49385.14,49410.14,49353.14,49353.14,7010
2026-05-20T02:30:00+00:00,49353.14,49353.14,49272.64,49291.14,10554
2026-05-20T03:00:00+00:00,49291.14,49302.14,49239.14,49287.14,6545
2026-05-20T03:30:00+00:00,49287.14,49312.14,49268.14,49299.14,5507
2026-05-20T04:00:00+00:00,49299.14,49350.64,49299.14,49329.64,4630
2026-05-20T04:30:00+00:00,49329.64,49331.14,49291.64,49303.14,3791
2026-05-20T05:00:00+00:00,49303.14,49356.14,49302.14,49331.14,6401
2026-05-20T05:30:00+00:00,49331.14,49385.64,49324.64,49358.64,6258
2026-05-20T06:00:00+00:00,49358.64,49436.64,49354.14,49423.64,7683
2026-05-20T06:30:00+00:00,49423.64,49433.64,49398.14,49416.64,4834
2026-05-20T07:00:00+00:00,49416.64,49438.14,49397.14,49434.64,6114
2026-05-20T07:30:00+00:00,49434.64,49435.14,49370.64,49371.14,4684
2026-05-20T08:00:00+00:00,49371.14,49416.14,49349.14,49415.14,7398
2026-05-20T08:30:00+00:00,49415.14,49477.64,49406.64,49446.14,6114
2026-05-20T09:00:00+00:00,49446.14,49458.14,49410.14,49441.14,4199
2026-05-20T09:30:00+00:00,49441.14,49469.64,49419.64,49458.64,3800
2026-05-20T10:00:00+00:00,49458.64,49509.14,49453.64,49503.14,4129
2026-05-20T10:30:00+00:00,49503.14,49552.14,49461.14,49471.14,4266
2026-05-20T11:00:00+00:00,49471.14,49521.64,49465.64,49521.14,3839
2026-05-20T11:30:00+00:00,49521.14,49548.14,49475.14,49492.64,5977
2026-05-20T12:00:00+00:00,49492.64,49624.64,49487.14,49614.14,6341
2026-05-20T12:30:00+00:00,49614.14,49646.64,49566.64,49567.64,7211
2026-05-20T13:00:00+00:00,49567.64,49608.14,49548.64,49587.14,6548
2026-05-20T13:30:00+00:00,49587.14,49588.99,49248.49,49449.49,55612
2026-05-20T14:00:00+00:00,49449.49,49642.99,49280.99,49632.49,51259
2026-05-20T14:30:00+00:00,49632.49,49770.99,49624.99,49753.99,34628
2026-05-20T15:00:00+00:00,49753.99,49955.99,49698.99,49746.49,34677
2026-05-20T15:30:00+00:00,49746.49,49934.49,49738.99,49878.49,22201
2026-05-20T16:00:00+00:00,49878.49,49920.99,49839.99,49859.99,20098
2026-05-20T16:30:00+00:00,49859.99,49948.99,49818.99,49904.49,22090
2026-05-20T17:00:00+00:00,49904.49,49964.99,49860.99,49955.99,17187
2026-05-20T17:30:00+00:00,49955.99,50013.99,49933.89,49933.89,15930
2026-05-20T18:00:00+00:00,49933.89,49985.99,49896.89,49968.99,14152
2026-05-20T18:30:00+00:00,49968.99,50017.99,49930.49,49990.99,12737
2026-05-20T19:00:00+00:00,49990.99,50044.49,49976.99,50042.99,12727
2026-05-20T19:30:00+00:00,50042.99,50103.49,50014.49,50037.99,18014
2026-05-20T20:00:00+00:00,50037.99,50054.64,50006.64,50038.64,14044
2026-05-20T20:30:00+00:00,50038.64,50045.64,49981.64,49985.89,7024
2026-05-20T22:00:00+00:00,49985.89,49988.35999999999,49886.35999999999,49909.35999999999,8134
2026-05-20T22:30:00+00:00,49909.35999999999,49931.35999999999,49902.35999999999,49910.35999999999,2252
2026-05-20T23:00:00+00:00,49910.35999999999,49937.85999999999,49901.35999999999,49909.35999999999,1753
2026-05-20T23:30:00+00:00,49909.35999999999,49927.85999999999,49894.35999999999,49924.35999999999,1991
2026-05-21T00:00:00+00:00,49924.35999999999,49924.85999999999,49864.35999999999,49888.35999999999,7968
2026-05-21T00:30:00+00:00,49888.35999999999,49918.85999999999,49876.35999999999,49904.85999999999,3959
2026-05-21T01:00:00+00:00,49904.85999999999,49952.35999999999,49902.85999999999,49930.85999999999,3964
2026-05-21T01:30:00+00:00,49930.85999999999,49958.35999999999,49920.85999999999,49940.85999999999,3895
2026-05-21T02:00:00+00:00,49940.85999999999,49972.85999999999,49940.35999999999,49962.35999999999,2428
2026-05-21T02:30:00+00:00,49962.35999999999,49964.35999999999,49934.35999999999,49950.85999999999,2126
2026-05-21T03:00:00+00:00,49950.85999999999,49983.35999999999,49949.85999999999,49973.85999999999,1686
2026-05-21T03:30:00+00:00,49973.85999999999,49989.85999999999,49959.85999999999,49962.85999999999,1599
2026-05-21T04:00:00+00:00,49962.85999999999,49993.35999999999,49959.35999999999,49988.85999999999,1376
2026-05-21T04:30:00+00:00,49988.85999999999,50007.85999999999,49974.85999999999,50003.35999999999,1167
2026-05-21T05:00:00+00:00,50003.35999999999,50022.85999999999,49989.85999999999,49992.35999999999,1934
2026-05-21T05:30:00+00:00,49992.35999999999,49992.85999999999,49900.85999999999,49955.85999999999,5208
2026-05-21T06:00:00+00:00,49955.85999999999,50001.85999999999,49933.35999999999,49973.35999999999,5945
2026-05-21T06:30:00+00:00,49973.35999999999,49978.35999999999,49892.85999999999,49935.85999999999,5124
2026-05-21T07:00:00+00:00,49935.85999999999,49960.85999999999,49905.35999999999,49906.35999999999,6921
2026-05-21T07:30:00+00:00,49906.35999999999,49961.35999999999,49901.85999999999,49949.85999999999,4111
2026-05-21T08:00:00+00:00,49949.85999999999,50145.85999999999,49948.35999999999,50071.85999999999,11769
2026-05-21T08:30:00+00:00,50071.85999999999,50086.35999999999,50042.85999999999,50061.35999999999,7267
2026-05-21T09:00:00+00:00,50061.35999999999,50156.35999999999,50055.85999999999,50146.35999999999,6290
2026-05-21T09:30:00+00:00,50146.35999999999,50159.85999999999,50081.85999999999,50107.35999999999,4666
2026-05-21T10:00:00+00:00,50107.35999999999,50225.35999999999,49998.35999999999,50046.85999999999,11178
2026-05-21T10:30:00+00:00,50046.85999999999,50051.35999999999,49836.10999999999,49882.85999999999,19800
2026-05-21T11:00:00+00:00,49882.85999999999,49973.35999999999,49845.85999999999,49932.35999999999,10260
2026-05-21T11:30:00+00:00,49932.35999999999,49986.85999999999,49913.35999999999,49945.35999999999,6277
2026-05-21T12:00:00+00:00,49945.35999999999,49968.35999999999,49859.85999999999,49875.85999999999,7413
2026-05-21T12:30:00+00:00,49875.85999999999,49958.85999999999,49849.35999999999,49863.35999999999,14491
2026-05-21T13:00:00+00:00,49863.35999999999,49935.35999999999,49843.85999999999,49868.85999999999,11764
2026-05-21T13:30:00+00:00,49868.85999999999,50032.21,49716.71,50015.21,65273
2026-05-21T14:00:00+00:00,50015.21,50074.21,49967.21,50056.71,44002
2026-05-21T14:30:00+00:00,50056.71,50101.71,49907.71,49971.71,32582
2026-05-21T15:00:00+00:00,49971.71,50005.21,49877.71,49916.21,34419
2026-05-21T15:30:00+00:00,49916.21,49965.71,49860.21,49950.21,22210
2026-05-21T16:00:00+00:00,49950.21,50002.21,49894.21,49910.21,20101
2026-05-21T16:30:00+00:00,49910.21,49956.71,49879.21,49941.71,15314
2026-05-21T17:00:00+00:00,49941.71,50210.21,49925.21,50192.21,44789
2026-05-21T17:30:00+00:00,50192.21,50386.21,50163.71,50324.71,28642
2026-05-21T18:00:00+00:00,50324.71,50411.71,50252.21,50396.71,27993
2026-05-21T18:30:00+00:00,50396.71,50409.21,50164.71,50214.21,35808
2026-05-21T19:00:00+00:00,50214.21,50334.21,50206.21,50297.21,22201
2026-05-21T19:30:00+00:00,50297.21,50358.21,50261.21,50313.21,21090
2026-05-21T20:00:00+00:00,50313.21,50377.35999999999,50308.85999999999,50333.35999999999,4121
2026-05-21T20:30:00+00:00,50333.35999999999,50349.35999999999,50331.85999999999,50346.35999999999,1363
2026-05-21T22:00:00+00:00,50346.35999999999,50388.85999999999,50340.85999999999,50366.35999999999,1671
2026-05-21T22:30:00+00:00,50366.35999999999,50390.35999999999,50349.35999999999,50385.35999999999,1355
2026-05-21T23:00:00+00:00,50385.35999999999,50389.35999999999,50374.85999999999,50380.85999999999,551
2026-05-21T23:30:00+00:00,50380.85999999999,50410.35999999999,50372.85999999999,50390.35999999999,1247
2026-05-22T00:00:00+00:00,50390.35999999999,50445.85999999999,50370.85999999999,50417.85999999999,4602
2026-05-22T00:30:00+00:00,50417.85999999999,50455.35999999999,50415.85999999999,50443.85999999999,2455
2026-05-22T01:00:00+00:00,50443.85999999999,50444.35999999999,50402.85999999999,50431.85999999999,3047
2026-05-22T01:30:00+00:00,50431.85999999999,50449.85999999999,50403.85999999999,50435.85999999999,2745
2026-05-22T02:00:00+00:00,50435.85999999999,50458.35999999999,50430.35999999999,50438.35999999999,1979
2026-05-22T02:30:00+00:00,50438.35999999999,50466.35999999999,50434.85999999999,50452.85999999999,1572
2026-05-22T03:00:00+00:00,50452.85999999999,50456.85999999999,50434.85999999999,50451.35999999999,1318
2026-05-22T03:30:00+00:00,50451.35999999999,50480.35999999999,50451.35999999999,50479.35999999999,1150
2026-05-22T04:00:00+00:00,50479.35999999999,50507.85999999999,50478.85999999999,50500.35999999999,1249
2026-05-22T04:30:00+00:00,50500.35999999999,50500.85999999999,50481.85999999999,50496.35999999999,1132
2026-05-22T05:00:00+00:00,50496.35999999999,50502.35999999999,50464.85999999999,50471.35999999999,1306
2026-05-22T05:30:00+00:00,50471.35999999999,50481.85999999999,50415.35999999999,50425.85999999999,2073
2026-05-22T06:00:00+00:00,50425.85999999999,50481.85999999999,50407.35999999999,50457.35999999999,3910
2026-05-22T06:30:00+00:00,50457.35999999999,50494.85999999999,50443.35999999999,50457.35999999999,2881
2026-05-22T07:00:00+00:00,50457.35999999999,50471.85999999999,50400.85999999999,50467.85999999999,4402
2026-05-22T07:30:00+00:00,50467.85999999999,50468.85999999999,50405.35999999999,50459.35999999999,3693
2026-05-22T08:00:00+00:00,50459.35999999999,50528.85999999999,50443.85999999999,50483.85999999999,6150
2026-05-22T08:30:00+00:00,50483.85999999999,50487.85999999999,50397.85999999999,50449.35999999999,6177
2026-05-22T09:00:00+00:00,50449.35999999999,50449.35999999999,50388.85999999999,50428.85999999999,4571
2026-05-22T09:30:00+00:00,50428.85999999999,50480.85999999999,50401.35999999999,50473.85999999999,3394
2026-05-22T10:00:00+00:00,50473.85999999999,50487.85999999999,50421.85999999999,50423.85999999999,3058
2026-05-22T10:30:00+00:00,50423.85999999999,50441.35999999999,50379.35999999999,50437.35999999999,3628
2026-05-22T11:00:00+00:00,50437.35999999999,50472.85999999999,50430.35999999999,50455.35999999999,3441
2026-05-22T11:30:00+00:00,50455.35999999999,50528.35999999999,50434.85999999999,50493.35999999999,4267
2026-05-22T12:00:00+00:00,50493.35999999999,50696.35999999999,50484.85999999999,50606.35999999999,13769
2026-05-22T12:30:00+00:00,50606.35999999999,50742.85999999999,50595.35999999999,50736.85999999999,7066
2026-05-22T13:00:00+00:00,50736.85999999999,50800.85999999999,50679.85999999999,50681.35999999999,10390
2026-05-22T13:30:00+00:00,50681.35999999999,50711.21,50547.71,50707.21,56993
2026-05-22T14:00:00+00:00,50707.21,50719.21,50541.71,50614.71,36414
2026-05-22T14:30:00+00:00,50614.71,50659.21,50565.71,50611.71,21103
2026-05-22T15:00:00+00:00,50611.71,50721.21,50582.21,50720.21,16632
2026-05-22T15:30:00+00:00,50720.21,50738.71,50687.71,50707.71,15220
2026-05-22T16:00:00+00:00,50707.71,50723.21,50657.71,50720.71,13154
2026-05-22T16:30:00+00:00,50720.71,50768.21,50703.71,50711.71,12183
2026-05-22T17:00:00+00:00,50711.71,50846.21,50659.21,50840.71,18149
2026-05-22T17:30:00+00:00,50840.71,50854.71,50737.71,50756.71,18531
2026-05-22T18:00:00+00:00,50756.71,50768.71,50700.71,50738.71,10695
2026-05-22T18:30:00+00:00,50738.71,50755.71,50692.21,50693.71,9233
2026-05-22T19:00:00+00:00,50693.71,50700.71,50629.71,50636.71,13544
2026-05-22T19:30:00+00:00,50636.71,50669.21,50582.21,50587.71,17395
2026-05-22T20:00:00+00:00,50587.71,50633.35999999999,50579.85999999999,50614.45,2984
2026-05-22T20:30:00+00:00,50614.45,50625.45,50575.45,50578.7,1905
2026-05-24T22:00:00+00:00,50578.7,50896.68,50578.7,50850.68,4160
2026-05-24T22:30:00+00:00,50850.68,50892.68,50834.18,50866.68,2408
2026-05-24T23:00:00+00:00,50866.68,50915.18,50864.68,50897.68,1316
2026-05-24T23:30:00+00:00,50897.68,50930.18,50878.18,50881.18,2375
2026-05-25T00:00:00+00:00,50881.18,50940.68,50876.18,50930.18,4316
2026-05-25T00:30:00+00:00,50930.18,50945.18,50892.68,50902.18,3469
2026-05-25T01:00:00+00:00,50902.18,50943.68,50892.18,50941.18,3039
2026-05-25T01:30:00+00:00,50941.18,50954.18,50932.68,50945.68,2057
2026-05-25T02:00:00+00:00,50945.68,50971.18,50945.68,50969.18,1443
2026-05-25T02:30:00+00:00,50969.18,50995.18,50965.18,50989.18,1324
2026-05-25T03:00:00+00:00,50989.18,51030.18,50989.18,51009.18,2823
2026-05-25T03:30:00+00:00,51009.18,51031.18,51002.68,51003.18,1756
2026-05-25T04:00:00+00:00,51003.18,51022.18,51003.18,51015.18,966
2026-05-25T04:30:00+00:00,51015.18,51027.68,51002.68,51009.68,1037
2026-05-25T05:00:00+00:00,51009.68,51045.18,51008.18,51034.18,1301
2026-05-25T05:30:00+00:00,51034.18,51059.68,51029.68,51034.18,1341
2026-05-25T06:00:00+00:00,51034.18,51034.18,51002.68,51027.68,1981
2026-05-25T06:30:00+00:00,51027.68,51027.68,51003.68,51006.18,2170
2026-05-25T07:00:00+00:00,51006.18,51024.18,50956.18,51003.18,4805
2026-05-25T07:30:00+00:00,51003.18,51080.68,51001.68,51040.68,3727
2026-05-25T08:00:00+00:00,51040.68,51055.18,51013.18,51016.68,2762
2026-05-25T08:30:00+00:00,51016.68,51067.68,51009.18,51057.68,1820
2026-05-25T09:00:00+00:00,51057.68,51071.68,51047.68,51057.68,1176
2026-05-25T09:30:00+00:00,51057.68,51088.68,51057.18,51068.68,1380
2026-05-25T10:00:00+00:00,51068.68,51096.68,51059.18,51066.18,1716
2026-05-25T10:30:00+00:00,51066.18,51081.18,51055.18,51065.68,1271
2026-05-25T11:00:00+00:00,51065.68,51071.68,51034.68,51065.18,1460
2026-05-25T11:30:00+00:00,51065.18,51112.68,51065.18,51094.18,2050
2026-05-25T12:00:00+00:00,51094.18,51157.68,51078.68,51123.18,2743
2026-05-25T12:30:00+00:00,51123.18,51130.68,51092.18,51094.68,2375
2026-05-25T13:00:00+00:00,51094.68,51094.68,51075.68,51089.68,1816
2026-05-25T13:30:00+00:00,51089.68,51152.53,51058.03,51094.53,4415
2026-05-25T14:00:00+00:00,51094.53,51112.03,51070.53,51108.53,2985
2026-05-25T14:30:00+00:00,51108.53,51116.53,51070.03,51073.53,2991
2026-05-25T15:00:00+00:00,51073.53,51180.03,51030.03,51083.03,9801
2026-05-25T15:30:00+00:00,51083.03,51119.03,51062.03,51102.53,2569
2026-05-25T16:00:00+00:00,51102.53,51107.03,51044.53,51049.03,1732
2026-05-25T16:30:00+00:00,51049.03,51110.53,51042.03,51109.53,2773
2026-05-25T17:00:00+00:00,51109.53,51130.43000000001,51030.04999999999,51052.84999999999,466.8208417420114
2026-05-25T17:30:00+00:00,51052.84999999999,51057.350000000006,51034.95,51034.95,138.9768845987275
2026-05-25T18:00:00+00:00,51034.95,51037.84999999999,51021.850000000006,51024.55000000002,487.4907919078348
2026-05-25T18:30:00+00:00,51024.55000000002,51036.95,51023.250000000015,51036.95,437.49747983619864
2026-05-25T19:00:00+00:00,51036.95,51038.55,51022.05,51029.55,326.4486909406088
2026-05-25T19:30:00+00:00,51029.55,51041.25,51019.149999999994,51032.75,1995.286180243368
2026-05-25T22:00:00+00:00,51095.64,51095.64,51004.17,51023.67,1021
2026-05-25T22:30:00+00:00,51023.67,51023.67,50953.42,50973.17,2443
2026-05-25T23:00:00+00:00,50973.17,50979.67,50935.17,50965.67,2293
2026-05-25T23:30:00+00:00,50965.67,50985.17,50959.17,50968.17,1729
2026-05-26T00:00:00+00:00,50968.17,50976.67,50894.17,50917.17,6149
2026-05-26T00:30:00+00:00,50917.17,50950.17,50902.67,50916.17,3474
2026-05-26T01:00:00+00:00,50916.17,50933.67,50888.67,50902.67,4084
2026-05-26T01:30:00+00:00,50902.67,50939.17,50886.17,50937.17,3674
2026-05-26T02:00:00+00:00,50937.17,50944.67,50899.17,50911.67,2008
2026-05-26T02:30:00+00:00,50911.67,50913.67,50892.17,50900.17,1553
2026-05-26T03:00:00+00:00,50900.17,50922.17,50889.67,50913.17,1196
2026-05-26T03:30:00+00:00,50913.17,50931.67,50913.17,50922.17,1163
2026-05-26T04:00:00+00:00,50922.17,50935.17,50907.17,50923.17,951
2026-05-26T04:30:00+00:00,50923.17,50934.67,50911.17,50921.17,1147
2026-05-26T05:00:00+00:00,50921.17,50944.67,50909.17,50939.17,1512
2026-05-26T05:30:00+00:00,50939.17,50948.17,50912.67,50922.17,1579
2026-05-26T06:00:00+00:00,50922.17,50966.67,50911.67,50934.67,2388
2026-05-26T06:30:00+00:00,50934.67,50974.67,50927.67,50933.67,2075
2026-05-26T07:00:00+00:00,50933.67,50957.67,50875.42,50895.67,5478
2026-05-26T07:30:00+00:00,50895.67,50915.67,50863.17,50896.67,3885
2026-05-26T08:00:00+00:00,50896.67,50906.17,50865.67,50873.17,3376
2026-05-26T08:30:00+00:00,50873.17,50883.17,50836.17,50852.17,2604
2026-05-26T09:00:00+00:00,50852.17,50866.17,50813.17,50864.67,3432
2026-05-26T09:30:00+00:00,50864.67,50878.17,50826.67,50842.17,2229
2026-05-26T10:00:00+00:00,50842.17,50851.17,50811.67,50847.67,2733
2026-05-26T10:30:00+00:00,50847.67,50901.17,50845.67,50888.17,3716
2026-05-26T11:00:00+00:00,50888.17,50922.67,50862.67,50903.17,2788
2026-05-26T11:30:00+00:00,50903.17,50919.67,50824.17,50892.67,4204
2026-05-26T12:00:00+00:00,50892.67,50896.67,50833.67,50890.67,3233
2026-05-26T12:30:00+00:00,50890.67,50891.67,50838.67,50839.67,2589
2026-05-26T13:00:00+00:00,50839.67,50844.67,50728.17,50728.67,5658
2026-05-26T13:30:00+00:00,50728.67,50804.52,50632.02,50645.02,59495
2026-05-26T14:00:00+00:00,50645.02,50723.52,50571.02,50590.02,31780
2026-05-26T14:30:00+00:00,50590.02,50645.52,50494.52,50559.52,22792
2026-05-26T15:00:00+00:00,50559.52,50562.52,50475.02,50477.52,20731
2026-05-26T15:30:00+00:00,50477.52,50505.52,50454.52,50498.52,18355
2026-05-26T16:00:00+00:00,50498.52,50523.52,50454.52,50505.52,12400
2026-05-26T16:30:00+00:00,50505.52,50519.52,50409.52,50410.52,10077
2026-05-26T17:00:00+00:00,50410.52,50468.52,50394.52,50399.52,9598
2026-05-26T17:30:00+00:00,50399.52,50431.02,50383.52,50405.52,8787
2026-05-26T18:00:00+00:00,50405.52,50448.52,50376.52,50409.52,9180
2026-05-26T18:30:00+00:00,50409.52,50448.02,50388.02,50398.52,8713
2026-05-26T19:00:00+00:00,50398.52,50420.02,50372.02,50418.52,8622
2026-05-26T19:30:00+00:00,50418.52,50528.52,50418.52,50507.52,11771
2026-05-26T20:00:00+00:00,50507.52,50527.67,50463.67,50469.17,2158
2026-05-26T20:30:00+00:00,50469.17,50493.67,50461.67,50465.67,825
2026-05-26T22:00:00+00:00,50465.67,50494.42,50446.67,50476.42,2368
2026-05-26T22:30:00+00:00,50476.42,50501.42,50475.92,50495.42,1151
2026-05-26T23:00:00+00:00,50495.42,50517.42,50486.92,50514.42,890
2026-05-26T23:30:00+00:00,50514.42,50553.42,50502.42,50546.92,1394
2026-05-27T00:00:00+00:00,50546.92,50568.92,50525.42,50549.42,4065
2026-05-27T00:30:00+00:00,50549.42,50565.92,50539.42,50555.92,2893
2026-05-27T01:00:00+00:00,50555.92,50556.92,50531.92,50545.42,2399
2026-05-27T01:30:00+00:00,50545.42,50547.42,50520.92,50524.92,1469
2026-05-27T02:00:00+00:00,50524.92,50549.92,50524.92,50543.42,1193
2026-05-27T02:30:00+00:00,50543.42,50550.42,50530.42,50544.42,1003
2026-05-27T03:00:00+00:00,50544.42,50556.42,50539.42,50546.42,667
2026-05-27T03:30:00+00:00,50546.42,50547.92,50531.42,50541.42,853
2026-05-27T04:00:00+00:00,50541.42,50548.42,50521.42,50523.42,971
2026-05-27T04:30:00+00:00,50523.42,50558.92,50520.42,50552.42,1210
2026-05-27T05:00:00+00:00,50552.42,50573.42,50549.92,50572.42,1692
2026-05-27T05:30:00+00:00,50572.42,50600.92,50552.92,50594.42,1599
2026-05-27T06:00:00+00:00,50594.42,50611.92,50586.42,50593.42,1880
2026-05-27T06:30:00+00:00,50593.42,50600.42,50568.92,50592.42,1725
2026-05-27T07:00:00+00:00,50592.42,50627.92,50591.42,50620.92,2378
2026-05-27T07:30:00+00:00,50620.92,50633.42,50608.92,50616.92,1666
2026-05-27T08:00:00+00:00,50616.92,50686.92,50609.92,50676.42,3279
2026-05-27T08:30:00+00:00,50676.42,50708.42,50661.42,50690.92,2127
2026-05-27T09:00:00+00:00,50690.92,50738.42,50689.42,50723.42,1969
2026-05-27T09:30:00+00:00,50723.42,50749.92,50715.42,50739.42,1561
2026-05-27T10:00:00+00:00,50739.42,50749.42,50720.92,50725.42,1613
2026-05-27T10:30:00+00:00,50725.42,50738.42,50714.92,50719.42,1397
2026-05-27T11:00:00+00:00,50719.42,50724.42,50636.42,50636.42,3355
2026-05-27T11:30:00+00:00,50636.42,50636.42,50520.42,50533.42,3327
2026-05-27T12:00:00+00:00,50533.42,50652.92,50459.92,50619.92,14628
2026-05-27T12:30:00+00:00,50619.92,50648.42,50545.92,50566.42,7892
2026-05-27T13:00:00+00:00,50566.42,50578.42,50494.92,50564.92,7419
2026-05-27T13:30:00+00:00,50564.92,50699.77,50556.77,50627.27,64119
2026-05-27T14:00:00+00:00,50627.27,50825.27,50596.77,50815.77,34627
2026-05-27T14:30:00+00:00,50815.77,50848.77,50709.27,50766.77,26464
2026-05-27T15:00:00+00:00,50766.77,50791.77,50665.77,50678.27,19952
2026-05-27T15:30:00+00:00,50678.27,50740.77,50607.27,50645.77,19937
2026-05-27T16:00:00+00:00,50645.77,50707.77,50611.27,50693.77,12602
2026-05-27T16:30:00+00:00,50693.77,50712.27,50667.77,50669.27,9429
2026-05-27T17:00:00+00:00,50669.27,50699.77,50612.27,50659.77,12335
2026-05-27T17:30:00+00:00,50659.77,50700.27,50651.77,50684.27,8492
2026-05-27T18:00:00+00:00,50684.27,50702.77,50621.77,50670.77,9197
2026-05-27T18:30:00+00:00,50670.77,50742.77,50663.27,50722.77,7708
2026-05-27T19:00:00+00:00,50722.77,50738.77,50704.27,50710.27,7179
2026-05-27T19:30:00+00:00,50710.27,50716.77,50635.27,50669.77,12544
2026-05-27T20:00:00+00:00,50669.77,50735.42,50608.92,50680.92,5593
2026-05-27T20:30:00+00:00,50680.92,50761.42,50680.92,50743.17,1630
2026-05-27T22:00:00+00:00,50743.17,50775.17,50729.17,50729.17,1741
2026-05-27T22:30:00+00:00,50729.17,50741.17,50708.92,50728.17,930
2026-05-27T23:00:00+00:00,50728.17,50759.67,50712.67,50725.67,1253.6354143019296
2026-05-27T23:30:00+00:00,50725.67,50725.67,50673.17,50684.67,2782
2026-05-28T00:00:00+00:00,50684.67,50728.17,50677.67,50713.67,5860
2026-05-28T00:30:00+00:00,50713.67,50753.17,50691.67,50741.67,4537
2026-05-28T01:00:00+00:00,50741.67,50748.67,50710.67,50728.17,3659
2026-05-28T01:30:00+00:00,50728.17,50751.17,50713.17,50744.17,3263
2026-05-28T02:00:00+00:00,50744.17,50751.17,50685.67,50686.17,3042
2026-05-28T02:30:00+00:00,50686.17,50694.17,50647.67,50667.17,2986
2026-05-28T03:00:00+00:00,50667.17,50680.17,50634.67,50645.17,4578
2026-05-28T03:30:00+00:00,50645.17,50648.67,50578.67,50583.67,9173
2026-05-28T04:00:00+00:00,50583.67,50594.67,50555.67,50578.67,5244
2026-05-28T04:30:00+00:00,50578.67,50608.67,50578.67,50588.17,2441
2026-05-28T05:00:00+00:00,50588.17,50612.17,50574.67,50609.67,3121
2026-05-28T05:30:00+00:00,50609.67,50677.17,50609.67,50657.67,3568
2026-05-28T06:00:00+00:00,50657.67,50673.67,50650.17,50670.67,2220
2026-05-28T06:30:00+00:00,50670.67,50684.17,50639.67,50679.67,2262
2026-05-28T07:00:00+00:00,50679.67,50697.17,50641.17,50652.67,3882
2026-05-28T07:30:00+00:00,50652.67,50669.17,50615.67,50666.17,3459
2026-05-28T08:00:00+00:00,50666.17,50686.17,50609.17,50628.17,4554
2026-05-28T08:30:00+00:00,50628.17,50640.17,50617.67,50640.17,2347
2026-05-28T09:00:00+00:00,50640.17,50662.67,50633.17,50648.17,2223
2026-05-28T09:30:00+00:00,50648.17,50662.67,50626.67,50650.17,2434
2026-05-28T10:00:00+00:00,50650.17,50655.17,50625.17,50645.17,2278
2026-05-28T10:30:00+00:00,50645.17,50649.17,50539.67,50572.67,5126
2026-05-28T11:00:00+00:00,50572.67,50600.17,50567.17,50577.17,4497
2026-05-28T11:30:00+00:00,50577.17,50608.67,50568.67,50597.17,2980
2026-05-28T12:00:00+00:00,50597.17,50599.17,50537.67,50547.42,3906
2026-05-28T12:30:00+00:00,50547.42,50634.67,50547.42,50612.67,6464
2026-05-28T13:00:00+00:00,50612.67,50640.17,50521.67,50522.67,5866
2026-05-28T13:30:00+00:00,50522.67,50618.52,50348.52,50538.52,46948
2026-05-28T14:00:00+00:00,50538.52,50815.02,50464.02,50664.02,42403
2026-05-28T14:30:00+00:00,50664.02,50691.52,50566.52,50643.52,25424
2026-05-28T15:00:00+00:00,50643.52,50720.02,50622.52,50679.52,17560
2026-05-28T15:30:00+00:00,50679.52,50755.52,50651.52,50728.52,11543
2026-05-28T16:00:00+00:00,50728.52,50735.02,50685.02,50690.02,11162
2026-05-28T16:30:00+00:00,50690.02,50749.02,50682.52,50736.52,7831
2026-05-28T17:00:00+00:00,50736.52,50752.52,50663.52,50672.52,7476
2026-05-28T17:30:00+00:00,50672.52,50683.52,50649.52,50659.52,6881
2026-05-28T18:00:00+00:00,50659.52,50671.52,50623.52,50646.52,8329
2026-05-28T18:30:00+00:00,50646.52,50648.02,50599.02,50623.52,6923
2026-05-28T19:00:00+00:00,50623.52,50707.52,50620.52,50699.52,6314
2026-05-28T19:30:00+00:00,50699.52,50726.52,50671.02,50706.52,10663
2026-05-28T20:00:00+00:00,50706.52,50761.67,50701.67,50760.17,3294
2026-05-28T20:30:00+00:00,50760.17,50766.17,50713.67,50722.92,1932
2026-05-28T22:00:00+00:00,50722.92,50746.81,50710.81,50715.81,1583.8676470588234
2026-05-28T22:30:00+00:00,50715.81,50728.81,50708.81,50709.81,752
2026-05-28T23:00:00+00:00,50709.81,50732.31,50709.81,50722.31,912
2026-05-28T23:30:00+00:00,50722.31,50722.31,50696.81,50703.31,1000
2026-05-29T00:00:00+00:00,50703.31,50728.81,50686.81,50711.81,2878
2026-05-29T00:30:00+00:00,50711.81,50712.31,50681.81,50695.81,2051
2026-05-29T01:00:00+00:00,50695.81,50711.81,50676.31,50683.81,2359
2026-05-29T01:30:00+00:00,50683.81,50703.31,50670.31,50697.81,2032
2026-05-29T02:00:00+00:00,50697.81,50725.31,50692.31,50701.81,1428
2026-05-29T02:30:00+00:00,50701.81,50717.31,50698.81,50706.81,1151
2026-05-29T03:00:00+00:00,50706.81,50739.81,50705.81,50735.31,1369
2026-05-29T03:30:00+00:00,50735.31,50749.81,50726.31,50736.31,1350
2026-05-29T04:00:00+00:00,50736.31,50759.81,50736.31,50756.81,1258
2026-05-29T04:30:00+00:00,50756.81,50764.31,50749.81,50752.81,715
2026-05-29T05:00:00+00:00,50752.81,50757.31,50740.81,50753.81,668
2026-05-29T05:30:00+00:00,50753.81,50753.81,50721.31,50745.31,1006
2026-05-29T06:00:00+00:00,50745.31,50758.81,50722.31,50722.81,1918
2026-05-29T06:30:00+00:00,50722.81,50762.31,50717.81,50757.31,1956
2026-05-29T07:00:00+00:00,50757.31,50778.81,50725.31,50744.81,2450
2026-05-29T07:30:00+00:00,50744.81,50757.81,50711.81,50755.31,2926
2026-05-29T08:00:00+00:00,50755.31,50786.81,50748.81,50759.81,3338
2026-05-29T08:30:00+00:00,50759.81,50776.31,50733.31,50755.31,2255
2026-05-29T09:00:00+00:00,50755.31,50831.81,50752.81,50822.81,3016
2026-05-29T09:30:00+00:00,50822.81,50835.81,50806.31,50809.31,2149
2026-05-29T10:00:00+00:00,50809.31,50809.81,50766.31,50782.31,2285
2026-05-29T10:30:00+00:00,50782.31,50814.81,50777.31,50812.31,1804
2026-05-29T11:00:00+00:00,50812.31,50859.81,50806.81,50843.31,2245
2026-05-29T11:30:00+00:00,50843.31,50873.31,50798.81,50869.31,3559
2026-05-29T12:00:00+00:00,50869.31,50871.81,50834.31,50853.31,2720
2026-05-29T12:30:00+00:00,50853.31,50865.31,50806.31,50841.31,3864
2026-05-29T13:00:00+00:00,50841.31,50853.81,50760.31,50767.81,4799
2026-05-29T13:30:00+00:00,50767.81,50926.16,50698.16,50856.16,56932
2026-05-29T14:00:00+00:00,50856.16,50936.16,50817.16,50907.16,34336
2026-05-29T14:30:00+00:00,50907.16,51047.16,50859.16,51001.16,35836
2026-05-29T15:00:00+00:00,51001.16,51108.66,51000.16,51048.16,24145
2026-05-29T15:30:00+00:00,51048.16,51091.16,51032.16,51076.66,19377
2026-05-29T16:00:00+00:00,51076.66,51082.16,50996.16,51022.16,11031
2026-05-29T16:30:00+00:00,51022.16,51103.16,51009.16,51013.16,11819
2026-05-29T17:00:00+00:00,51013.16,51059.66,50976.66,51043.16,10332
2026-05-29T17:30:00+00:00,51043.16,51053.66,50936.66,50940.16,11108
2026-05-29T18:00:00+00:00,50940.16,51007.16,50935.66,50987.16,10085
2026-05-29T18:30:00+00:00,50987.16,51050.16,50938.16,50969.16,13713
2026-05-29T19:00:00+00:00,50969.16,51086.16,50958.66,51082.16,9881
2026-05-29T19:30:00+00:00,51082.16,51107.66,51014.16,51050.66,18496
2026-05-29T20:00:00+00:00,51050.66,51067.31,50999.81,51012.31,4218
2026-05-29T20:30:00+00:00,51012.31,51017.31,50996.81,51007.56,763
2026-05-31T22:00:00+00:00,51007.56,51046.49999999999,50934.49999999999,50995.99999999999,3119
2026-05-31T22:30:00+00:00,50995.99999999999,51034.99999999999,50987.99999999999,51032.49999999999,1452
2026-05-31T23:00:00+00:00,51032.49999999999,51053.49999999999,51021.99999999999,51051.99999999999,842
2026-05-31T23:30:00+00:00,51051.99999999999,51059.49999999999,51036.99999999999,51045.49999999999,1025
2026-06-01T00:00:00+00:00,51045.49999999999,51102.99999999999,51038.49999999999,51065.49999999999,4959
2026-06-01T00:30:00+00:00,51065.49999999999,51073.49999999999,51041.49999999999,51058.99999999999,2199
2026-06-01T01:00:00+00:00,51058.99999999999,51073.49999999999,51027.99999999999,51047.49999999999,2178
2026-06-01T01:30:00+00:00,51047.49999999999,51086.49999999999,51043.49999999999,51083.99999999999,1344
2026-06-01T02:00:00+00:00,51083.99999999999,51102.49999999999,51079.49999999999,51092.49999999999,1195
2026-06-01T02:30:00+00:00,51092.49999999999,51095.49999999999,51080.49999999999,51093.99999999999,710
2026-06-01T03:00:00+00:00,51093.99999999999,51099.99999999999,51057.99999999999,51091.49999999999,1159
2026-06-01T03:30:00+00:00,51091.49999999999,51106.99999999999,51047.49999999999,51053.49999999999,1666
2026-06-01T04:00:00+00:00,51053.49999999999,51066.99999999999,51047.99999999999,51060.49999999999,797
2026-06-01T04:30:00+00:00,51060.49999999999,51075.99999999999,51059.49999999999,51071.99999999999,660
2026-06-01T05:00:00+00:00,51071.99999999999,51072.49999999999,51053.49999999999,51054.99999999999,809
2026-06-01T05:30:00+00:00,51054.99999999999,51074.99999999999,51053.49999999999,51073.99999999999,1003
2026-06-01T06:00:00+00:00,51073.99999999999,51074.99999999999,51038.49999999999,51042.99999999999,1206
2026-06-01T06:30:00+00:00,51042.99999999999,51051.49999999999,51026.99999999999,51042.99999999999,1637
2026-06-01T07:00:00+00:00,51042.99999999999,51077.99999999999,51037.49999999999,51057.99999999999,3062
2026-06-01T07:30:00+00:00,51057.99999999999,51062.99999999999,51023.49999999999,51057.99999999999,2127
2026-06-01T08:00:00+00:00,51057.99999999999,51117.99999999999,51056.49999999999,51116.49999999999,3026
2026-06-01T08:30:00+00:00,51116.49999999999,51163.49999999999,51091.99999999999,51153.49999999999,2341
2026-06-01T09:00:00+00:00,51153.49999999999,51190.99999999999,51130.49999999999,51190.99999999999,1934
2026-06-01T09:30:00+00:00,51190.99999999999,51217.99999999999,51170.99999999999,51180.99999999999,2151
2026-06-01T10:00:00+00:00,51180.99999999999,51233.99999999999,51177.49999999999,51218.49999999999,1736
2026-06-01T10:30:00+00:00,51218.49999999999,51254.49999999999,51207.49999999999,51243.99999999999,1721
2026-06-01T11:00:00+00:00,51243.99999999999,51303.99999999999,51233.99999999999,51295.49999999999,4359
2026-06-01T11:30:00+00:00,51295.49999999999,51322.49999999999,51239.99999999999,51239.99999999999,2936
2026-06-01T12:00:00+00:00,51239.99999999999,51246.99999999999,51156.99999999999,51161.49999999999,4924
2026-06-01T12:30:00+00:00,51161.49999999999,51196.99999999999,51121.99999999999,51161.49999999999,5004
2026-06-01T13:00:00+00:00,51161.49999999999,51177.49999999999,50909.49999999999,50922.49999999999,20851
2026-06-01T13:30:00+00:00,50922.49999999999,50979.34999999999,50796.34999999999,50960.24999999999,59187
2026-06-01T14:00:00+00:00,50960.24999999999,51024.34999999999,50864.34999999999,50884.34999999999,34432
2026-06-01T14:30:00+00:00,50884.34999999999,50893.34999999999,50762.84999999999,50823.34999999999,20079
2026-06-01T15:00:00+00:00,50823.34999999999,50904.34999999999,50782.34999999999,50882.34999999999,15152
2026-06-01T15:30:00+00:00,50882.34999999999,50961.34999999999,50870.34999999999,50907.34999999999,18734
2026-06-01T16:00:00+00:00,50907.34999999999,50930.84999999999,50805.34999999999,50823.34999999999,12554
2026-06-01T16:30:00+00:00,50823.34999999999,50937.34999999999,50817.34999999999,50898.34999999999,12281
2026-06-01T17:00:00+00:00,50898.34999999999,50957.34999999999,50836.84999999999,50955.84999999999,8716
2026-06-01T17:30:00+00:00,50955.84999999999,51060.34999999999,50912.84999999999,50993.84999999999,17172
2026-06-01T18:00:00+00:00,50993.84999999999,51058.84999999999,50992.84999999999,51036.34999999999,8377
2026-06-01T18:30:00+00:00,51036.34999999999,51078.34999999999,51013.34999999999,51053.34999999999,6048
2026-06-01T19:00:00+00:00,51053.34999999999,51092.84999999999,51023.34999999999,51084.84999999999,7449
2026-06-01T19:30:00+00:00,51084.84999999999,51114.34999999999,51060.34999999999,51073.34999999999,10768
2026-06-01T20:00:00+00:00,51073.34999999999,51085.49999999999,51047.49999999999,51052.99999999999,2192
2026-06-01T20:30:00+00:00,51052.99999999999,51077.99999999999,51042.99999999999,51046.24999999999,2769
2026-06-01T22:00:00+00:00,51046.24999999999,51046.24999999999,50957.549999999996,50958.049999999996,4777
2026-06-01T22:30:00+00:00,50958.049999999996,50966.049999999996,50931.549999999996,50945.049999999996,1875
2026-06-01T23:00:00+00:00,50945.049999999996,50956.549999999996,50935.549999999996,50937.549999999996,758
2026-06-01T23:30:00+00:00,50937.549999999996,50957.549999999996,50895.799999999996,50918.049999999996,1880
2026-06-02T00:00:00+00:00,50918.049999999996,50929.049999999996,50852.049999999996,50859.049999999996,5311
2026-06-02T00:30:00+00:00,50859.049999999996,50874.549999999996,50810.549999999996,50819.049999999996,3383
2026-06-02T01:00:00+00:00,50819.049999999996,50854.549999999996,50816.549999999996,50843.549999999996,3992
2026-06-02T01:30:00+00:00,50843.549999999996,50850.049999999996,50803.049999999996,50818.049999999996,2903
2026-06-02T02:00:00+00:00,50818.049999999996,50836.049999999996,50818.049999999996,50831.049999999996,1611
2026-06-02T02:30:00+00:00,50831.049999999996,50842.549999999996,50825.049999999996,50832.549999999996,1403
2026-06-02T03:00:00+00:00,50832.549999999996,50857.549999999996,50823.049999999996,50852.549999999996,1487
2026-06-02T03:30:00+00:00,50852.549999999996,50863.049999999996,50840.549999999996,50861.549999999996,1430
2026-06-02T04:00:00+00:00,50861.549999999996,50873.049999999996,50857.049999999996,50860.549999999996,1302
2026-06-02T04:30:00+00:00,50860.549999999996,50878.549999999996,50845.549999999996,50877.549999999996,946
2026-06-02T05:00:00+00:00,50877.549999999996,50894.049999999996,50866.049999999996,50890.549999999996,1411
2026-06-02T05:30:00+00:00,50890.549999999996,50909.549999999996,50879.549999999996,50881.549999999996,1515
2026-06-02T06:00:00+00:00,50881.549999999996,50918.549999999996,50875.549999999996,50916.549999999996,1720
2026-06-02T06:30:00+00:00,50916.549999999996,50937.049999999996,50904.049999999996,50927.549999999996,1668
2026-06-02T07:00:00+00:00,50927.549999999996,50972.549999999996,50926.549999999996,50959.549999999996,2490
2026-06-02T07:30:00+00:00,50959.549999999996,51013.049999999996,50950.549999999996,51009.549999999996,2171
2026-06-02T08:00:00+00:00,51009.549999999996,51015.549999999996,50934.549999999996,50935.049999999996,4173
2026-06-02T08:30:00+00:00,50935.049999999996,50960.549999999996,50920.049999999996,50947.549999999996,2625
2026-06-02T09:00:00+00:00,50947.549999999996,50947.549999999996,50862.549999999996,50869.049999999996,2176
2026-06-02T09:30:00+00:00,50869.049999999996,50880.049999999996,50838.049999999996,50856.549999999996,2393
2026-06-02T10:00:00+00:00,50856.549999999996,50865.049999999996,50834.049999999996,50859.049999999996,2031
2026-06-02T10:30:00+00:00,50859.049999999996,50888.049999999996,50856.549999999996,50873.549999999996,1582
2026-06-02T11:00:00+00:00,50873.549999999996,50884.049999999996,50822.549999999996,50841.049999999996,2400
2026-06-02T11:30:00+00:00,50841.049999999996,50859.049999999996,50827.549999999996,50838.549999999996,1922
2026-06-02T12:00:00+00:00,50838.549999999996,50890.049999999996,50820.549999999996,50867.549999999996,2633
2026-06-02T12:30:00+00:00,50867.549999999996,50871.549999999996,50796.549999999996,50814.549999999996,4082
2026-06-02T13:00:00+00:00,50814.549999999996,50850.049999999996,50772.549999999996,50804.049999999996,7328
2026-06-02T13:30:00+00:00,50804.049999999996,51242.899999999994,50803.899999999994,50918.899999999994,63449
2026-06-02T14:00:00+00:00,50918.899999999994,50992.899999999994,50873.899999999994,50954.899999999994,34586
2026-06-02T14:30:00+00:00,50954.899999999994,51151.899999999994,50947.899999999994,51147.899999999994,22205
2026-06-02T15:00:00+00:00,51147.899999999994,51278.899999999994,51131.399999999994,51221.399999999994,17914
2026-06-02T15:30:00+00:00,51221.399999999994,51242.899999999994,51181.899999999994,51195.899999999994,12351
2026-06-02T16:00:00+00:00,51195.899999999994,51211.899999999994,51143.399999999994,51168.399999999994,11761
2026-06-02T16:30:00+00:00,51168.399999999994,51236.899999999994,51157.899999999994,51224.399999999994,9092
2026-06-02T17:00:00+00:00,51224.399999999994,51241.399999999994,51185.899999999994,51195.899999999994,8639
2026-06-02T17:30:00+00:00,51195.899999999994,51239.899999999994,51195.399999999994,51219.899999999994,7597
2026-06-02T18:00:00+00:00,51219.899999999994,51309.899999999994,51214.399999999994,51292.899999999994,7196
2026-06-02T18:30:00+00:00,51292.899999999994,51342.899999999994,51287.899999999994,51331.899999999994,6783
2026-06-02T19:00:00+00:00,51331.899999999994,51347.899999999994,51291.899999999994,51343.899999999994,6410
2026-06-02T19:30:00+00:00,51343.899999999994,51374.399999999994,51320.399999999994,51328.399999999994,9339
2026-06-02T20:00:00+00:00,51328.399999999994,51372.549999999996,51328.049999999996,51347.049999999996,2793
2026-06-02T20:30:00+00:00,51347.049999999996,51369.049999999996,51340.049999999996,51360.299999999996,1011
2026-06-02T22:00:00+00:00,51360.299999999996,51360.299999999996,51324.27999999999,51337.27999999999,2855
2026-06-02T22:30:00+00:00,51337.27999999999,51345.77999999999,51305.77999999999,51321.77999999999,1312
2026-06-02T23:00:00+00:00,51321.77999999999,51325.27999999999,51209.27999999999,51274.27999999999,4046
2026-06-02T23:30:00+00:00,51274.27999999999,51345.27999999999,51253.77999999999,51335.27999999999,4856
2026-06-03T00:00:00+00:00,51335.27999999999,51351.77999999999,51310.27999999999,51314.77999999999,3956
2026-06-03T00:30:00+00:00,51314.77999999999,51325.77999999999,51306.27999999999,51314.77999999999,2019
2026-06-03T01:00:00+00:00,51314.77999999999,51323.27999999999,51294.77999999999,51307.27999999999,2181
2026-06-03T01:30:00+00:00,51307.27999999999,51326.27999999999,51297.27999999999,51310.27999999999,1793
2026-06-03T02:00:00+00:00,51310.27999999999,51320.77999999999,51304.27999999999,51316.77999999999,963
2026-06-03T02:30:00+00:00,51316.77999999999,51324.77999999999,51309.27999999999,51312.77999999999,632
2026-06-03T03:00:00+00:00,51312.77999999999,51328.77999999999,51307.27999999999,51307.27999999999,655
2026-06-03T03:30:00+00:00,51307.27999999999,51320.27999999999,51307.27999999999,51315.27999999999,686
2026-06-03T04:00:00+00:00,51315.27999999999,51321.27999999999,51309.27999999999,51314.27999999999,474
2026-06-03T04:30:00+00:00,51314.27999999999,51315.27999999999,51297.77999999999,51303.77999999999,495
2026-06-03T05:00:00+00:00,51303.77999999999,51316.27999999999,51294.27999999999,51295.27999999999,922
2026-06-03T05:30:00+00:00,51295.27999999999,51295.77999999999,51272.77999999999,51274.27999999999,1338
2026-06-03T06:00:00+00:00,51274.27999999999,51284.77999999999,51251.27999999999,51254.77999999999,2350
2026-06-03T06:30:00+00:00,51254.77999999999,51269.27999999999,51239.27999999999,51258.27999999999,2517
2026-06-03T07:00:00+00:00,51258.27999999999,51261.27999999999,51225.27999999999,51231.27999999999,2625
2026-06-03T07:30:00+00:00,51231.27999999999,51244.27999999999,51203.77999999999,51217.27999999999,2903
2026-06-03T08:00:00+00:00,51217.27999999999,51220.77999999999,51181.77999999999,51213.77999999999,3997
2026-06-03T08:30:00+00:00,51213.77999999999,51219.77999999999,51187.77999999999,51196.27999999999,2879
2026-06-03T09:00:00+00:00,51196.27999999999,51199.77999999999,51144.27999999999,51145.27999999999,2438
2026-06-03T09:30:00+00:00,51145.27999999999,51155.77999999999,51125.77999999999,51130.77999999999,2542
2026-06-03T10:00:00+00:00,51130.77999999999,51213.27999999999,51127.27999999999,51162.77999999999,6101
2026-06-03T10:30:00+00:00,51162.77999999999,51168.77999999999,51109.77999999999,51166.27999999999,2409
2026-06-03T11:00:00+00:00,51166.27999999999,51201.27999999999,51162.27999999999,51196.77999999999,2735
2026-06-03T11:30:00+00:00,51196.77999999999,51223.27999999999,51186.27999999999,51188.27999999999,2540
2026-06-03T12:00:00+00:00,51188.27999999999,51197.27999999999,51130.27999999999,51132.27999999999,3413
2026-06-03T12:30:00+00:00,51132.27999999999,51138.27999999999,51075.27999999999,51117.27999999999,5005
2026-06-03T13:00:00+00:00,51117.27999999999,51165.27999999999,51009.77999999999,51033.77999999999,5909
2026-06-03T13:30:00+00:00,51033.77999999999,51201.13,50964.63,51018.13,65719
2026-06-03T14:00:00+00:00,51018.13,51062.13,50862.63,50951.63,35315
2026-06-03T14:30:00+00:00,50951.63,51001.13,50891.63,50934.63,23544
2026-06-03T15:00:00+00:00,50934.63,50947.63,50867.63,50930.13,20279
2026-06-03T15:30:00+00:00,50930.13,50939.63,50816.63,50878.63,19152
2026-06-03T16:00:00+00:00,50878.63,50906.13,50838.13,50878.63,14991
2026-06-03T16:30:00+00:00,50878.63,50891.63,50844.13,50872.63,14733
2026-06-03T17:00:00+00:00,50872.63,50911.13,50833.13,50859.13,12156
2026-06-03T17:30:00+00:00,50859.13,50906.63,50828.63,50887.63,9352
2026-06-03T18:00:00+00:00,50887.63,50908.13,50867.63,50906.13,8988.718393985517
2026-06-03T18:30:00+00:00,50906.13,50912.13,50846.13,50856.13,8283
2026-06-03T19:00:00+00:00,50856.13,50860.13,50793.13,50797.63,10986
2026-06-03T19:30:00+00:00,50797.63,50837.63,50724.63,50743.77999999999,16014
2026-06-03T20:00:00+00:00,50743.77999999999,50758.27999999999,50698.77999999999,50740.77999999999,9879
2026-06-03T20:30:00+00:00,50740.77999999999,50750.27999999999,50674.77999999999,50696.52999999999,5415
2026-06-03T22:00:00+00:00,50696.52999999999,50765.189999999995,50692.439999999995,50748.689999999995,3742
2026-06-03T22:30:00+00:00,50748.689999999995,50780.689999999995,50710.689999999995,50769.689999999995,2870
2026-06-03T23:00:00+00:00,50769.689999999995,50773.689999999995,50713.689999999995,50733.689999999995,2410
2026-06-03T23:30:00+00:00,50733.689999999995,50747.189999999995,50709.189999999995,50741.189999999995,2791
2026-06-04T00:00:00+00:00,50741.189999999995,50770.689999999995,50715.689999999995,50730.189999999995,6981
2026-06-04T00:30:00+00:00,50730.189999999995,50776.189999999995,50726.689999999995,50746.689999999995,4410
2026-06-04T01:00:00+00:00,50746.689999999995,50771.689999999995,50733.689999999995,50741.689999999995,4157
2026-06-04T01:30:00+00:00,50741.689999999995,50766.689999999995,50706.189999999995,50729.189999999995,4228
2026-06-04T02:00:00+00:00,50729.189999999995,50734.689999999995,50680.689999999995,50717.189999999995,4707
2026-06-04T02:30:00+00:00,50717.189999999995,50728.189999999995,50687.189999999995,50715.689999999995,2725
2026-06-04T03:00:00+00:00,50715.689999999995,50732.689999999995,50707.189999999995,50725.689999999995,1883
2026-06-04T03:30:00+00:00,50725.689999999995,50733.189999999995,50691.689999999995,50726.689999999995,1926
2026-06-04T04:00:00+00:00,50726.689999999995,50741.189999999995,50713.189999999995,50731.189999999995,1471
2026-06-04T04:30:00+00:00,50731.189999999995,50747.689999999995,50719.189999999995,50739.189999999995,1727
2026-06-04T05:00:00+00:00,50739.189999999995,50743.189999999995,50702.189999999995,50703.689999999995,2567
2026-06-04T05:30:00+00:00,50703.689999999995,50738.189999999995,50701.689999999995,50731.689999999995,2912
2026-06-04T06:00:00+00:00,50731.689999999995,50768.189999999995,50723.189999999995,50757.189999999995,3246
2026-06-04T06:30:00+00:00,50757.189999999995,50792.689999999995,50750.689999999995,50785.189999999995,3365
2026-06-04T07:00:00+00:00,50785.189999999995,50852.689999999995,50776.189999999995,50851.689999999995,4329
2026-06-04T07:30:00+00:00,50851.689999999995,50863.189999999995,50816.189999999995,50838.189999999995,3174
2026-06-04T08:00:00+00:00,50838.189999999995,50887.189999999995,50817.189999999995,50886.689999999995,6662
2026-06-04T08:30:00+00:00,50886.689999999995,50936.189999999995,50831.189999999995,50834.189999999995,6044
2026-06-04T09:00:00+00:00,50834.189999999995,50883.689999999995,50821.689999999995,50873.689999999995,5569
2026-06-04T09:30:00+00:00,50873.689999999995,50976.189999999995,50870.189999999995,50955.689999999995,3707
2026-06-04T10:00:00+00:00,50955.689999999995,50994.689999999995,50941.689999999995,50945.689999999995,4304
2026-06-04T10:30:00+00:00,50945.689999999995,50969.689999999995,50901.689999999995,50925.689999999995,3404
2026-06-04T11:00:00+00:00,50925.689999999995,51079.189999999995,50920.689999999995,51057.689999999995,6742
2026-06-04T11:30:00+00:00,51057.689999999995,51147.189999999995,51010.189999999995,51135.189999999995,9215
2026-06-04T12:00:00+00:00,51135.189999999995,51191.689999999995,51109.189999999995,51173.189999999995,8467
2026-06-04T12:30:00+00:00,51173.189999999995,51258.689999999995,51169.439999999995,51208.689999999995,6347
2026-06-04T13:00:00+00:00,51208.689999999995,51285.189999999995,51158.189999999995,51276.689999999995,7849
2026-06-04T13:30:00+00:00,51276.689999999995,51472.53999999999,51183.439999999995,51461.53999999999,69455
2026-06-04T14:00:00+00:00,51461.53999999999,51503.03999999999,51395.53999999999,51412.53999999999,38807
2026-06-04T14:30:00+00:00,51412.53999999999,51464.53999999999,51357.53999999999,51449.53999999999,24598
2026-06-04T15:00:00+00:00,51449.53999999999,51587.53999999999,51449.53999999999,51585.53999999999,20211
2026-06-04T15:30:00+00:00,51585.53999999999,51604.53999999999,51533.03999999999,51552.53999999999,16628
2026-06-04T16:00:00+00:00,51552.53999999999,51655.03999999999,51546.03999999999,51649.03999999999,12705
2026-06-04T16:30:00+00:00,51649.03999999999,51650.03999999999,51605.03999999999,51606.53999999999,10351
2026-06-04T17:00:00+00:00,51606.53999999999,51613.03999999999,51502.53999999999,51518.53999999999,11499
2026-06-04T17:30:00+00:00,51518.53999999999,51557.53999999999,51505.03999999999,51532.53999999999,10088
2026-06-04T18:00:00+00:00,51532.53999999999,51582.53999999999,51487.03999999999,51558.53999999999,10903
2026-06-04T18:30:00+00:00,51558.53999999999,51612.53999999999,51553.53999999999,51605.03999999999,9861
2026-06-04T19:00:00+00:00,51605.03999999999,51679.53999999999,51601.53999999999,51666.53999999999,11394
2026-06-04T19:30:00+00:00,51666.53999999999,51667.53999999999,51584.03999999999,51589.53999999999,16662
2026-06-04T20:00:00+00:00,51589.53999999999,51615.189999999995,51579.189999999995,51585.689999999995,4604
2026-06-04T20:30:00+00:00,51585.689999999995,51600.189999999995,51575.189999999995,51592.439999999995,1698
2026-06-04T22:00:00+00:00,51592.439999999995,51594.969999999994,51566.719999999994,51583.969999999994,2685
2026-06-04T22:30:00+00:00,51583.969999999994,51611.969999999994,51583.469999999994,51608.969999999994,776
2026-06-04T23:00:00+00:00,51608.969999999994,51610.469999999994,51584.469999999994,51597.469999999994,1156
2026-06-04T23:30:00+00:00,51597.469999999994,51598.469999999994,51562.969999999994,51566.469999999994,1470
2026-06-05T00:00:00+00:00,51566.469999999994,51566.469999999994,51522.469999999994,51552.969999999994,5436
2026-06-05T00:30:00+00:00,51552.969999999994,51564.469999999994,51535.969999999994,51553.969999999994,3930
2026-06-05T01:00:00+00:00,51553.969999999994,51576.969999999994,51517.469999999994,51525.469999999994,4676
2026-06-05T01:30:00+00:00,51525.469999999994,51553.469999999994,51513.469999999994,51548.469999999994,4507
2026-06-05T02:00:00+00:00,51548.469999999994,51578.969999999994,51541.469999999994,51543.469999999994,2266
2026-06-05T02:30:00+00:00,51543.469999999994,51543.469999999994,51514.969999999994,51527.969999999994,1865
2026-06-05T03:00:00+00:00,51527.969999999994,51548.469999999994,51516.469999999994,51528.469999999994,2458
2026-06-05T03:30:00+00:00,51528.469999999994,51550.969999999994,51526.469999999994,51536.469999999994,2416
2026-06-05T04:00:00+00:00,51536.469999999994,51554.469999999994,51529.969999999994,51538.469999999994,2247
2026-06-05T04:30:00+00:00,51538.469999999994,51567.969999999994,51525.969999999994,51561.469999999994,1983
2026-06-05T05:00:00+00:00,51561.469999999994,51568.469999999994,51543.469999999994,51559.469999999994,2306
2026-06-05T05:30:00+00:00,51559.469999999994,51585.969999999994,51553.969999999994,51566.469999999994,2085
2026-06-05T06:00:00+00:00,51566.469999999994,51616.969999999994,51563.969999999994,51582.469999999994,3533
2026-06-05T06:30:00+00:00,51582.469999999994,51608.469999999994,51562.469999999994,51592.469999999994,3252
2026-06-05T07:00:00+00:00,51592.469999999994,51633.969999999994,51562.469999999994,51630.969999999994,5590
2026-06-05T07:30:00+00:00,51630.969999999994,51635.969999999994,51585.969999999994,51590.969999999994,3987
2026-06-05T08:00:00+00:00,51590.969999999994,51622.469999999994,51569.469999999994,51619.469999999994,5889
2026-06-05T08:30:00+00:00,51619.469999999994,51643.469999999994,51603.469999999994,51628.469999999994,4356
2026-06-05T09:00:00+00:00,51628.469999999994,51746.969999999994,51617.469999999994,51668.469999999994,9929
2026-06-05T09:30:00+00:00,51668.469999999994,51679.469999999994,51635.469999999994,51658.469999999994,3868
2026-06-05T10:00:00+00:00,51658.469999999994,51691.969999999994,51645.469999999994,51682.469999999994,2034
2026-06-05T10:30:00+00:00,51682.469999999994,51684.469999999994,51658.969999999994,51662.469999999994,1847
2026-06-05T11:00:00+00:00,51662.469999999994,51687.469999999994,51619.469999999994,51671.469999999994,3516
2026-06-05T11:30:00+00:00,51671.469999999994,51701.469999999994,51642.469999999994,51643.969999999994,3429
2026-06-05T12:00:00+00:00,51643.969999999994,51664.469999999994,51609.469999999994,51629.469999999994,4516
2026-06-05T12:30:00+00:00,51629.469999999994,51698.469999999994,51563.969999999994,51626.969999999994,13975
2026-06-05T13:00:00+00:00,51626.969999999994,51689.969999999994,51589.969999999994,51674.969999999994,10647
2026-06-05T13:30:00+00:00,51674.969999999994,51677.81999999999,51377.31999999999,51401.81999999999,71602
2026-06-05T14:00:00+00:00,51401.81999999999,51514.81999999999,51353.81999999999,51392.81999999999,51312
2026-06-05T14:30:00+00:00,51392.81999999999,51491.31999999999,51389.81999999999,51433.81999999999,32211
2026-06-05T15:00:00+00:00,51433.81999999999,51460.81999999999,51351.81999999999,51364.81999999999,27441
2026-06-05T15:30:00+00:00,51364.81999999999,51393.81999999999,51235.81999999999,51235.81999999999,24636
2026-06-05T16:00:00+00:00,51235.81999999999,51268.31999999999,51148.31999999999,51150.81999999999,26620
2026-06-05T16:30:00+00:00,51150.81999999999,51192.81999999999,51073.81999999999,51187.81999999999,30089
2026-06-05T17:00:00+00:00,51187.81999999999,51191.81999999999,51099.31999999999,51150.81999999999,27482
2026-06-05T17:30:00+00:00,51150.81999999999,51202.31999999999,51110.81999999999,51170.81999999999,24376
2026-06-05T18:00:00+00:00,51170.81999999999,51180.31999999999,51033.81999999999,51048.31999999999,26896
2026-06-05T18:30:00+00:00,51048.31999999999,51075.31999999999,50913.81999999999,50923.81999999999,31237
2026-06-05T19:00:00+00:00,50923.81999999999,50934.81999999999,50766.81999999999,50877.81999999999,38045
2026-06-05T19:30:00+00:00,50877.81999999999,50973.31999999999,50827.81999999999,50863.31999999999,44385
2026-06-05T20:00:00+00:00,50863.31999999999,50866.469999999994,50688.21,50714.21,20701
2026-06-05T20:30:00+00:00,50714.21,50715.71,50674.71,50700.96,4018
2026-06-07T22:00:00+00:00,50700.96,50812.579999999994,50599.579999999994,50739.079999999994,6985
2026-06-07T22:30:00+00:00,50739.079999999994,50790.579999999994,50528.579999999994,50615.079999999994,10842
2026-06-07T23:00:00+00:00,50615.079999999994,50706.079999999994,50614.079999999994,50679.579999999994,7079
2026-06-07T23:30:00+00:00,50679.579999999994,50789.079999999994,50676.079999999994,50763.579999999994,6613
2026-06-08T00:00:00+00:00,50763.579999999994,50803.579999999994,50726.579999999994,50791.079999999994,8001
2026-06-08T00:30:00+00:00,50791.079999999994,50818.579999999994,50714.079999999994,50778.079999999994,7292
2026-06-08T01:00:00+00:00,50778.079999999994,50796.079999999994,50633.079999999994,50643.579999999994,12694
2026-06-08T01:30:00+00:00,50643.579999999994,50734.579999999994,50578.079999999994,50703.579999999994,15214
2026-06-08T02:00:00+00:00,50703.579999999994,50725.079999999994,50677.079999999994,50707.579999999994,7931
2026-06-08T02:30:00+00:00,50707.579999999994,50759.079999999994,50653.079999999994,50735.579999999994,6000
2026-06-08T03:00:00+00:00,50735.579999999994,50757.079999999994,50713.579999999994,50744.079999999994,3687
2026-06-08T03:30:00+00:00,50744.079999999994,50771.579999999994,50742.579999999994,50763.579999999994,2770
2026-06-08T04:00:00+00:00,50763.579999999994,50775.579999999994,50719.079999999994,50732.579999999994,3593
2026-06-08T04:30:00+00:00,50732.579999999994,50739.579999999994,50666.079999999994,50673.079999999994,5668
2026-06-08T05:00:00+00:00,50673.079999999994,50713.579999999994,50621.579999999994,50663.079999999994,7033
2026-06-08T05:30:00+00:00,50663.079999999994,50672.079999999994,50578.579999999994,50611.579999999994,8599
2026-06-08T06:00:00+00:00,50611.579999999994,50700.079999999994,50607.579999999994,50691.579999999994,9034
2026-06-08T06:30:00+00:00,50691.579999999994,50700.079999999994,50606.079999999994,50648.079999999994,6718
2026-06-08T07:00:00+00:00,50648.079999999994,50775.079999999994,50642.079999999994,50735.579999999994,10705
2026-06-08T07:30:00+00:00,50735.579999999994,50778.579999999994,50705.079999999994,50729.079999999994,6190
2026-06-08T08:00:00+00:00,50729.079999999994,50745.579999999994,50653.579999999994,50689.079999999994,9439
2026-06-08T08:30:00+00:00,50689.079999999994,50698.579999999994,50639.079999999994,50679.079999999994,7099
2026-06-08T09:00:00+00:00,50679.079999999994,50719.079999999994,50649.079999999994,50706.579999999994,5065
2026-06-08T09:30:00+00:00,50706.579999999994,50821.079999999994,50693.079999999994,50792.079999999994,6817
2026-06-08T10:00:00+00:00,50792.079999999994,50798.579999999994,50698.079999999994,50759.579999999994,6429
2026-06-08T10:30:00+00:00,50759.579999999994,50871.579999999994,50758.079999999994,50811.579999999994,8066
2026-06-08T11:00:00+00:00,50811.579999999994,51008.579999999994,50783.579999999994,50970.079999999994,14909
2026-06-08T11:30:00+00:00,50970.079999999994,51016.579999999994,50938.579999999994,50955.579999999994,7710
2026-06-08T12:00:00+00:00,50955.579999999994,51010.579999999994,50950.079999999994,50991.079999999994,8475
2026-06-08T12:30:00+00:00,50991.079999999994,51032.579999999994,50943.579999999994,50945.079999999994,7494
2026-06-08T13:00:00+00:00,50945.079999999994,50968.079999999994,50866.079999999994,50939.079999999994,9191
2026-06-08T13:30:00+00:00,50939.079999999994,51236.43,50887.93,50934.43,80116
2026-06-08T14:00:00+00:00,50934.43,51049.93,50922.43,50970.43,54609
2026-06-08T14:30:00+00:00,50970.43,51068.43,50898.43,51067.43,37187
2026-06-08T15:00:00+00:00,51067.43,51092.43,50930.43,50939.43,25694
2026-06-08T15:30:00+00:00,50939.43,50979.43,50839.43,50912.43,34868
2026-06-08T16:00:00+00:00,50912.43,50975.93,50871.43,50893.43,25900
2026-06-08T16:30:00+00:00,50893.43,50917.43,50837.93,50848.93,22944
2026-06-08T17:00:00+00:00,50848.93,50854.43,50728.43,50836.93,26047
2026-06-08T17:30:00+00:00,50836.93,50848.93,50734.43,50785.43,25389
2026-06-08T18:00:00+00:00,50785.43,50887.43,50782.93,50876.93,20021
2026-06-08T18:30:00+00:00,50876.93,50898.43,50812.93,50818.93,17676
2026-06-08T19:00:00+00:00,50818.93,50846.93,50696.93,50762.43,23615
2026-06-08T19:30:00+00:00,50762.43,50822.43,50723.93,50757.43,27116
2026-06-08T20:00:00+00:00,50757.43,50775.079999999994,50716.579999999994,50740.579999999994,4338
2026-06-08T20:30:00+00:00,50740.579999999994,50747.579999999994,50714.579999999994,50729.829999999994,1946
2026-06-08T22:00:00+00:00,50729.829999999994,50757.259999999995,50621.759999999995,50678.259999999995,6739
2026-06-08T22:30:00+00:00,50678.259999999995,50744.259999999995,50678.259999999995,50732.259999999995,2467
2026-06-08T23:00:00+00:00,50732.259999999995,50744.759999999995,50716.759999999995,50726.759999999995,1684
2026-06-08T23:30:00+00:00,50726.759999999995,50751.759999999995,50664.259999999995,50709.759999999995,4059
2026-06-09T00:00:00+00:00,50709.759999999995,50717.759999999995,50624.259999999995,50646.759999999995,13173
2026-06-09T00:30:00+00:00,50646.759999999995,50655.759999999995,50594.759999999995,50625.259999999995,8990
2026-06-09T01:00:00+00:00,50625.259999999995,50756.759999999995,50608.759999999995,50721.259999999995,11422
2026-06-09T01:30:00+00:00,50721.259999999995,50795.759999999995,50711.759999999995,50750.259999999995,9889
2026-06-09T02:00:00+00:00,50750.259999999995,50781.759999999995,50737.259999999995,50759.759999999995,6024
2026-06-09T02:30:00+00:00,50759.759999999995,50786.759999999995,50746.759999999995,50769.759999999995,5470
2026-06-09T03:00:00+00:00,50769.759999999995,50807.259999999995,50762.259999999995,50774.759999999995,4542
2026-06-09T03:30:00+00:00,50774.759999999995,50819.759999999995,50773.759999999995,50805.259999999995,4221
2026-06-09T04:00:00+00:00,50805.259999999995,50816.259999999995,50787.259999999995,50808.759999999995,2938
2026-06-09T04:30:00+00:00,50808.759999999995,50842.259999999995,50802.259999999995,50821.259999999995,3001
2026-06-09T05:00:00+00:00,50821.259999999995,50848.259999999995,50814.759999999995,50821.259999999995,3128
2026-06-09T05:30:00+00:00,50821.259999999995,50861.759999999995,50811.759999999995,50820.259999999995,5157
2026-06-09T06:00:00+00:00,50820.259999999995,50831.259999999995,50789.259999999995,50803.259999999995,4948
2026-06-09T06:30:00+00:00,50803.259999999995,50819.759999999995,50760.759999999995,50778.759999999995,3876
2026-06-09T07:00:00+00:00,50778.759999999995,50870.759999999995,50741.759999999995,50767.259999999995,8764
2026-06-09T07:30:00+00:00,50767.259999999995,50815.259999999995,50762.759999999995,50784.759999999995,7067
2026-06-09T08:00:00+00:00,50784.759999999995,50851.259999999995,50750.759999999995,50830.759999999995,9793
2026-06-09T08:30:00+00:00,50830.759999999995,50888.759999999995,50828.759999999995,50843.759999999995,4998
2026-06-09T09:00:00+00:00,50843.759999999995,50909.759999999995,50840.759999999995,50892.259999999995,3538
2026-06-09T09:30:00+00:00,50892.259999999995,50902.259999999995,50866.759999999995,50871.259999999995,2909
2026-06-09T10:00:00+00:00,50871.259999999995,50890.259999999995,50754.509999999995,50881.759999999995,6538
2026-06-09T10:30:00+00:00,50881.759999999995,50950.759999999995,50858.759999999995,50908.759999999995,3810
2026-06-09T11:00:00+00:00,50908.759999999995,50929.259999999995,50847.259999999995,50858.259999999995,3765
2026-06-09T11:30:00+00:00,50858.259999999995,50883.259999999995,50821.759999999995,50829.259999999995,3751
2026-06-09T12:00:00+00:00,50829.259999999995,50908.259999999995,50826.759999999995,50884.759999999995,4476
2026-06-09T12:30:00+00:00,50884.759999999995,50984.259999999995,50883.259999999995,50979.759999999995,6418
2026-06-09T13:00:00+00:00,50979.759999999995,51028.759999999995,50939.509999999995,51020.759999999995,10104
2026-06-09T13:30:00+00:00,51020.759999999995,51225.11,50977.61,51149.61,60199
2026-06-09T14:00:00+00:00,51149.61,51188.61,50840.11,51021.61,71502
2026-06-09T14:30:00+00:00,51021.61,51081.61,50636.11,50892.61,79218
2026-06-09T15:00:00+00:00,50892.61,50918.61,50422.61,50435.61,65824
2026-06-09T15:30:00+00:00,50435.61,50553.61,50396.61,50418.61,74394
2026-06-09T16:00:00+00:00,50418.61,50516.61,50314.61,50450.11,67062
2026-06-09T16:30:00+00:00,50450.11,50557.61,50171.61,50331.11,85612
2026-06-09T17:00:00+00:00,50331.11,50557.61,50311.61,50537.61,56973
2026-06-09T17:30:00+00:00,50537.61,50734.61,50505.61,50660.61,41731
2026-06-09T18:00:00+00:00,50660.61,50775.61,50644.11,50769.61,37788
2026-06-09T18:30:00+00:00,50769.61,50863.61,50738.61,50844.61,31604
2026-06-09T19:00:00+00:00,50844.61,50876.61,50689.61,50734.61,38979
2026-06-09T19:30:00+00:00,50734.61,50861.61,50637.61,50809.61,51904
2026-06-09T20:00:00+00:00,50809.61,50837.259999999995,50760.759999999995,50797.759999999995,11440
2026-06-09T20:30:00+00:00,50797.759999999995,50807.259999999995,50758.759999999995,50787.509999999995,3984
2026-06-09T22:00:00+00:00,50787.509999999995,50788.47,50701.72,50722.47,5109
2026-06-09T22:30:00+00:00,50722.47,50722.97,50643.97,50672.47,3367
2026-06-09T23:00:00+00:00,50672.47,50696.47,50639.97,50648.97,3574
2026-06-09T23:30:00+00:00,50648.97,50715.97,50640.97,50710.47,4500
2026-06-10T00:00:00+00:00,50710.47,50775.97,50694.97,50721.47,10364
2026-06-10T00:30:00+00:00,50721.47,50763.47,50652.47,50747.97,10426
2026-06-10T01:00:00+00:00,50747.97,50814.47,50738.97,50782.47,7905
2026-06-10T01:30:00+00:00,50782.47,50812.97,50763.97,50775.97,8211
2026-06-10T02:00:00+00:00,50775.97,50789.47,50735.97,50783.47,5900
2026-06-10T02:30:00+00:00,50783.47,50793.97,50733.97,50741.97,5017
2026-06-10T03:00:00+00:00,50741.97,50788.97,50740.47,50756.97,4381
2026-06-10T03:30:00+00:00,50756.97,50761.97,50714.47,50726.97,4088
2026-06-10T04:00:00+00:00,50726.97,50734.47,50686.97,50687.97,4008
2026-06-10T04:30:00+00:00,50687.97,50695.47,50661.97,50665.97,3771
2026-06-10T05:00:00+00:00,50665.97,50733.97,50658.47,50731.97,4361
2026-06-10T05:30:00+00:00,50731.97,50753.97,50693.97,50741.97,6683
2026-06-10T06:00:00+00:00,50741.97,50773.47,50719.97,50729.47,4694
2026-06-10T06:30:00+00:00,50729.47,50754.47,50691.47,50698.47,3110
2026-06-10T07:00:00+00:00,50698.47,50722.97,50652.97,50665.97,6836
2026-06-10T07:30:00+00:00,50665.97,50694.97,50639.47,50664.97,6583
2026-06-10T08:00:00+00:00,50664.97,50670.97,50564.97,50586.97,11342
2026-06-10T08:30:00+00:00,50586.97,50591.47,50466.47,50497.97,9822
2026-06-10T09:00:00+00:00,50497.97,50509.97,50384.47,50487.97,11282
2026-06-10T09:30:00+00:00,50487.97,50511.97,50431.47,50489.97,8842
2026-06-10T10:00:00+00:00,50489.97,50492.97,50382.97,50464.97,7948
2026-06-10T10:30:00+00:00,50464.97,50511.97,50429.97,50473.97,7895
2026-06-10T11:00:00+00:00,50473.97,50499.97,50220.97,50350.97,25931
2026-06-10T11:30:00+00:00,50350.97,50414.97,50288.97,50389.97,14218
2026-06-10T12:00:00+00:00,50389.97,50489.97,50367.47,50476.72,15287
2026-06-10T12:30:00+00:00,50476.72,50653.97,50429.72,50571.47,30158
2026-06-10T13:00:00+00:00,50571.47,50609.47,50516.97,50606.97,13719
2026-06-10T13:30:00+00:00,50606.97,50733.82,50443.32,50638.82,80938
2026-06-10T14:00:00+00:00,50638.82,50705.32,50573.82,50601.82,51328
2026-06-10T14:30:00+00:00,50601.82,50610.82,50314.32,50343.82,57857
2026-06-10T15:00:00+00:00,50343.82,50454.32,50235.82,50298.82,60706
2026-06-10T15:30:00+00:00,50298.82,50345.32,50101.82,50278.82,67972
2026-06-10T16:00:00+00:00,50278.82,50305.82,50185.82,50234.82,43641
2026-06-10T16:30:00+00:00,50234.82,50316.82,50158.32,50220.82,38941
2026-06-10T17:00:00+00:00,50220.82,50268.32,50111.82,50168.82,38330
2026-06-10T17:30:00+00:00,50168.82,50208.82,50039.32,50197.32,43156
2026-06-10T18:00:00+00:00,50197.32,50290.32,50141.82,50153.32,35074
2026-06-10T18:30:00+00:00,50153.32,50155.82,50024.82,50066.82,31905
2026-06-10T19:00:00+00:00,50066.82,50071.82,49947.82,49957.82,32200
2026-06-10T19:30:00+00:00,49957.82,50040.32,49874.82,49882.32,39202
2026-06-10T20:00:00+00:00,49882.32,49894.97,49818.47,49849.47,10515
2026-06-10T20:30:00+00:00,49849.47,49849.47,49782.97,49830.72,4448
2026-06-10T22:00:00+00:00,49830.72,49832.02,49743.27,49831.52,7237
2026-06-10T22:30:00+00:00,49831.52,49854.52,49718.02,49719.02,8215
2026-06-10T23:00:00+00:00,49719.02,49817.52,49667.52,49807.52,14946.155138667229
2026-06-10T23:30:00+00:00,49807.52,49826.02,49734.52,49745.02,8593
2026-06-11T00:00:00+00:00,49745.02,49887.02,49736.02,49811.02,25685
2026-06-11T00:30:00+00:00,49811.02,49871.02,49760.52,49852.02,16453
2026-06-11T01:00:00+00:00,49852.02,50013.52,49850.02,49984.02,15173
2026-06-11T01:30:00+00:00,49984.02,49987.52,49893.02,49913.02,8737
2026-06-11T02:00:00+00:00,49913.02,49966.02,49882.02,49901.52,10648
2026-06-11T02:30:00+00:00,49901.52,49943.02,49871.52,49932.02,9870
2026-06-11T03:00:00+00:00,49932.02,49961.52,49900.02,49932.52,7931
2026-06-11T03:30:00+00:00,49932.52,50022.02,49928.02,50013.52,7423
2026-06-11T04:00:00+00:00,50013.52,50036.52,49997.52,50030.52,5960
2026-06-11T04:30:00+00:00,50030.52,50092.52,50025.02,50067.02,5347
2026-06-11T05:00:00+00:00,50067.02,50072.02,50023.52,50037.02,5768
2026-06-11T05:30:00+00:00,50037.02,50070.02,50025.52,50056.52,6305
2026-06-11T06:00:00+00:00,50056.52,50058.52,49959.02,50028.02,9413
2026-06-11T06:30:00+00:00,50028.02,50097.02,50017.52,50090.02,5551
2026-06-11T07:00:00+00:00,50090.02,50217.02,50090.02,50197.02,9758
2026-06-11T07:30:00+00:00,50197.02,50231.52,50180.52,50200.52,6869
2026-06-11T08:00:00+00:00,50200.52,50250.02,50179.52,50197.52,8135
2026-06-11T08:30:00+00:00,50197.52,50255.02,50191.52,50249.02,4976
2026-06-11T09:00:00+00:00,50249.02,50284.52,50227.52,50270.52,4495
2026-06-11T09:30:00+00:00,50270.52,50316.02,50264.02,50291.52,4081
2026-06-11T10:00:00+00:00,50291.52,50307.52,50232.02,50234.52,4494
2026-06-11T10:30:00+00:00,50234.52,50274.02,50234.02,50250.02,3430
2026-06-11T11:00:00+00:00,50250.02,50255.02,50204.02,50238.52,6103
2026-06-11T11:30:00+00:00,50238.52,50308.52,50232.52,50300.52,7305
2026-06-11T12:00:00+00:00,50300.52,50307.02,50047.02,50121.02,18878
2026-06-11T12:30:00+00:00,50121.02,50196.52,50034.02,50175.02,25526
2026-06-11T13:00:00+00:00,50175.02,50197.02,50109.02,50178.02,12799
2026-06-11T13:30:00+00:00,50178.02,50360.369999999995,50061.869999999995,50255.369999999995,81914
2026-06-11T14:00:00+00:00,50255.369999999995,50299.869999999995,50045.869999999995,50183.869999999995,75083
2026-06-11T14:30:00+00:00,50183.869999999995,50261.369999999995,50054.77,50078.369999999995,60331
2026-06-11T15:00:00+00:00,50078.369999999995,50254.869999999995,50008.369999999995,50185.869999999995,57131
2026-06-11T15:30:00+00:00,50185.869999999995,50283.869999999995,50121.369999999995,50195.869999999995,47228
2026-06-11T16:00:00+00:00,50195.869999999995,50327.869999999995,50169.869999999995,50194.369999999995,38659
2026-06-11T16:30:00+00:00,50194.369999999995,50305.869999999995,50140.369999999995,50142.369999999995,35073
2026-06-11T17:00:00+00:00,50142.369999999995,50566.369999999995,50073.369999999995,50543.369999999995,40926
2026-06-11T17:30:00+00:00,50543.369999999995,50785.869999999995,50503.369999999995,50677.369999999995,89371
2026-06-11T18:00:00+00:00,50677.369999999995,50718.869999999995,50545.369999999995,50641.869999999995,50444
2026-06-11T18:30:00+00:00,50641.869999999995,50753.869999999995,50630.869999999995,50718.869999999995,26969
2026-06-11T19:00:00+00:00,50718.869999999995,50820.869999999995,50697.369999999995,50803.869999999995,27846
2026-06-11T19:30:00+00:00,50803.869999999995,50927.369999999995,50762.369999999995,50782.369999999995,33785
2026-06-11T20:00:00+00:00,50782.369999999995,50875.52,50768.52,50840.52,10112
2026-06-11T20:30:00+00:00,50840.52,50845.02,50782.02,50823.27,4833
2026-06-11T22:00:00+00:00,50823.27,50906,50805.75,50868,8808
2026-06-11T22:30:00+00:00,50868,50871,50842,50860.5,6870
2026-06-11T23:00:00+00:00,50860.5,50867,50824.75,50843,7062
2026-06-11T23:30:00+00:00,50843,50903,50838.75,50875.5,8444
2026-06-12T00:00:00+00:00,50875.5,50881.5,50816,50848,26058
2026-06-12T00:30:00+00:00,50848,50868.5,50802,50826,15799
2026-06-12T01:00:00+00:00,50826,50826,50763.75,50777.5,13668
2026-06-12T01:30:00+00:00,50777.5,50846,50764,50838,16211
2026-06-12T02:00:00+00:00,50838,50862,50823,50826.5,11840
2026-06-12T02:30:00+00:00,50826.5,50857.5,50825,50838,10591
2026-06-12T03:00:00+00:00,50838,50846.5,50785,50807.5,11798
2026-06-12T03:30:00+00:00,50807.5,50839,50801.5,50835,13271
2026-06-12T04:00:00+00:00,50835,50841.5,50796,50836.5,9931
2026-06-12T04:30:00+00:00,50836.5,50856.5,50829,50845.5,6329
2026-06-12T05:00:00+00:00,50845.5,50858.5,50812.75,50854,10325
2026-06-12T05:30:00+00:00,50854,50854.5,50765,50805,22488
2026-06-12T06:00:00+00:00,50805,50865.5,50804,50832,21213
2026-06-12T06:30:00+00:00,50832,50835,50780.5,50798,13274
2026-06-12T07:00:00+00:00,50798,50808.5,50749.5,50774.5,21251
2026-06-12T07:30:00+00:00,50774.5,50953,50764.5,50889.5,18069
2026-06-12T08:00:00+00:00,50889.5,51127.5,50882.75,51091,33586
2026-06-12T08:30:00+00:00,51091,51111.5,51002,51054,18650
2026-06-12T09:00:00+00:00,51054,51168.5,51051,51156,18345
2026-06-12T09:30:00+00:00,51156,51264,51150,51188.5,17231
2026-06-12T10:00:00+00:00,51188.5,51214.5,51013,51029,19757
2026-06-12T10:30:00+00:00,51029,51079.5,51015.75,51054,18062
2026-06-12T11:00:00+00:00,51054,51142.5,51031,51131.5,18017
2026-06-12T11:30:00+00:00,51131.5,51192.5,51090.5,51159.5,16987
2026-06-12T12:00:00+00:00,51159.5,51171,51069,51081.5,18806
2026-06-12T12:30:00+00:00,51081.5,51099.5,50915.5,50954,24075
2026-06-12T13:00:00+00:00,50954,51125.5,50935.5,51125,20332
2026-06-12T13:30:00+00:00,51125,51174.35,50769.35,50831.85,100125
2026-06-12T14:00:00+00:00,50831.85,51032.35,50792.85,50990.85,62528
2026-06-12T14:30:00+00:00,50990.85,51293.35,50936.35,51269.35,76222
2026-06-12T15:00:00+00:00,51269.35,51359.85,51244.35,51320.35,45380
2026-06-12T15:30:00+00:00,51320.35,51325.85,51033.35,51050.35,52765
2026-06-12T16:00:00+00:00,51050.35,51212.85,50979.85,51087.85,54843
2026-06-12T16:30:00+00:00,51087.85,51157.35,51055.35,51136.85,41048
2026-06-12T17:00:00+00:00,51136.85,51239.35,51128.85,51188.35,33743
2026-06-12T17:30:00+00:00,51188.35,51202.35,51135.35,51150.35,29540
2026-06-12T18:00:00+00:00,51150.35,51197.85,51104.75,51172.85,34866
2026-06-12T18:30:00+00:00,51172.85,51243.35,51164.85,51168.35,25441
2026-06-12T19:00:00+00:00,51168.35,51219.85,51146.85,51169.85,26757
2026-06-12T19:30:00+00:00,51169.85,51179.85,51085.85,51138.85,34117
2026-06-12T20:00:00+00:00,51138.85,51257.76,51137,51236.26,8027
2026-06-12T20:30:00+00:00,51236.26,51247.26,51220.51,51220.51,1905
2026-06-14T22:00:00+00:00,51220.51,51583.33,51220.51,51491.83,10212
2026-06-14T22:30:00+00:00,51491.83,51524.33,51460.33,51498.33,13491
2026-06-14T23:00:00+00:00,51498.33,51520.33,51435.08,51479.83,11771
2026-06-14T23:30:00+00:00,51479.83,51536.33,51478.33,51531.83,11524
2026-06-15T00:00:00+00:00,51531.83,51586.33,51517.33,51574.33,22039
2026-06-15T00:30:00+00:00,51574.33,51592.33,51564.33,51580.33,9156
2026-06-15T01:00:00+00:00,51580.33,51623.33,51570.33,51614.83,12425
2026-06-15T01:30:00+00:00,51614.83,51626.83,51589.33,51596.83,11611
2026-06-15T02:00:00+00:00,51596.83,51641.33,51596.33,51634.83,11388
2026-06-15T02:30:00+00:00,51634.83,51660.33,51622.83,51657.33,5524
2026-06-15T03:00:00+00:00,51657.33,51662.33,51633.08,51650.33,3894
2026-06-15T03:30:00+00:00,51650.33,51655.83,51629.33,51641.83,5211
2026-06-15T04:00:00+00:00,51641.83,51654.33,51626.83,51653.33,4857
2026-06-15T04:30:00+00:00,51653.33,51698.33,51644.33,51694.83,5040
2026-06-15T05:00:00+00:00,51694.83,51733.83,51685.33,51730.33,4768
2026-06-15T05:30:00+00:00,51730.33,51744.33,51705.83,51727.33,7829
2026-06-15T06:00:00+00:00,51727.33,51748.33,51688.33,51728.33,9010
2026-06-15T06:30:00+00:00,51728.33,51730.83,51679.83,51690.83,10142
2026-06-15T07:00:00+00:00,51690.83,51743.83,51665.83,51725.83,13555
2026-06-15T07:30:00+00:00,51725.83,51747.83,51681.33,51684.33,9846
2026-06-15T08:00:00+00:00,51684.33,51719.33,51625.83,51673.83,16950
2026-06-15T08:30:00+00:00,51673.83,51691.83,51637.83,51669.83,9459
2026-06-15T09:00:00+00:00,51669.83,51705.33,51620.33,51624.83,7735
2026-06-15T09:30:00+00:00,51624.83,51637.83,51600.33,51609.33,8628
2026-06-15T10:00:00+00:00,51609.33,51642.33,51601.83,51638.33,6920
2026-06-15T10:30:00+00:00,51638.33,51652.33,51609.83,51644.33,7750
2026-06-15T11:00:00+00:00,51644.33,51740.33,51635.33,51724.33,8873
2026-06-15T11:30:00+00:00,51724.33,51743.33,51669.33,51685.33,12783
2026-06-15T12:00:00+00:00,51685.33,51705.33,51644.33,51661.33,16938
2026-06-15T12:30:00+00:00,51661.33,51766.83,51658.08,51766.83,11843
2026-06-15T13:00:00+00:00,51766.83,51822.83,51747.33,51812.33,7188
2026-06-15T13:30:00+00:00,51812.33,51897.68,51713.68,51838.18,63149
2026-06-15T14:00:00+00:00,51838.18,51842.68,51717.68,51817.68,41089
2026-06-15T14:30:00+00:00,51817.68,51882.18,51768.18,51863.18,28607
2026-06-15T15:00:00+00:00,51863.18,51909.68,51845.18,51863.68,19372
2026-06-15T15:30:00+00:00,51863.68,51952.68,51850.18,51932.18,17225
2026-06-15T16:00:00+00:00,51932.18,51969.68,51909.18,51958.18,13456
2026-06-15T16:30:00+00:00,51958.18,51966.18,51901.18,51928.68,12596
2026-06-15T17:00:00+00:00,51928.68,51969.18,51882.18,51946.18,13164
2026-06-15T17:30:00+00:00,51946.18,51956.18,51850.18,51863.18,9926
2026-06-15T18:00:00+00:00,51863.18,51868.68,51805.68,51808.68,12479
2026-06-15T18:30:00+00:00,51808.68,51845.68,51784.18,51810.18,10249
2026-06-15T19:00:00+00:00,51810.18,51856.18,51787.18,51787.68,11721
2026-06-15T19:30:00+00:00,51787.68,51815.18,51676.18,51741.68,21738
2026-06-15T20:00:00+00:00,51741.68,51751.33,51709.83,51724.33,7071
2026-06-15T20:30:00+00:00,51724.33,51789.08,51712.33,51748.08,5516
2026-06-15T22:00:00+00:00,51748.08,51759.68,51687.93,51717.68,973
2026-06-15T22:30:00+00:00,51717.68,51728.18,51692.93,51699.68,745
2026-06-15T23:00:00+00:00,51699.68,51714.68,51675.18,51708.18,1043
2026-06-15T23:30:00+00:00,51708.18,51708.18,51679.93,51703.18,851
2026-06-16T00:00:00+00:00,51703.18,51722.68,51682.93,51721.68,1520
2026-06-16T00:30:00+00:00,51721.68,51738.18,51700.18,51719.68,16803
2026-06-16T01:00:00+00:00,51719.68,51745.68,51713.68,51728.93,14934
2026-06-16T01:30:00+00:00,51728.93,51737.18,51710.68,51721.18,9119
2026-06-16T02:00:00+00:00,51721.18,51742.68,51711.68,51738.18,8046
2026-06-16T02:30:00+00:00,51738.18,51751.18,51730.68,51739.18,4193
2026-06-16T03:00:00+00:00,51739.18,51765.68,51736.68,51755.68,6644
2026-06-16T03:30:00+00:00,51755.68,51769.18,51734.68,51742.18,8977
2026-06-16T04:00:00+00:00,51742.18,51744.18,51722.68,51725.68,4922
2026-06-16T04:30:00+00:00,51725.68,51739.68,51709.18,51725.68,5832
2026-06-16T05:00:00+00:00,51725.68,51778.18,51725.68,51748.18,5498
2026-06-16T05:30:00+00:00,51748.18,51752.18,51715.68,51738.18,8070
2026-06-16T06:00:00+00:00,51738.18,51774.68,51729.68,51766.68,7244
2026-06-16T06:30:00+00:00,51766.68,51772.68,51754.68,51770.68,7899
2026-06-16T07:00:00+00:00,51770.68,51814.18,51770.68,51811.68,10336
2026-06-16T07:30:00+00:00,51811.68,51833.68,51778.68,51799.68,11215
2026-06-16T08:00:00+00:00,51799.68,51833.18,51775.18,51776.68,13490
2026-06-16T08:30:00+00:00,51776.68,51790.18,51748.68,51761.18,12616
2026-06-16T09:00:00+00:00,51761.18,51786.68,51747.18,51763.18,7102
2026-06-16T09:30:00+00:00,51763.18,51772.18,51726.68,51753.18,8623
2026-06-16T10:00:00+00:00,51753.18,51790.18,51753.18,51777.68,5032
2026-06-16T10:30:00+00:00,51777.68,51787.18,51759.68,51785.68,6337
2026-06-16T11:00:00+00:00,51785.68,51789.18,51747.18,51771.68,10033
2026-06-16T11:30:00+00:00,51771.68,51786.18,51750.18,51765.68,6485
2026-06-16T12:00:00+00:00,51765.68,51810.68,51756.68,51809.18,13775
2026-06-16T12:30:00+00:00,51809.18,51871.18,51803.93,51850.68,13317
2026-06-16T13:00:00+00:00,51850.68,51919.68,51834.18,51914.18,5951
2026-06-16T13:30:00+00:00,51914.18,52123.03,51890.53,51936.53,57561
2026-06-16T14:00:00+00:00,51936.53,52106.03,51919.53,52002.03,37455
2026-06-16T14:30:00+00:00,52002.03,52063.03,51968.03,52045.03,38353
2026-06-16T15:00:00+00:00,52045.03,52090.03,51992.53,52072.53,25280
2026-06-16T15:30:00+00:00,52072.53,52162.53,52061.53,52139.03,24942
2026-06-16T16:00:00+00:00,52139.03,52206.53,52137.03,52172.03,15907
2026-06-16T16:30:00+00:00,52172.03,52211.53,52149.53,52189.53,13710
2026-06-16T17:00:00+00:00,52189.53,52204.03,52152.03,52161.53,12100
2026-06-16T17:30:00+00:00,52161.53,52174.03,52116.03,52122.03,12440
2026-06-16T18:00:00+00:00,52122.03,52132.03,52086.53,52114.03,9976
2026-06-16T18:30:00+00:00,52114.03,52122.53,52080.03,52092.03,10131
2026-06-16T19:00:00+00:00,52092.03,52092.03,52008.53,52064.03,15770
2026-06-16T19:30:00+00:00,52064.03,52085.03,51998.03,52031.03,25215
2026-06-16T20:00:00+00:00,52031.03,52033.18,51981.68,52000.68,9898
2026-06-16T20:30:00+00:00,52000.68,52026.43,51992.68,52026.43,4580
2026-06-16T22:00:00+00:00,52026.43,52061.72,51999.97,52046.47,637.7421369851272
2026-06-16T22:30:00+00:00,52046.47,52080.22,52044.47,52077.72,2088
2026-06-16T23:00:00+00:00,52077.72,52080.22,52059.47,52074.72,2137
2026-06-16T23:30:00+00:00,52074.72,52084.72,52065.22,52070.22,3833
2026-06-17T00:00:00+00:00,52070.22,52098.72,52070.22,52084.22,9104
2026-06-17T00:30:00+00:00,52084.22,52095.22,52076.72,52084.22,5203
2026-06-17T01:00:00+00:00,52084.22,52127.22,52077.22,52113.22,5043
2026-06-17T01:30:00+00:00,52113.22,52121.22,52098.72,52103.72,3072
2026-06-17T02:00:00+00:00,52103.72,52109.22,52084.72,52085.22,2064
2026-06-17T02:30:00+00:00,52085.22,52085.22,52063.22,52078.72,2497
2026-06-17T03:00:00+00:00,52078.72,52091.22,52059.72,52064.72,2956
2026-06-17T03:30:00+00:00,52064.72,52100.22,52060.22,52094.72,2605
2026-06-17T04:00:00+00:00,52094.72,52099.72,52075.22,52075.72,1801
2026-06-17T04:30:00+00:00,52075.72,52079.22,52054.22,52073.22,1972
2026-06-17T05:00:00+00:00,52073.22,52076.72,52052.72,52055.22,2253
2026-06-17T05:30:00+00:00,52055.22,52070.72,52038.22,52046.22,2216
2026-06-17T06:00:00+00:00,52046.22,52070.22,52023.72,52034.72,3752
2026-06-17T06:30:00+00:00,52034.72,52085.22,52022.72,52071.72,4046
2026-06-17T07:00:00+00:00,52071.72,52100.72,52022.22,52025.22,5731
2026-06-17T07:30:00+00:00,52025.22,52057.22,52016.47,52025.72,4055
2026-06-17T08:00:00+00:00,52025.72,52037.72,51958.22,52004.72,8621
2026-06-17T08:30:00+00:00,52004.72,52025.22,51972.22,52023.22,6518
2026-06-17T09:00:00+00:00,52023.22,52043.22,51995.72,52036.72,4567
2026-06-17T09:30:00+00:00,52036.72,52055.72,51994.72,52000.22,6165
2026-06-17T10:00:00+00:00,52000.22,52024.22,51966.72,52004.72,6214
2026-06-17T10:30:00+00:00,52004.72,52048.72,51991.72,51997.72,4472
2026-06-17T11:00:00+00:00,51997.72,52042.22,51993.47,52027.72,5330
2026-06-17T11:30:00+00:00,52027.72,52027.72,51983.72,52004.72,6977
2026-06-17T12:00:00+00:00,52004.72,52031.22,51978.47,51983.47,6566
2026-06-17T12:30:00+00:00,51983.47,52025.72,51977.22,52015.72,4443
2026-06-17T13:00:00+00:00,52015.72,52025.72,51969.22,51994.22,4673
2026-06-17T13:30:00+00:00,51994.22,52224.07,51986.07,52196.07,40069
2026-06-17T14:00:00+00:00,52196.07,52296.07,52165.57,52251.07,26976
2026-06-17T14:30:00+00:00,52251.07,52255.57,52035.07,52121.07,50582
2026-06-17T15:00:00+00:00,52121.07,52202.57,52090.07,52191.07,22967
2026-06-17T15:30:00+00:00,52191.07,52283.57,52182.07,52227.07,12926
2026-06-17T16:00:00+00:00,52227.07,52257.57,52199.57,52217.57,4232
2026-06-17T16:30:00+00:00,52217.57,52235.57,52175.07,52211.57,4190
2026-06-17T17:00:00+00:00,52211.57,52211.57,52125.47,52136.07,10942
2026-06-17T17:30:00+00:00,52136.07,52203.57,52102.07,52203.57,8769
2026-06-17T18:00:00+00:00,52203.57,52203.57,51800.57,51927.07,72618
2026-06-17T18:30:00+00:00,51927.07,52118.57,51857.07,51891.07,74838
2026-06-17T19:00:00+00:00,51891.07,51959.07,51573.07,51584.57,93073
2026-06-17T19:30:00+00:00,51584.57,51589.07,51401.47,51496.47,66680
2026-06-17T20:00:00+00:00,51496.47,51578.22,51457.47,51571.47,4439.927889025039
2026-06-17T20:30:00+00:00,51571.47,51614.47,51547.47,51613.97,2400
2026-06-17T22:00:00+00:00,51613.97,51659.39,51590.64,51632.89,6125
2026-06-17T22:30:00+00:00,51632.89,51664.39,51629.89,51652.89,1850
2026-06-17T23:00:00+00:00,51652.89,51749.89,51649.39,51744.39,2004
2026-06-17T23:30:00+00:00,51744.39,51759.39,51716.89,51759.39,2474
2026-06-18T00:00:00+00:00,51759.39,51855.89,51746.89,51803.39,11094
2026-06-18T00:30:00+00:00,51803.39,51824.39,51771.39,51786.39,6119
2026-06-18T01:00:00+00:00,51786.39,51842.89,51781.39,51820.89,5683
2026-06-18T01:30:00+00:00,51820.89,51830.89,51793.89,51810.39,4200
2026-06-18T02:00:00+00:00,51810.39,51828.39,51804.89,51812.89,2968
2026-06-18T02:30:00+00:00,51812.89,51828.39,51802.39,51822.89,1951
2026-06-18T03:00:00+00:00,51822.89,51834.89,51794.89,51824.39,2247
2026-06-18T03:30:00+00:00,51824.39,51835.39,51792.39,51826.89,3041
2026-06-18T04:00:00+00:00,51826.89,51836.89,51787.89,51805.39,3290
2026-06-18T04:30:00+00:00,51805.39,51805.39,51773.39,51773.39,2992
2026-06-18T05:00:00+00:00,51773.39,51797.39,51766.39,51784.89,2703
2026-06-18T05:30:00+00:00,51784.89,51797.39,51761.89,51765.39,3240
2026-06-18T06:00:00+00:00,51765.39,51793.89,51741.89,51791.89,5734
2026-06-18T06:30:00+00:00,51791.89,51832.39,51754.39,51830.89,4449
2026-06-18T07:00:00+00:00,51830.89,51838.89,51775.39,51831.89,5367
2026-06-18T07:30:00+00:00,51831.89,51831.89,51785.89,51817.89,4348
2026-06-18T08:00:00+00:00,51817.89,51865.39,51791.89,51795.89,5995
2026-06-18T08:30:00+00:00,51795.89,51819.89,51717.39,51732.89,5431
2026-06-18T09:00:00+00:00,51732.89,51801.89,51719.39,51786.89,5313
2026-06-18T09:30:00+00:00,51786.89,51845.39,51775.89,51829.89,4340
2026-06-18T10:00:00+00:00,51829.89,51842.89,51793.39,51805.39,4107
2026-06-18T10:30:00+00:00,51805.39,51818.39,51731.89,51737.89,4453
2026-06-18T11:00:00+00:00,51737.89,51744.39,51606.39,51654.39,9560
2026-06-18T11:30:00+00:00,51654.39,51670.89,51587.89,51629.39,8029
2026-06-18T12:00:00+00:00,51629.39,51766.89,51620.39,51740.64,8792
2026-06-18T12:30:00+00:00,51740.64,51815.89,51723.39,51790.89,9090
2026-06-18T13:00:00+00:00,51790.89,51870.89,51735.89,51857.39,13696
2026-06-18T13:30:00+00:00,51857.39,51960.24,51698.24,51733.74,65721
2026-06-18T14:00:00+00:00,51733.74,51753.24,51587.24,51698.24,48561
2026-06-18T14:30:00+00:00,51698.24,51810.74,51646.24,51793.74,36087
2026-06-18T15:00:00+00:00,51793.74,51801.74,51632.74,51645.74,29386
2026-06-18T15:30:00+00:00,51645.74,51693.74,51605.74,51665.24,28831
2026-06-18T16:00:00+00:00,51665.24,51685.74,51600.24,51667.74,17956
2026-06-18T16:30:00+00:00,51667.74,51686.74,51613.24,51642.74,14461
2026-06-18T17:00:00+00:00,51642.74,51784.74,51630.24,51706.74,13162
2026-06-18T17:30:00+00:00,51706.74,51725.24,51657.74,51658.74,10473
2026-06-18T18:00:00+00:00,51658.74,51663.74,51610.74,51627.74,13280
2026-06-18T18:30:00+00:00,51627.74,51659.74,51604.74,51617.74,11290
2026-06-18T19:00:00+00:00,51617.74,51632.74,51547.74,51597.74,16449
2026-06-18T19:30:00+00:00,51597.74,51668.74,51559.74,51561.24,26720
2026-06-18T20:00:00+00:00,51561.24,51670.89,51548.89,51643.39,7267
2026-06-18T20:30:00+00:00,51643.39,51650.39,51605.89,51634.14,2581
2026-06-18T22:00:00+00:00,51634.14,51656.89,51583.39,51589.39,4217
2026-06-18T22:30:00+00:00,51589.39,51590.39,51560.39,51567.89,1473
2026-06-18T23:00:00+00:00,51567.89,51588.89,51559.39,51587.39,1144
2026-06-18T23:30:00+00:00,51587.39,51610.39,51579.39,51597.39,1594
2026-06-19T00:00:00+00:00,51597.39,51598.89,51554.89,51581.39,5737
2026-06-19T00:30:00+00:00,51581.39,51587.89,51553.39,51561.89,2735
2026-06-19T01:00:00+00:00,51561.89,51572.89,51521.39,51534.39,2581
2026-06-19T01:30:00+00:00,51534.39,51536.39,51499.39,51501.89,2165
2026-06-19T02:00:00+00:00,51501.89,51506.89,51452.39,51471.39,2113
2026-06-19T02:30:00+00:00,51471.39,51494.89,51464.39,51480.39,1319
2026-06-19T03:00:00+00:00,51480.39,51491.89,51432.39,51437.89,1697
2026-06-19T03:30:00+00:00,51437.89,51477.39,51433.89,51476.89,2154
2026-06-19T04:00:00+00:00,51476.89,51483.89,51451.89,51464.39,1852
2026-06-19T04:30:00+00:00,51464.39,51465.39,51390.39,51408.39,1495
2026-06-19T05:00:00+00:00,51408.39,51424.89,51385.39,51413.39,1693
2026-06-19T05:30:00+00:00,51413.39,51434.89,51397.89,51430.89,1918
2026-06-19T06:00:00+00:00,51430.89,51454.89,51405.39,51447.89,2709
2026-06-19T06:30:00+00:00,51447.89,51486.89,51438.39,51474.39,1466
2026-06-19T07:00:00+00:00,51474.39,51522.89,51473.89,51522.39,1744
2026-06-19T07:30:00+00:00,51522.39,51549.89,51510.39,51548.89,1841
2026-06-19T08:00:00+00:00,51548.89,51581.39,51528.89,51574.39,1709
2026-06-19T08:30:00+00:00,51574.39,51596.39,51549.89,51566.89,1479
2026-06-19T09:00:00+00:00,51566.89,51590.39,51547.39,51549.39,1849
2026-06-19T09:30:00+00:00,51549.39,51594.39,51547.89,51567.39,1955
2026-06-19T10:00:00+00:00,51567.39,51569.89,51481.89,51485.39,1554
2026-06-19T10:30:00+00:00,51485.39,51497.39,51433.89,51468.39,2646
2026-06-19T11:00:00+00:00,51468.39,51468.39,51416.89,51424.89,2331
2026-06-19T11:30:00+00:00,51424.89,51469.89,51424.39,51459.39,1608
2026-06-19T12:00:00+00:00,51459.39,51461.89,51417.89,51421.89,1443
2026-06-19T12:30:00+00:00,51421.89,51575.89,51384.39,51537.89,9869
2026-06-19T13:00:00+00:00,51537.89,51550.89,51493.89,51533.39,5367
2026-06-19T13:30:00+00:00,51533.39,51555.74,51486.24,51489.24,6474
2026-06-19T14:00:00+00:00,51489.24,51527.14,51446.14,51512.14,5200.95162899912
2026-06-19T14:30:00+00:00,51512.14,51538.64,51489.64,51525.64,3068
2026-06-19T15:00:00+00:00,51525.64,51564.64,51514.64,51537.14,3044
2026-06-19T15:30:00+00:00,51537.14,51547.64,51501.14,51535.64,3811
2026-06-19T16:00:00+00:00,51535.64,51540.64,51494.14,51538.64,1424
2026-06-19T16:30:00+00:00,51538.64,51552.14,51465.04,51466.04,713
2026-06-19T17:00:00+00:00,51466.04,51467.64000000001,51442.149999999965,51450.95,213.51308186961472
2026-06-19T17:30:00+00:00,51452.45,51458.05,51451.850000000006,51458.05,48.50124701716636
2026-06-19T18:00:00+00:00,51458.149999999994,51467.850000000006,51456.75,51461.649999999994,69.60142020717878
2026-06-19T18:30:00+00:00,51462.25,51466.45,51455.649999999994,51461.350000000006,62.33205937534017
2026-06-19T19:00:00+00:00,51464.149999999994,51473.149999999994,51464.149999999994,51473.149999999994,44.81591429692945
2026-06-19T19:30:00+00:00,51476.05,51478.75,51425.55000000002,51446.55000000003,570.4016381618804
2026-06-21T22:00:00+00:00,51457.75,51497,51328.25,51462,4817.89649988945
2026-06-21T22:30:00+00:00,51462,51489.5,51424.5,51464,3422
2026-06-21T23:00:00+00:00,51464,51465,51402.5,51435,5040
2026-06-21T23:30:00+00:00,51435,51442,51352.5,51382.5,4918
2026-06-22T00:00:00+00:00,51382.5,51530.5,51360,51527,14485
2026-06-22T00:30:00+00:00,51527,51539.5,51489.5,51531.5,6457
2026-06-22T01:00:00+00:00,51531.5,51582,51531.5,51573.5,8249
2026-06-22T01:30:00+00:00,51573.5,51583.5,51551.5,51561.5,4179
2026-06-22T02:00:00+00:00,51561.5,51567.5,51498,51506.5,3523
2026-06-22T02:30:00+00:00,51506.5,51510,51459.5,51474,2815
2026-06-22T03:00:00+00:00,51474,51493,51455.5,51469,3316
2026-06-22T03:30:00+00:00,51469,51492,51457.5,51463,2231
2026-06-22T04:00:00+00:00,51463,51464.5,51424.25,51437.5,2819
2026-06-22T04:30:00+00:00,51437.5,51454,51428.5,51439.5,3254
2026-06-22T05:00:00+00:00,51439.5,51490,51438.5,51483,3404
2026-06-22T05:30:00+00:00,51483,51523.5,51468.5,51515,3563
2026-06-22T06:00:00+00:00,51515,51590.5,51510,51573.5,4546
2026-06-22T06:30:00+00:00,51573.5,51601,51545,51595.5,3184
2026-06-22T07:00:00+00:00,51595.5,51621,51586.5,51610,4876
2026-06-22T07:30:00+00:00,51610,51619.5,51555.5,51571,3502
2026-06-22T08:00:00+00:00,51571,51579,51536.5,51567,6789
2026-06-22T08:30:00+00:00,51567,51592,51545.5,51585,4945
2026-06-22T09:00:00+00:00,51585,51656,51573.5,51624.5,4849
2026-06-22T09:30:00+00:00,51624.5,51630.5,51581.5,51585,3991
2026-06-22T10:00:00+00:00,51585,51650,51583.5,51633,3406
2026-06-22T10:30:00+00:00,51633,51637.5,51596,51613.5,3238
2026-06-22T11:00:00+00:00,51613.5,51718.5,51600.5,51618.5,9645
2026-06-22T11:30:00+00:00,51618.5,51667,51610.5,51665,4563
2026-06-22T12:00:00+00:00,51665,51742.5,51657,51740.5,5362
2026-06-22T12:30:00+00:00,51740.5,51743,51660.5,51662.5,5632
2026-06-22T13:00:00+00:00,51662.5,51753,51660,51730,11493
2026-06-22T13:30:00+00:00,51730,51917.35,51699.85,51873.85,57072
2026-06-22T14:00:00+00:00,51873.85,51925.35,51757.85,51759.85,37342
2026-06-22T14:30:00+00:00,51759.85,51767.35,51684.35,51756.35,49274
2026-06-22T15:00:00+00:00,51756.35,51799.85,51681.35,51739.35,32134
2026-06-22T15:30:00+00:00,51739.35,51818.35,51715.35,51786.85,23953
2026-06-22T16:00:00+00:00,51786.85,51821.35,51720.35,51769.35,19764
2026-06-22T16:30:00+00:00,51769.35,51811.85,51738.85,51788.35,15592
2026-06-22T17:00:00+00:00,51788.35,51798.85,51726.35,51742.35,11785
2026-06-22T17:30:00+00:00,51742.35,51767.35,51694.35,51730.35,10502
2026-06-22T18:00:00+00:00,51730.35,51794.35,51696.35,51763.35,10232
2026-06-22T18:30:00+00:00,51763.35,51786.35,51640.35,51646.35,11284
2026-06-22T19:00:00+00:00,51646.35,51691.35,51626.35,51642.35,12901
2026-06-22T19:30:00+00:00,51642.35,51756.85,51640.35,51732.35,18423
2026-06-22T20:00:00+00:00,51732.35,51817,51720,51785.5,5960
2026-06-22T20:30:00+00:00,51785.5,51801,51765.5,51790.25,2172
2026-06-22T22:00:00+00:00,51790.25,51834,51776.25,51800.5,3034
2026-06-22T22:30:00+00:00,51800.5,51805,51752.25,51771,2400
2026-06-22T23:00:00+00:00,51771,51777,51736,51764,1043
2026-06-22T23:30:00+00:00,51764,51782.5,51750.25,51780,1052
2026-06-23T00:00:00+00:00,51780,51809.5,51761.5,51795,5146
2026-06-23T00:30:00+00:00,51795,51888,51792,51879.5,6287
2026-06-23T01:00:00+00:00,51879.5,51890,51831,51859,5286
2026-06-23T01:30:00+00:00,51859,51862,51747,51803.5,8493
2026-06-23T02:00:00+00:00,51803.5,51824.5,51760,51789.5,7129
2026-06-23T02:30:00+00:00,51789.5,51794,51754.5,51763,4967
2026-06-23T03:00:00+00:00,51763,51768.5,51703.5,51742,4690
2026-06-23T03:30:00+00:00,51742,51745,51674.5,51729,5976
2026-06-23T04:00:00+00:00,51729,51752.5,51662,51678.5,4023
2026-06-23T04:30:00+00:00,51678.5,51681,51612.5,51619.5,3950
2026-06-23T05:00:00+00:00,51619.5,51657.5,51566.5,51584.5,6689
2026-06-23T05:30:00+00:00,51584.5,51599,51547,51572.5,7299
2026-06-23T06:00:00+00:00,51572.5,51593.5,51498.5,51522.5,10861
2026-06-23T06:30:00+00:00,51522.5,51542,51484,51490,7657
2026-06-23T07:00:00+00:00,51490,51495,51366.5,51406.5,10626
2026-06-23T07:30:00+00:00,51406.5,51425,51324.5,51361,9906
2026-06-23T08:00:00+00:00,51361,51404,51319.5,51378,13109
2026-06-23T08:30:00+00:00,51378,51452,51368,51409,8269
2026-06-23T09:00:00+00:00,51409,51477.5,51391.5,51475,6709
2026-06-23T09:30:00+00:00,51475,51506.5,51434.5,51497.5,5795
2026-06-23T10:00:00+00:00,51497.5,51571.5,51492.5,51515,6056
2026-06-23T10:30:00+00:00,51515,51516.5,51443.5,51471,6861
2026-06-23T11:00:00+00:00,51471,51533.5,51448,51490,9704
2026-06-23T11:30:00+00:00,51490,51595,51469,51552.5,7500
2026-06-23T12:00:00+00:00,51552.5,51576,51483.5,51509.5,7986
2026-06-23T12:30:00+00:00,51509.5,51531,51473.5,51519,8678
2026-06-23T13:00:00+00:00,51519,51556,51440,51483.5,9263
2026-06-23T13:30:00+00:00,51483.5,51717.85,51322.35,51561.35,73500
2026-06-23T14:00:00+00:00,51561.35,51835.35,51541.85,51799.35,46885
2026-06-23T14:30:00+00:00,51799.35,51813.35,51692.35,51795.85,43650
2026-06-23T15:00:00+00:00,51795.85,51806.85,51649.85,51681.85,30417
2026-06-23T15:30:00+00:00,51681.85,51786.85,51665.85,51771.35,25889
2026-06-23T16:00:00+00:00,51771.35,51864.35,51764.35,51859.35,17251
2026-06-23T16:30:00+00:00,51859.35,51896.35,51844.35,51859.35,14460
2026-06-23T17:00:00+00:00,51859.35,51910.35,51828.35,51865.35,14842
2026-06-23T17:30:00+00:00,51865.35,51890.35,51790.35,51807.35,14516
2026-06-23T18:00:00+00:00,51807.35,51844.85,51753.35,51769.85,15185
2026-06-23T18:30:00+00:00,51769.85,51772.85,51673.35,51716.35,17862
2026-06-23T19:00:00+00:00,51716.35,51789.85,51692.35,51742.35,23127
2026-06-23T19:30:00+00:00,51742.35,51790.35,51676.35,51697.85,28463
2026-06-23T20:00:00+00:00,51697.85,51731.5,51681.5,51707,6720
2026-06-23T20:30:00+00:00,51707,51756.5,51698.5,51755.75,2380
2026-06-23T22:00:00+00:00,51755.75,51756.5,51672,51674,5687
2026-06-23T22:30:00+00:00,51674,51692.5,51650,51678.5,4843
2026-06-23T23:00:00+00:00,51678.5,51696,51608,51680.5,4111
2026-06-23T23:30:00+00:00,51680.5,51756.5,51645,51730.5,7524
2026-06-24T00:00:00+00:00,51730.5,51768,51682.5,51710.5,14404
2026-06-24T00:30:00+00:00,51710.5,51724,51673,51699.5,9332
2026-06-24T01:00:00+00:00,51699.5,51719,51662,51703.5,10842
2026-06-24T01:30:00+00:00,51703.5,51716,51676,51698.5,7903
2026-06-24T02:00:00+00:00,51698.5,51724,51671.5,51698.5,5635
2026-06-24T02:30:00+00:00,51698.5,51712,51639,51639.5,7205
2026-06-24T03:00:00+00:00,51639.5,51712.5,51621.5,51711.5,6843
2026-06-24T03:30:00+00:00,51711.5,51728,51699.5,51714.5,5658
2026-06-24T04:00:00+00:00,51714.5,51716.5,51654.5,51669.5,5358
2026-06-24T04:30:00+00:00,51669.5,51727.5,51669.5,51687.5,5350
2026-06-24T05:00:00+00:00,51687.5,51697,51643.5,51687.5,4641
2026-06-24T05:30:00+00:00,51687.5,51692.5,51658,51672.5,3535
2026-06-24T06:00:00+00:00,51672.5,51674.5,51620,51640.5,5025
2026-06-24T06:30:00+00:00,51640.5,51673,51638.5,51651,3708
2026-06-24T07:00:00+00:00,51651,51671.5,51601.5,51630.5,8033
2026-06-24T07:30:00+00:00,51630.5,51678.5,51599.5,51623,7221
2026-06-24T08:00:00+00:00,51623,51678.5,51622.5,51647.5,8827
2026-06-24T08:30:00+00:00,51647.5,51670.5,51634.5,51653,5224
2026-06-24T09:00:00+00:00,51653,51679.5,51618.5,51645.5,5712
2026-06-24T09:30:00+00:00,51645.5,51661.5,51603,51643.5,5079
2026-06-24T10:00:00+00:00,51643.5,51660,51608.5,51660,4788
2026-06-24T10:30:00+00:00,51660,51720.5,51647.5,51657.5,4553
2026-06-24T11:00:00+00:00,51657.5,51719.5,51655.5,51707.5,5286
2026-06-24T11:30:00+00:00,51707.5,51814.5,51707.5,51810.5,7343
2026-06-24T12:00:00+00:00,51810.5,51816,51743.5,51771.5,7980
2026-06-24T12:30:00+00:00,51771.5,51786.5,51667.5,51685.5,7405
2026-06-24T13:00:00+00:00,51685.5,51703.5,51571.5,51668,11073
2026-06-24T13:30:00+00:00,51668,51897.35,51645.35,51785.85,71638
2026-06-24T14:00:00+00:00,51785.85,51954.85,51770.35,51920.85,55126
2026-06-24T14:30:00+00:00,51920.85,52149.35,51887.85,52147.35,35700
2026-06-24T15:00:00+00:00,52147.35,52305.35,52102.85,52304.35,27494
2026-06-24T15:30:00+00:00,52304.35,52314.35,52190.35,52214.35,25363
2026-06-24T16:00:00+00:00,52214.35,52247.85,52178.35,52214.35,19430
2026-06-24T16:30:00+00:00,52214.35,52240.85,52088.85,52107.35,25292
2026-06-24T17:00:00+00:00,52107.35,52130.35,51842.85,51853.35,32470
2026-06-24T17:30:00+00:00,51853.35,51927.85,51796.35,51843.85,42078
2026-06-24T18:00:00+00:00,51843.85,52016.35,51831.35,52007.85,35105
2026-06-24T18:30:00+00:00,52007.85,52056.85,51892.35,51943.85,30674
2026-06-24T19:00:00+00:00,51943.85,52013.35,51897.35,51926.35,34403
2026-06-24T19:30:00+00:00,51926.35,51941.35,51827.85,51922.85,34038
2026-06-24T20:00:00+00:00,51922.85,52021,51896.5,51998,19787
2026-06-24T20:30:00+00:00,51998,52057.5,51977.5,52033.25,7853
2026-06-24T22:00:00+00:00,52033.25,52051.5,51950,51952,7534
2026-06-24T22:30:00+00:00,51952,51970.5,51951,51957,2840
2026-06-24T23:00:00+00:00,51957,51974,51940,51963,2006.3410608211113
2026-06-24T23:30:00+00:00,51963,52006.5,51961,51977,2804
2026-06-25T00:00:00+00:00,51977,51983,51936,51943,8425
2026-06-25T00:30:00+00:00,51943,51944.5,51883,51894.5,6641
2026-06-25T01:00:00+00:00,51894.5,51922,51879,51900,6084
2026-06-25T01:30:00+00:00,51900,51950,51900,51905,6113
2026-06-25T02:00:00+00:00,51905,51941,51894.5,51920,4812
2026-06-25T02:30:00+00:00,51920,51928.5,51900.5,51926.5,2625
2026-06-25T03:00:00+00:00,51926.5,51945,51905.5,51937,3205
2026-06-25T03:30:00+00:00,51937,51948,51921.5,51946.5,2322
2026-06-25T04:00:00+00:00,51946.5,51951,51903,51909,2334
2026-06-25T04:30:00+00:00,51909,51921.5,51865.5,51877,2252
2026-06-25T05:00:00+00:00,51877,51929,51877,51923.5,2411
2026-06-25T05:30:00+00:00,51923.5,51934,51908,51916,2680
2026-06-25T06:00:00+00:00,51916,52006.5,51916,51999.5,4118
2026-06-25T06:30:00+00:00,51999.5,52013,51968,51979,3078
2026-06-25T07:00:00+00:00,51979,52012,51974.5,51989.5,5619
2026-06-25T07:30:00+00:00,51989.5,52002.5,51974.5,51994.5,3546
2026-06-25T08:00:00+00:00,51994.5,52011,51944.5,51970.5,5083
2026-06-25T08:30:00+00:00,51970.5,51997,51942,51952,3663
2026-06-25T09:00:00+00:00,51952,51983,51945,51964,4237
2026-06-25T09:30:00+00:00,51964,52005.5,51962,51987,3543
2026-06-25T10:00:00+00:00,51987,52111,51984.5,52074.5,5437
2026-06-25T10:30:00+00:00,52074.5,52081,52025,52072.5,3271
2026-06-25T11:00:00+00:00,52072.5,52078.5,52002.5,52011,4444
2026-06-25T11:30:00+00:00,52011,52053,51985,51986.5,4515
2026-06-25T12:00:00+00:00,51986.5,52030,51956,51974.75,5330
2026-06-25T12:30:00+00:00,51974.75,52112.5,51974.75,52053,18186
2026-06-25T13:00:00+00:00,52053,52207.5,52045,52188.5,10203
2026-06-25T13:30:00+00:00,52188.5,52330.85,52068.85,52112.35,87228
2026-06-25T14:00:00+00:00,52112.35,52696.85,52107.35,52668.85,78412
2026-06-25T14:30:00+00:00,52668.85,52741.35,52551.35,52552.35,53223
2026-06-25T15:00:00+00:00,52552.35,52585.35,52257.35,52404.35,53129
2026-06-25T15:30:00+00:00,52404.35,52442.85,52266.85,52317.35,43107
2026-06-25T16:00:00+00:00,52317.35,52395.35,52227.75,52248.35,37448
2026-06-25T16:30:00+00:00,52248.35,52248.85,52085.85,52114.35,32118
2026-06-25T17:00:00+00:00,52114.35,52169.85,52046.85,52084.85,27862
2026-06-25T17:30:00+00:00,52084.85,52131.85,51987.85,52087.35,29493
2026-06-25T18:00:00+00:00,52087.35,52217.35,51952.35,52202.85,38814
2026-06-25T18:30:00+00:00,52202.85,52203.85,51979.85,52041.35,32128
2026-06-25T19:00:00+00:00,52041.35,52075.85,51999.35,52012.35,25753
2026-06-25T19:30:00+00:00,52012.35,52025.35,51938.75,52014.85,30696
2026-06-25T20:00:00+00:00,52014.85,52177,52008.5,52149.5,11701
2026-06-25T20:30:00+00:00,52149.5,52155,52088,52101.25,3182
2026-06-25T22:00:00+00:00,52101.25,52111,52054.75,52068,6373
2026-06-25T22:30:00+00:00,52068,52087.5,52061.5,52085.5,2446
2026-06-25T23:00:00+00:00,52085.5,52186,52083,52155,4740
2026-06-25T23:30:00+00:00,52155,52161,52018,52052,6049
2026-06-26T00:00:00+00:00,52052,52123.5,52035,52119.5,15276
2026-06-26T00:30:00+00:00,52119.5,52130,52080,52091,10274
2026-06-26T01:00:00+00:00,52091,52118.5,52048,52051.5,9455
2026-06-26T01:30:00+00:00,52051.5,52057.5,51973,51996,10092
2026-06-26T02:00:00+00:00,51996,52004,51929.5,51943,9260
2026-06-26T02:30:00+00:00,51943,51948,51886,51895,10207
2026-06-26T03:00:00+00:00,51895,51900,51873.5,51891,6334
2026-06-26T03:30:00+00:00,51891,51936.5,51846.5,51934,8989
2026-06-26T04:00:00+00:00,51934,51943,51896.5,51923.5,7489
2026-06-26T04:30:00+00:00,51923.5,51937,51876.5,51883,5863
2026-06-26T05:00:00+00:00,51883,51933,51873,51920.5,6343
2026-06-26T05:30:00+00:00,51920.5,51940,51824.5,51877,6362
2026-06-26T06:00:00+00:00,51877,51963,51872.5,51961,6927
2026-06-26T06:30:00+00:00,51961,52082,51945.5,52056.5,6259
2026-06-26T07:00:00+00:00,52056.5,52091,52002,52085,7472
2026-06-26T07:30:00+00:00,52085,52105,52058,52091,4977
2026-06-26T08:00:00+00:00,52091,52116,52059,52103.5,8242
2026-06-26T08:30:00+00:00,52103.5,52107,51938.5,51976,7867
2026-06-26T09:00:00+00:00,51976,51981.5,51915.5,51934,9697
2026-06-26T09:30:00+00:00,51934,51998,51912,51947,8081
2026-06-26T10:00:00+00:00,51947,51958.5,51891.5,51937,7069
2026-06-26T10:30:00+00:00,51937,51959,51919.5,51942,6085
2026-06-26T11:00:00+00:00,51942,51973,51910,51927.5,7865
2026-06-26T11:30:00+00:00,51927.5,51968,51900,51935.5,7068
2026-06-26T12:00:00+00:00,51935.5,52052,51926.5,51963.5,9340
2026-06-26T12:30:00+00:00,51963.5,51988.5,51848.5,51905,10433
2026-06-26T13:00:00+00:00,51905,51912,51730,51757.5,19186
2026-06-26T13:30:00+00:00,51757.5,51891.35,51667.35,51850.75,95213
2026-06-26T14:00:00+00:00,51850.75,52092.35,51841.75,52046.85,54045
2026-06-26T14:30:00+00:00,52046.85,52086.35,51918.85,51946.85,43155
2026-06-26T15:00:00+00:00,51946.85,52113.85,51931.35,52113.85,36648
2026-06-26T15:30:00+00:00,52113.85,52201.85,52061.75,52161.85,34795
2026-06-26T16:00:00+00:00,52161.85,52166.35,51901.35,51962.85,30439
2026-06-26T16:30:00+00:00,51962.85,52043.35,51962.85,52034.35,22234
2026-06-26T17:00:00+00:00,52034.35,52133.85,51987.85,52036.85,20039
2026-06-26T17:30:00+00:00,52036.85,52075.85,51949.85,51969.35,21043
2026-06-26T18:00:00+00:00,51969.35,52028.35,51940.85,51954.85,20203
2026-06-26T18:30:00+00:00,51954.85,51987.85,51877.35,51898.35,18797
2026-06-26T19:00:00+00:00,51898.35,51967.85,51875.85,51913.35,21392
2026-06-26T19:30:00+00:00,51913.35,51980.35,51787.75,51810.75,36257
2026-06-26T20:00:00+00:00,51810.75,51943.5,51810.75,51925,22367
2026-06-26T20:30:00+00:00,51925,51933,51822.5,51847.75,9554
2026-06-28T22:00:00+00:00,51847.75,52060.26,51847.75,52019.76,7319
2026-06-28T22:30:00+00:00,52019.76,52050.26,52016.26,52042.26,2620
2026-06-28T23:00:00+00:00,52042.26,52128.76,52033.76,52118.76,4401
2026-06-28T23:30:00+00:00,52118.76,52157.26,52109.26,52110.26,5567
2026-06-29T00:00:00+00:00,52110.26,52112.76,52027.76,52032.26,12992
2026-06-29T00:30:00+00:00,52032.26,52084.26,52012.26,52073.26,10274
2026-06-29T01:00:00+00:00,52073.26,52082.76,51988.76,52002.26,8896
2026-06-29T01:30:00+00:00,52002.26,52047.76,51977.76,52033.76,9528
2026-06-29T02:00:00+00:00,52033.76,52052.76,51963.26,52048.76,6791
2026-06-29T02:30:00+00:00,52048.76,52077.76,52043.76,52067.26,3923
2026-06-29T03:00:00+00:00,52067.26,52107.26,52067.26,52068.26,3240
2026-06-29T03:30:00+00:00,52068.26,52098.26,52014.26,52091.26,4957
2026-06-29T04:00:00+00:00,52091.26,52091.76,52047.76,52067.76,3506
2026-06-29T04:30:00+00:00,52067.76,52075.26,52050.26,52066.26,3410
2026-06-29T05:00:00+00:00,52066.26,52098.26,52055.26,52073.26,4145
2026-06-29T05:30:00+00:00,52073.26,52146.76,52070.26,52137.76,4695
2026-06-29T06:00:00+00:00,52137.76,52139.76,52079.76,52092.76,4700
2026-06-29T06:30:00+00:00,52092.76,52098.76,52049.26,52058.76,2628
2026-06-29T07:00:00+00:00,52058.76,52124.76,51996.26,52110.26,6097
2026-06-29T07:30:00+00:00,52110.26,52126.76,52072.26,52118.26,4837
2026-06-29T08:00:00+00:00,52118.26,52173.26,52100.76,52104.76,6381
2026-06-29T08:30:00+00:00,52104.76,52141.26,52067.26,52071.26,4530
2026-06-29T09:00:00+00:00,52071.26,52124.26,52062.26,52121.76,3982
2026-06-29T09:30:00+00:00,52121.76,52129.26,52041.26,52079.26,4178
2026-06-29T10:00:00+00:00,52079.26,52099.76,52048.26,52099.76,3470
2026-06-29T10:30:00+00:00,52099.76,52159.76,52093.01,52156.26,3657
2026-06-29T11:00:00+00:00,52156.26,52192.26,52108.76,52134.26,4443
2026-06-29T11:30:00+00:00,52134.26,52203.26,52126.26,52170.76,5737
2026-06-29T12:00:00+00:00,52170.76,52179.26,52141.26,52157.26,4291
2026-06-29T12:30:00+00:00,52157.26,52169.26,52092.26,52168.26,5402
2026-06-29T13:00:00+00:00,52168.26,52235.76,52129.26,52164.76,8264
2026-06-29T13:30:00+00:00,52164.76,52391.11,52086.61,52259.11,76552
2026-06-29T14:00:00+00:00,52259.11,52295.61,52030.11,52261.61,70640
2026-06-29T14:30:00+00:00,52261.61,52406.61,52243.11,52303.11,47163
2026-06-29T15:00:00+00:00,52303.11,52309.11,52140.11,52193.61,29221
2026-06-29T15:30:00+00:00,52193.61,52228.61,52156.11,52196.11,18743
2026-06-29T16:00:00+00:00,52196.11,52249.61,52170.61,52197.11,13273
2026-06-29T16:30:00+00:00,52197.11,52215.61,52161.61,52198.61,10943
2026-06-29T17:00:00+00:00,52198.61,52277.11,52193.11,52216.11,12204
2026-06-29T17:30:00+00:00,52216.11,52336.11,52205.11,52320.61,9908
2026-06-29T18:00:00+00:00,52320.61,52363.11,52303.61,52314.11,9957
2026-06-29T18:30:00+00:00,52314.11,52346.11,52308.11,52320.11,8313
2026-06-29T19:00:00+00:00,52320.11,52334.61,52275.61,52281.11,8635
2026-06-29T19:30:00+00:00,52281.11,52302.11,52240.11,52259.11,14609
2026-06-29T20:00:00+00:00,52259.11,52287.26,52244.26,52275.76,3646
2026-06-29T20:30:00+00:00,52275.76,52278.26,52233.01,52241.01,1520
2026-06-29T22:00:00+00:00,52241.01,52270.8,52235.3,52246.8,4020
2026-06-29T22:30:00+00:00,52246.8,52256.3,52229.8,52242.3,1337
2026-06-29T23:00:00+00:00,52242.3,52267.3,52236.8,52240.3,1394
2026-06-29T23:30:00+00:00,52240.3,52251.8,52207.3,52228.3,2210
2026-06-30T00:00:00+00:00,52228.3,52241.3,52206.3,52212.8,6042
2026-06-30T00:30:00+00:00,52212.8,52231.8,52178.8,52229.3,5123
2026-06-30T01:00:00+00:00,52229.3,52248.3,52202.8,52247.8,3765
2026-06-30T01:30:00+00:00,52247.8,52271.3,52226.8,52259.8,3384
2026-06-30T02:00:00+00:00,52259.8,52260.8,52211.8,52237.8,3065
2026-06-30T02:30:00+00:00,52237.8,52244.3,52219.3,52220.8,1990
2026-06-30T03:00:00+00:00,52220.8,52247.8,52218.3,52243.8,1754
2026-06-30T03:30:00+00:00,52243.8,52300.3,52237.8,52276.3,2904
2026-06-30T04:00:00+00:00,52276.3,52301.3,52273.8,52290.3,1654
2026-06-30T04:30:00+00:00,52290.3,52319.3,52285.8,52290.8,1817
2026-06-30T05:00:00+00:00,52290.8,52313.8,52287.3,52289.8,2207
2026-06-30T05:30:00+00:00,52289.8,52307.3,52277.8,52301.8,2672
2026-06-30T06:00:00+00:00,52301.8,52316.3,52267.3,52297.8,3275
2026-06-30T06:30:00+00:00,52297.8,52316.3,52267.8,52316.3,3191
2026-06-30T07:00:00+00:00,52316.3,52351.3,52294.8,52316.8,4239
2026-06-30T07:30:00+00:00,52316.8,52337.8,52289.8,52300.3,3169
2026-06-30T08:00:00+00:00,52300.3,52334.3,52265.8,52318.8,4948
2026-06-30T08:30:00+00:00,52318.8,52326.8,52254.8,52306.8,5041
2026-06-30T09:00:00+00:00,52306.8,52367.3,52300.8,52357.8,3508
2026-06-30T09:30:00+00:00,52357.8,52411.3,52328.8,52378.8,3656
2026-06-30T10:00:00+00:00,52378.8,52401.8,52324.3,52342.8,4420
2026-06-30T10:30:00+00:00,52342.8,52391.3,52317.8,52384.3,3256
2026-06-30T11:00:00+00:00,52384.3,52425.3,52337.3,52346.8,3574
2026-06-30T11:30:00+00:00,52346.8,52378.8,52322.3,52326.8,3707
2026-06-30T12:00:00+00:00,52326.8,52328.3,52217.3,52224.3,6796
2026-06-30T12:30:00+00:00,52224.3,52296.8,52203.3,52257.3,6078
2026-06-30T13:00:00+00:00,52257.3,52374.8,52223.8,52373.8,7069
2026-06-30T13:30:00+00:00,52373.8,52373.8,52096.15,52319.55,53769
2026-06-30T14:00:00+00:00,52319.55,52371.65,52260.65,52355.65,29285
2026-06-30T14:30:00+00:00,52355.65,52444.65,52305.15,52324.65,23539
2026-06-30T15:00:00+00:00,52324.65,52439.15,52317.65,52427.65,17942
2026-06-30T15:30:00+00:00,52427.65,52429.65,52327.15,52391.65,13039
2026-06-30T16:00:00+00:00,52391.65,52463.65,52386.65,52422.65,10790
2026-06-30T16:30:00+00:00,52422.65,52474.65,52412.65,52456.65,9542
2026-06-30T17:00:00+00:00,52456.65,52466.65,52421.65,52456.65,8129
2026-06-30T17:30:00+00:00,52456.65,52476.65,52409.65,52413.65,7247
2026-06-30T18:00:00+00:00,52413.65,52439.15,52400.65,52417.65,7401
2026-06-30T18:30:00+00:00,52417.65,52450.65,52384.15,52425.65,7566
2026-06-30T19:00:00+00:00,52425.65,52467.65,52405.65,52429.65,8730
2026-06-30T19:30:00+00:00,52429.65,52450.65,52358.15,52389.15,18881
2026-06-30T20:00:00+00:00,52389.15,52418.8,52336.3,52338.3,6891
2026-06-30T20:30:00+00:00,52338.3,52338.8,52273.3,52281.55,1744
2026-06-30T22:00:00+00:00,52281.55,52330.3,52281.55,52325.8,2599
2026-06-30T22:30:00+00:00,52325.8,52331.8,52290.3,52298.8,1102
2026-06-30T23:00:00+00:00,52298.8,52303.8,52283.3,52296.3,949
2026-06-30T23:30:00+00:00,52296.3,52308.3,52283.3,52294.8,1402
2026-07-01T00:00:00+00:00,52294.8,52329.8,52293.8,52323.8,4614
2026-07-01T00:30:00+00:00,52323.8,52348.8,52323.3,52327.3,2759
2026-07-01T01:00:00+00:00,52327.3,52336.8,52263.8,52270.8,5825
2026-07-01T01:30:00+00:00,52270.8,52279.8,52250.8,52257.3,4154
2026-07-01T02:00:00+00:00,52257.3,52268.3,52188.3,52228.3,5147
2026-07-01T02:30:00+00:00,52228.3,52236.3,52214.3,52214.3,3064
2026-07-01T03:00:00+00:00,52214.3,52224.8,52192.3,52195.3,2600
2026-07-01T03:30:00+00:00,52195.3,52231.8,52186.8,52224.8,2542
2026-07-01T04:00:00+00:00,52224.8,52225.8,52205.8,52221.8,3155
2026-07-01T04:30:00+00:00,52221.8,52252.8,52208.8,52232.3,2752
2026-07-01T05:00:00+00:00,52232.3,52241.8,52219.8,52224.8,3438
2026-07-01T05:30:00+00:00,52224.8,52230.3,52205.8,52221.8,3105
2026-07-01T06:00:00+00:00,52221.8,52241.8,52207.3,52229.8,4297
2026-07-01T06:30:00+00:00,52229.8,52255.3,52218.3,52235.8,3560
2026-07-01T07:00:00+00:00,52235.8,52256.3,52148.3,52191.8,6441
2026-07-01T07:30:00+00:00,52191.8,52227.3,52184.8,52218.8,3786
2026-07-01T08:00:00+00:00,52218.8,52272.8,52199.8,52269.3,4716
2026-07-01T08:30:00+00:00,52269.3,52294.3,52259.8,52281.8,3996
2026-07-01T09:00:00+00:00,52281.8,52285.8,52230.8,52266.8,3627
2026-07-01T09:30:00+00:00,52266.8,52281.8,52244.8,52268.3,2714
2026-07-01T10:00:00+00:00,52268.3,52285.8,52226.3,52273.8,3086
2026-07-01T10:30:00+00:00,52273.8,52294.3,52258.3,52276.8,2753
2026-07-01T11:00:00+00:00,52276.8,52307.3,52274.8,52284.8,2675
2026-07-01T11:30:00+00:00,52284.8,52287.8,52224.8,52240.8,3660
2026-07-01T12:00:00+00:00,52240.8,52265.3,52195.3,52243.8,5786
2026-07-01T12:30:00+00:00,52243.8,52273.8,52183.3,52250.3,9999
2026-07-01T13:00:00+00:00,52250.3,52330.3,52210.8,52296.8,14383
2026-07-01T13:30:00+00:00,52296.8,52376.15,52103.65,52344.15,63953
2026-07-01T14:00:00+00:00,52344.15,52526.65,52309.15,52476.65,29921
2026-07-01T14:30:00+00:00,52476.65,52529.65,52445.15,52527.15,23562
2026-07-01T15:00:00+00:00,52527.15,52624.65,52482.65,52622.15,21136
2026-07-01T15:30:00+00:00,52622.15,52711.15,52587.65,52707.65,15697
2026-07-01T16:00:00+00:00,52707.65,52827.65,52703.65,52767.65,13391
2026-07-01T16:30:00+00:00,52767.65,52797.15,52586.15,52588.15,14268
2026-07-01T17:00:00+00:00,52588.15,52619.65,52537.65,52570.65,14724
2026-07-01T17:30:00+00:00,52570.65,52588.65,52481.15,52490.65,11429
2026-07-01T18:00:00+00:00,52490.65,52514.15,52415.65,52433.15,11795
2026-07-01T18:30:00+00:00,52433.15,52460.15,52413.65,52446.15,10129
2026-07-01T19:00:00+00:00,52446.15,52469.15,52417.15,52417.15,10966
2026-07-01T19:30:00+00:00,52417.15,52447.65,52378.15,52384.65,17743
2026-07-01T20:00:00+00:00,52384.65,52388.8,52304.3,52323.8,7150
2026-07-01T20:30:00+00:00,52323.8,52333.3,52291.8,52325.05,2966
2026-07-01T22:00:00+00:00,52325.05,52348.75,52299,52341.75,3420.354506305752
2026-07-01T22:30:00+00:00,52341.75,52349.25,52329.25,52345.25,1112
2026-07-01T23:00:00+00:00,52345.25,52353.25,52338.25,52350.25,1204.7715312658402
2026-07-01T23:30:00+00:00,52350.25,52355.25,52307.75,52334.75,2604
2026-07-02T00:00:00+00:00,52334.75,52340.75,52287.75,52327.25,9496
2026-07-02T00:30:00+00:00,52327.25,52342.75,52303.75,52337.75,4675
2026-07-02T01:00:00+00:00,52337.75,52369.75,52334.75,52368.25,3415
2026-07-02T01:30:00+00:00,52368.25,52423.25,52367.25,52407.25,3265
2026-07-02T02:00:00+00:00,52407.25,52443.75,52403.75,52437.25,2058
2026-07-02T02:30:00+00:00,52437.25,52447.75,52428.75,52444.25,1671
2026-07-02T03:00:00+00:00,52444.25,52454.75,52431.25,52440.75,1534
2026-07-02T03:30:00+00:00,52440.75,52462.75,52434.25,52448.25,2754
2026-07-02T04:00:00+00:00,52448.25,52450.25,52413.25,52416.75,2100
2026-07-02T04:30:00+00:00,52416.75,52421.75,52393.75,52412.25,1886
2026-07-02T05:00:00+00:00,52412.25,52431.25,52399.75,52408.25,2541
2026-07-02T05:30:00+00:00,52408.25,52408.75,52377.75,52379.75,3083
2026-07-02T06:00:00+00:00,52379.75,52391.75,52349.25,52355.25,3946
2026-07-02T06:30:00+00:00,52355.25,52373.25,52314.25,52317.25,3629
2026-07-02T07:00:00+00:00,52317.25,52330.75,52277.25,52317.75,5243
2026-07-02T07:30:00+00:00,52317.75,52380.75,52298.75,52359.25,4389
2026-07-02T08:00:00+00:00,52359.25,52436.25,52341.75,52419.75,6794
2026-07-02T08:30:00+00:00,52419.75,52447.25,52404.25,52412.75,4339
2026-07-02T09:00:00+00:00,52412.75,52429.25,52389.75,52411.25,3308
2026-07-02T09:30:00+00:00,52411.25,52439.25,52408.75,52426.25,2881
2026-07-02T10:00:00+00:00,52426.25,52470.75,52407.75,52458.25,3120
2026-07-02T10:30:00+00:00,52458.25,52499.25,52452.25,52485.25,2793
2026-07-02T11:00:00+00:00,52485.25,52503.25,52477.25,52484.25,3069
2026-07-02T11:30:00+00:00,52484.25,52509.25,52456.25,52457.75,3421
2026-07-02T12:00:00+00:00,52457.75,52486.75,52438.25,52480.75,6212
2026-07-02T12:30:00+00:00,52480.75,52673.75,52476.5,52595.75,21776
2026-07-02T13:00:00+00:00,52595.75,52692.75,52531.25,52682.25,13997
2026-07-02T13:30:00+00:00,52682.25,52854.6,52550.1,52762.6,62333
2026-07-02T14:00:00+00:00,52762.6,52869.1,52651.6,52696.6,45855
2026-07-02T14:30:00+00:00,52696.6,52844.6,52681.6,52844.6,62005
2026-07-02T15:00:00+00:00,52844.6,52846.6,52648.6,52704.6,55558
2026-07-02T15:30:00+00:00,52704.6,52781.6,52676.6,52737.6,34419
2026-07-02T16:00:00+00:00,52737.6,52766.6,52687.1,52706.1,26248
2026-07-02T16:30:00+00:00,52706.1,52746.1,52649.1,52685.6,26412
2026-07-02T17:00:00+00:00,52685.6,52688.6,52552.1,52580.1,28830
2026-07-02T17:30:00+00:00,52580.1,52612.6,52495.1,52513.1,24246
2026-07-02T18:00:00+00:00,52513.1,52668.1,52492.6,52662.6,22632
2026-07-02T18:30:00+00:00,52662.6,52766.1,52658.1,52726.6,16816
2026-07-02T19:00:00+00:00,52726.6,52734.6,52643.1,52683.6,21136
2026-07-02T19:30:00+00:00,52683.6,52946.1,52672.6,52898.6,23653
2026-07-02T20:00:00+00:00,52898.6,52906.75,52865.25,52881.75,6735
2026-07-02T20:30:00+00:00,52881.75,52900.75,52865.75,52893,3918
2026-07-02T22:00:00+00:00,52893,52910.25,52877.25,52899.25,1051
2026-07-02T22:30:00+00:00,52899.25,52931.25,52895.25,52929.75,1204
2026-07-02T23:00:00+00:00,52929.75,52954.75,52916.75,52948.25,1653
2026-07-02T23:30:00+00:00,52948.25,52964.75,52938.75,52956.75,2019
2026-07-03T00:00:00+00:00,52956.75,52988.25,52925.75,52980.25,7687
2026-07-03T00:30:00+00:00,52980.25,53016.75,52966.75,52999.75,5021
2026-07-03T01:00:00+00:00,52999.75,53121.25,52993.25,53113.25,5344
2026-07-03T01:30:00+00:00,53113.25,53137.75,53088.75,53091.75,3207
2026-07-03T02:00:00+00:00,53091.75,53109.25,53063.25,53071.75,1793
2026-07-03T02:30:00+00:00,53071.75,53073.75,53050.25,53072.75,1409
2026-07-03T03:00:00+00:00,53072.75,53072.75,53039.25,53067.75,1094
2026-07-03T03:30:00+00:00,53067.75,53078.75,53048.25,53073.75,1738
2026-07-03T04:00:00+00:00,53073.75,53080.75,53060.25,53065.75,1064
2026-07-03T04:30:00+00:00,53065.75,53066.25,53050.25,53052.25,855
2026-07-03T05:00:00+00:00,53052.25,53055.75,52998.25,53020.25,2001
2026-07-03T05:30:00+00:00,53020.25,53031.25,52996.75,53000.75,1744
2026-07-03T06:00:00+00:00,53000.75,53044.25,52997.75,53013.25,2331
2026-07-03T06:30:00+00:00,53013.25,53060.25,53007.75,53044.25,2196
2026-07-03T07:00:00+00:00,53044.25,53082.25,53011.75,53019.25,2736
2026-07-03T07:30:00+00:00,53019.25,53024.25,52959.75,52959.75,2231
2026-07-03T08:00:00+00:00,52959.75,52966.25,52909.75,52914.75,2078
2026-07-03T08:30:00+00:00,52914.75,52921.75,52859.75,52864.25,2146
2026-07-03T09:00:00+00:00,52864.25,52897.75,52854.75,52858.75,2260
2026-07-03T09:30:00+00:00,52858.75,52889.25,52854.75,52855.75,1664
2026-07-03T10:00:00+00:00,52855.75,52876.75,52841.25,52866.75,1438
2026-07-03T10:30:00+00:00,52866.75,52899.25,52856.25,52858.25,1162
2026-07-03T11:00:00+00:00,52858.25,52858.25,52815.25,52821.75,1392
2026-07-03T11:30:00+00:00,52821.75,52848.75,52811.25,52842.25,1494
2026-07-03T12:00:00+00:00,52842.25,52859.75,52811.25,52839.25,2338
2026-07-03T12:30:00+00:00,52839.25,52861.75,52831.25,52853.75,1415
2026-07-03T13:00:00+00:00,52853.75,52860.75,52819.25,52829.25,1963
2026-07-03T13:30:00+00:00,52829.25,52892.1,52828.1,52863.6,7320
2026-07-03T14:00:00+00:00,52863.6,52909.1,52847.6,52874.1,4399
2026-07-03T14:30:00+00:00,52874.1,52984.6,52872.6,52977.6,3249
2026-07-03T15:00:00+00:00,52977.6,52979.6,52884.6,52903.6,3419
2026-07-03T15:30:00+00:00,52903.6,52923.1,52895.1,52916.6,2460
2026-07-03T16:00:00+00:00,52916.6,52920.6,52896.6,52903.6,1495
2026-07-03T16:30:00+00:00,52903.6,52922.1,52891.6,52897.1,1497
2026-07-03T17:00:00+00:00,52897.1,52897.1,52810.850000000006,52816.14999999998,102.89067580044608
2026-07-03T17:30:00+00:00,52815.850000000006,52821.149999999994,52815.34999999999,52815.75,41.3235254129048
2026-07-03T18:00:00+00:00,52818.649999999994,52821.25,52815.649999999994,52816.05,53.43538228973593
2026-07-03T18:30:00+00:00,52815.45,52822.45000000001,52815.45,52821.149999999994,120.42373870247934
2026-07-03T19:00:00+00:00,52821.149999999994,52830.45,52819.84999999999,52827.850000000006,124.6402106606443
2026-07-03T19:30:00+00:00,52829.350000000006,52835.350000000006,52813.249999999985,52824.850000000006,640.6678391602795
2026-07-05T22:00:00+00:00,52953.6,53012.20999999999,52941.20999999999,52968.70999999999,1878.7659574468084
2026-07-05T22:30:00+00:00,52968.70999999999,52999.20999999999,52967.70999999999,52981.70999999999,1484
2026-07-05T23:00:00+00:00,52981.70999999999,53019.20999999999,52975.70999999999,53005.20999999999,1655
2026-07-05T23:30:00+00:00,53005.20999999999,53061.20999999999,53002.70999999999,53059.20999999999,1774
2026-07-06T00:00:00+00:00,53059.20999999999,53099.20999999999,53005.20999999999,53047.20999999999,8296
2026-07-06T00:30:00+00:00,53047.20999999999,53095.20999999999,53037.70999999999,53076.20999999999,5635
2026-07-06T01:00:00+00:00,53076.20999999999,53080.20999999999,53034.20999999999,53051.70999999999,4701
2026-07-06T01:30:00+00:00,53051.70999999999,53073.20999999999,53023.20999999999,53042.20999999999,4543
2026-07-06T02:00:00+00:00,53042.20999999999,53051.20999999999,52999.70999999999,53015.70999999999,3681
2026-07-06T02:30:00+00:00,53015.70999999999,53015.70999999999,52976.70999999999,52995.20999999999,2901
2026-07-06T03:00:00+00:00,52995.20999999999,52995.20999999999,52960.20999999999,52977.20999999999,2462
2026-07-06T03:30:00+00:00,52977.20999999999,52986.20999999999,52955.20999999999,52966.70999999999,2732
2026-07-06T04:00:00+00:00,52966.70999999999,52978.70999999999,52949.20999999999,52973.70999999999,1881
2026-07-06T04:30:00+00:00,52973.70999999999,52995.20999999999,52969.20999999999,52984.70999999999,1718
2026-07-06T05:00:00+00:00,52984.70999999999,53009.70999999999,52973.20999999999,52997.70999999999,2139
2026-07-06T05:30:00+00:00,52997.70999999999,53014.20999999999,52971.70999999999,52982.70999999999,2486
2026-07-06T06:00:00+00:00,52982.70999999999,53004.20999999999,52973.70999999999,52999.70999999999,2273
2026-07-06T06:30:00+00:00,52999.70999999999,53001.70999999999,52983.20999999999,52998.20999999999,1875
2026-07-06T07:00:00+00:00,52998.20999999999,53051.20999999999,52989.70999999999,53023.20999999999,3103
2026-07-06T07:30:00+00:00,53023.20999999999,53101.70999999999,53020.20999999999,53096.20999999999,2093
2026-07-06T08:00:00+00:00,53096.20999999999,53113.20999999999,53068.20999999999,53090.20999999999,3749
2026-07-06T08:30:00+00:00,53090.20999999999,53090.70999999999,53024.70999999999,53044.20999999999,2595
2026-07-06T09:00:00+00:00,53044.20999999999,53045.20999999999,52988.70999999999,53023.20999999999,2672
2026-07-06T09:30:00+00:00,53023.20999999999,53025.70999999999,52981.70999999999,53007.70999999999,2429
2026-07-06T10:00:00+00:00,53007.70999999999,53043.70999999999,52987.70999999999,53010.70999999999,2180
2026-07-06T10:30:00+00:00,53010.70999999999,53026.70999999999,52966.70999999999,52987.70999999999,1948
2026-07-06T11:00:00+00:00,52987.70999999999,53007.70999999999,52931.20999999999,52938.70999999999,2775
2026-07-06T11:30:00+00:00,52938.70999999999,52973.20999999999,52910.20999999999,52920.70999999999,2800
2026-07-06T12:00:00+00:00,52920.70999999999,52957.20999999999,52900.70999999999,52925.20999999999,4974
2026-07-06T12:30:00+00:00,52925.20999999999,52967.20999999999,52922.70999999999,52936.70999999999,3017
2026-07-06T13:00:00+00:00,52936.70999999999,53065.70999999999,52878.70999999999,53065.70999999999,6358
2026-07-06T13:30:00+00:00,53065.70999999999,53185.06,52842.06,52862.95999999999,53985
2026-07-06T14:00:00+00:00,52862.95999999999,52938.06,52765.06,52931.06,34317
2026-07-06T14:30:00+00:00,52931.06,52996.06,52871.06,52995.06,21957
2026-07-06T15:00:00+00:00,52995.06,53030.56,52947.06,52978.06,17669
2026-07-06T15:30:00+00:00,52978.06,53010.56,52953.56,52983.56,11778
2026-07-06T16:00:00+00:00,52983.56,53010.06,52945.56,53000.06,8885
2026-07-06T16:30:00+00:00,53000.06,53046.06,52975.06,53011.06,8004
2026-07-06T17:00:00+00:00,53011.06,53082.56,53004.06,53061.56,8990
2026-07-06T17:30:00+00:00,53061.56,53068.06,52985.56,53026.06,9852
2026-07-06T18:00:00+00:00,53026.06,53108.06,53026.06,53103.06,7780
2026-07-06T18:30:00+00:00,53103.06,53134.06,53068.06,53134.06,7046
2026-07-06T19:00:00+00:00,53134.06,53146.56,53073.56,53106.06,8025
2026-07-06T19:30:00+00:00,53106.06,53187.06,53091.06,53185.56,14349
2026-07-06T20:00:00+00:00,53185.56,53218.20999999999,53167.70999999999,53203.70999999999,3767
2026-07-06T20:30:00+00:00,53203.70999999999,53222.20999999999,53197.70999999999,53220.45999999999,1489
2026-07-06T22:00:00+00:00,53220.45999999999,53251.20999999999,53212.95999999999,53243.70999999999,868.4226265363399
2026-07-06T22:30:00+00:00,53243.70999999999,53252.20999999999,53232.95999999999,53238.20999999999,1038
2026-07-06T23:00:00+00:00,53238.20999999999,53253.70999999999,53224.70999999999,53226.70999999999,971
2026-07-06T23:30:00+00:00,53226.70999999999,53231.20999999999,53167.20999999999,53177.70999999999,1549
2026-07-07T00:00:00+00:00,53177.70999999999,53232.20999999999,53168.20999999999,53210.70999999999,4742
2026-07-07T00:30:00+00:00,53210.70999999999,53222.70999999999,53186.20999999999,53206.70999999999,3949
2026-07-07T01:00:00+00:00,53206.70999999999,53272.70999999999,53202.20999999999,53267.20999999999,2849
2026-07-07T01:30:00+00:00,53267.20999999999,53284.20999999999,53246.70999999999,53253.20999999999,2274
2026-07-07T02:00:00+00:00,53253.20999999999,53262.70999999999,53228.70999999999,53234.70999999999,1807
2026-07-07T02:30:00+00:00,53234.70999999999,53242.20999999999,53221.70999999999,53221.70999999999,1204
2026-07-07T03:00:00+00:00,53221.70999999999,53240.70999999999,53220.20999999999,53234.70999999999,1635
2026-07-07T03:30:00+00:00,53234.70999999999,53257.20999999999,53224.70999999999,53235.20999999999,1933
2026-07-07T04:00:00+00:00,53235.20999999999,53249.20999999999,53221.70999999999,53229.20999999999,1161
2026-07-07T04:30:00+00:00,53229.20999999999,53235.20999999999,53180.20999999999,53192.20999999999,1347
2026-07-07T05:00:00+00:00,53192.20999999999,53197.70999999999,53172.70999999999,53194.70999999999,1700
2026-07-07T05:30:00+00:00,53194.70999999999,53222.70999999999,53192.20999999999,53220.20999999999,1932
2026-07-07T06:00:00+00:00,53220.20999999999,53225.70999999999,53155.20999999999,53188.20999999999,2316
2026-07-07T06:30:00+00:00,53188.20999999999,53207.70999999999,53180.70999999999,53201.20999999999,1203
2026-07-07T07:00:00+00:00,53201.20999999999,53280.70999999999,53186.20999999999,53277.20999999999,3196
2026-07-07T07:30:00+00:00,53277.20999999999,53290.20999999999,53240.20999999999,53256.20999999999,1950
2026-07-07T08:00:00+00:00,53256.20999999999,53323.70999999999,53226.20999999999,53323.20999999999,3625
2026-07-07T08:30:00+00:00,53323.20999999999,53333.20999999999,53260.20999999999,53274.20999999999,2857
2026-07-07T09:00:00+00:00,53274.20999999999,53304.20999999999,53255.70999999999,53295.20999999999,2174
2026-07-07T09:30:00+00:00,53295.20999999999,53315.70999999999,53280.70999999999,53301.20999999999,2199
2026-07-07T10:00:00+00:00,53301.20999999999,53313.70999999999,53257.70999999999,53267.70999999999,2449
2026-07-07T10:30:00+00:00,53267.70999999999,53281.70999999999,53224.20999999999,53251.70999999999,2349
2026-07-07T11:00:00+00:00,53251.70999999999,53330.70999999999,53233.95999999999,53309.20999999999,3299
2026-07-07T11:30:00+00:00,53309.20999999999,53345.70999999999,53304.70999999999,53331.70999999999,3060
2026-07-07T12:00:00+00:00,53331.70999999999,53370.70999999999,53312.70999999999,53353.20999999999,3926
2026-07-07T12:30:00+00:00,53353.20999999999,53435.70999999999,53340.20999999999,53404.20999999999,4467
2026-07-07T13:00:00+00:00,53404.20999999999,53469.20999999999,53354.95999999999,53441.20999999999,6559
2026-07-07T13:30:00+00:00,53441.20999999999,53450.06,53149.56,53183.06,52692
2026-07-07T14:00:00+00:00,53183.06,53218.56,53064.06,53134.06,38483
2026-07-07T14:30:00+00:00,53134.06,53149.06,52997.56,53001.06,29677
2026-07-07T15:00:00+00:00,53001.06,53003.56,52892.06,52975.06,21501
2026-07-07T15:30:00+00:00,52975.06,53006.06,52925.06,52993.06,17900
2026-07-07T16:00:00+00:00,52993.06,53036.56,52965.06,53004.06,13981
2026-07-07T16:30:00+00:00,53004.06,53023.06,52971.56,53013.06,9475
2026-07-07T17:00:00+00:00,53013.06,53055.56,52970.56,53046.06,9049
2026-07-07T17:30:00+00:00,53046.06,53065.06,53006.06,53029.56,7806
2026-07-07T18:00:00+00:00,53029.56,53066.06,52996.06,53061.06,8241
2026-07-07T18:30:00+00:00,53061.06,53077.56,52993.56,53013.56,14029
2026-07-07T19:00:00+00:00,53013.56,53023.06,52937.56,52961.06,19697
2026-07-07T19:30:00+00:00,52961.06,53078.56,52941.06,53022.06,18342
2026-07-07T20:00:00+00:00,53022.06,53025.20999999999,52965.20999999999,52985.70999999999,5483
2026-07-07T20:30:00+00:00,52985.70999999999,53015.20999999999,52979.20999999999,53014.95999999999,1423
2026-07-07T22:00:00+00:00,53014.95999999999,53017.20999999999,52944.95999999999,53001.70999999999,4544
2026-07-07T22:30:00+00:00,53001.70999999999,53012.20999999999,52974.20999999999,52993.70999999999,2362
2026-07-07T23:00:00+00:00,52993.70999999999,53020.70999999999,52975.20999999999,53004.70999999999,1941
2026-07-07T23:30:00+00:00,53004.70999999999,53009.70999999999,52955.20999999999,52959.70999999999,2695
2026-07-08T00:00:00+00:00,52959.70999999999,52980.70999999999,52918.20999999999,52960.20999999999,9869
2026-07-08T00:30:00+00:00,52960.20999999999,53020.20999999999,52950.20999999999,53019.70999999999,4781
2026-07-08T01:00:00+00:00,53019.70999999999,53031.70999999999,52992.20999999999,52996.70999999999,3721
2026-07-08T01:30:00+00:00,52996.70999999999,53006.70999999999,52979.20999999999,52989.70999999999,3880
2026-07-08T02:00:00+00:00,52989.70999999999,52997.20999999999,52940.20999999999,52948.70999999999,3179
2026-07-08T02:30:00+00:00,52948.70999999999,52971.70999999999,52937.70999999999,52962.20999999999,2290
2026-07-08T03:00:00+00:00,52962.20999999999,52990.20999999999,52961.70999999999,52988.70999999999,1557
2026-07-08T03:30:00+00:00,52988.70999999999,52995.70999999999,52960.20999999999,52962.70999999999,2004
2026-07-08T04:00:00+00:00,52962.70999999999,52982.70999999999,52953.70999999999,52979.70999999999,2160
2026-07-08T04:30:00+00:00,52979.70999999999,52992.20999999999,52966.20999999999,52979.20999999999,2347
2026-07-08T05:00:00+00:00,52979.20999999999,52989.20999999999,52948.20999999999,52956.20999999999,2880
2026-07-08T05:30:00+00:00,52956.20999999999,52959.70999999999,52916.20999999999,52938.70999999999,3245
2026-07-08T06:00:00+00:00,52938.70999999999,52941.20999999999,52905.20999999999,52915.20999999999,3548
2026-07-08T06:30:00+00:00,52915.20999999999,52922.20999999999,52847.70999999999,52879.20999999999,3894
2026-07-08T07:00:00+00:00,52879.20999999999,52884.20999999999,52801.20999999999,52847.20999999999,7519
2026-07-08T07:30:00+00:00,52847.20999999999,52868.20999999999,52810.20999999999,52818.70999999999,4844
2026-07-08T08:00:00+00:00,52818.70999999999,52833.20999999999,52507.70999999999,52511.20999999999,23085
2026-07-08T08:30:00+00:00,52511.20999999999,52518.20999999999,52367.20999999999,52375.20999999999,21625
2026-07-08T09:00:00+00:00,52375.20999999999,52378.20999999999,52293.70999999999,52341.70999999999,14393
2026-07-08T09:30:00+00:00,52341.70999999999,52399.20999999999,52313.20999999999,52324.20999999999,9501
2026-07-08T10:00:00+00:00,52324.20999999999,52380.20999999999,52292.70999999999,52379.20999999999,8275
2026-07-08T10:30:00+00:00,52379.20999999999,52484.20999999999,52360.70999999999,52446.70999999999,9215
2026-07-08T11:00:00+00:00,52446.70999999999,52476.20999999999,52396.20999999999,52430.20999999999,7058
2026-07-08T11:30:00+00:00,52430.20999999999,52594.20999999999,52415.20999999999,52514.20999999999,14612
2026-07-08T12:00:00+00:00,52514.20999999999,52620.70999999999,52478.70999999999,52615.70999999999,9631
2026-07-08T12:30:00+00:00,52615.70999999999,52640.70999999999,52517.20999999999,52520.70999999999,9781
2026-07-08T13:00:00+00:00,52520.70999999999,52588.70999999999,52469.95999999999,52497.20999999999,12804
2026-07-08T13:30:00+00:00,52497.20999999999,52618.06,52425.56,52482.06,65236
2026-07-08T14:00:00+00:00,52482.06,52571.06,52356.56,52390.56,50324
2026-07-08T14:30:00+00:00,52390.56,52420.06,52246.06,52290.06,41329
2026-07-08T15:00:00+00:00,52290.06,52300.06,52181.06,52201.06,30186
2026-07-08T15:30:00+00:00,52201.06,52237.06,52166.56,52208.56,25934
2026-07-08T16:00:00+00:00,52208.56,52352.06,52208.06,52338.06,20408
2026-07-08T16:30:00+00:00,52338.06,52436.06,52289.06,52411.06,23418
2026-07-08T17:00:00+00:00,52411.06,52494.06,52387.56,52487.06,14513
2026-07-08T17:30:00+00:00,52487.06,52515.06,52402.06,52422.56,12598
2026-07-08T18:00:00+00:00,52422.56,52488.06,52399.56,52457.56,13753.949284785434
2026-07-08T18:30:00+00:00,52457.56,52504.06,52439.06,52479.56,11412
2026-07-08T19:00:00+00:00,52479.56,52492.56,52440.56,52459.06,10412
2026-07-08T19:30:00+00:00,52459.06,52484.56,52398.56,52445.56,16637
2026-07-08T20:00:00+00:00,52445.56,52450.70999999999,52399.20999999999,52406.20999999999,5658
2026-07-08T20:30:00+00:00,52406.20999999999,52411.70999999999,52355.20999999999,52380.95999999999,3981
2026-07-08T22:00:00+00:00,52380.95999999999,52409.70999999999,52375.70999999999,52405.70999999999,1554
2026-07-08T22:30:00+00:00,52405.70999999999,52426.20999999999,52397.70999999999,52406.20999999999,1693
2026-07-08T23:00:00+00:00,52406.20999999999,52420.70999999999,52396.70999999999,52414.70999999999,1357
2026-07-08T23:30:00+00:00,52414.70999999999,52437.70999999999,52403.70999999999,52430.20999999999,2022
2026-07-09T00:00:00+00:00,52430.20999999999,52475.70999999999,52410.20999999999,52468.70999999999,5203
2026-07-09T00:30:00+00:00,52468.70999999999,52495.70999999999,52455.70999999999,52492.70999999999,4184
2026-07-09T01:00:00+00:00,52492.70999999999,52516.70999999999,52471.70999999999,52486.20999999999,3047
2026-07-09T01:30:00+00:00,52486.20999999999,52519.20999999999,52480.20999999999,52504.70999999999,3173
2026-07-09T02:00:00+00:00,52504.70999999999,52528.70999999999,52492.70999999999,52511.70999999999,3787
2026-07-09T02:30:00+00:00,52511.70999999999,52522.70999999999,52478.20999999999,52491.20999999999,2564
2026-07-09T03:00:00+00:00,52491.20999999999,52507.20999999999,52472.70999999999,52504.70999999999,2747
2026-07-09T03:30:00+00:00,52504.70999999999,52533.70999999999,52503.70999999999,52526.70999999999,2049
2026-07-09T04:00:00+00:00,52526.70999999999,52541.20999999999,52517.70999999999,52524.20999999999,1538
2026-07-09T04:30:00+00:00,52524.20999999999,52558.70999999999,52524.20999999999,52551.20999999999,1674
2026-07-09T05:00:00+00:00,52551.20999999999,52588.20999999999,52514.70999999999,52527.20999999999,4022
2026-07-09T05:30:00+00:00,52527.20999999999,52587.20999999999,52504.20999999999,52586.70999999999,3509
2026-07-09T06:00:00+00:00,52586.70999999999,52594.70999999999,52527.70999999999,52533.20999999999,3213
2026-07-09T06:30:00+00:00,52533.20999999999,52548.20999999999,52523.20999999999,52537.70999999999,2356
2026-07-09T07:00:00+00:00,52537.70999999999,52564.70999999999,52507.70999999999,52530.70999999999,3990
2026-07-09T07:30:00+00:00,52530.70999999999,52571.20999999999,52508.70999999999,52531.70999999999,3896
2026-07-09T08:00:00+00:00,52531.70999999999,52546.70999999999,52504.70999999999,52544.70999999999,4545
2026-07-09T08:30:00+00:00,52544.70999999999,52548.20999999999,52470.70999999999,52503.70999999999,4339
2026-07-09T09:00:00+00:00,52503.70999999999,52507.70999999999,52464.20999999999,52472.70999999999,2962
2026-07-09T09:30:00+00:00,52472.70999999999,52477.70999999999,52402.45999999999,52458.70999999999,4367
2026-07-09T10:00:00+00:00,52458.70999999999,52472.20999999999,52413.20999999999,52413.70999999999,3056
2026-07-09T10:30:00+00:00,52413.70999999999,52422.70999999999,52335.70999999999,52395.20999999999,6832
2026-07-09T11:00:00+00:00,52395.20999999999,52415.70999999999,52362.70999999999,52378.70999999999,5223
2026-07-09T11:30:00+00:00,52378.70999999999,52429.70999999999,52360.70999999999,52423.70999999999,5610
2026-07-09T12:00:00+00:00,52423.70999999999,52481.70999999999,52417.70999999999,52477.20999999999,5209
2026-07-09T12:30:00+00:00,52477.20999999999,52519.70999999999,52459.70999999999,52481.70999999999,6548
2026-07-09T13:00:00+00:00,52481.70999999999,52582.20999999999,52480.20999999999,52535.70999999999,8427
2026-07-09T13:30:00+00:00,52535.70999999999,52551.56,52383.56,52512.56,48849
2026-07-09T14:00:00+00:00,52512.56,52580.56,52457.56,52556.56,40505
2026-07-09T14:30:00+00:00,52556.56,52612.56,52509.56,52610.06,25609
2026-07-09T15:00:00+00:00,52610.06,52625.56,52550.06,52603.56,15135
2026-07-09T15:30:00+00:00,52603.56,52688.06,52577.56,52608.56,11447
2026-07-09T16:00:00+00:00,52608.56,52700.06,52607.56,52688.56,8287
2026-07-09T16:30:00+00:00,52688.56,52696.56,52609.06,52636.06,7531
2026-07-09T17:00:00+00:00,52636.06,52662.56,52616.06,52658.56,8034
2026-07-09T17:30:00+00:00,52658.56,52682.56,52639.45999999999,52651.56,5979
2026-07-09T18:00:00+00:00,52651.56,52687.56,52599.56,52611.56,7425
2026-07-09T18:30:00+00:00,52611.56,52619.56,52574.06,52590.56,6460
2026-07-09T19:00:00+00:00,52590.56,52596.56,52542.56,52548.56,7527
2026-07-09T19:30:00+00:00,52548.56,52608.06,52533.06,52603.56,12789
2026-07-09T20:00:00+00:00,52603.56,52620.20999999999,52579.70999999999,52593.70999999999,3473
2026-07-09T20:30:00+00:00,52593.70999999999,52602.70999999999,52545.45999999999,52548.45999999999,1366
2026-07-09T22:00:00+00:00,52548.45999999999,52592.70999999999,52548.45999999999,52588.20999999999,2225
2026-07-09T22:30:00+00:00,52588.20999999999,52601.70999999999,52584.20999999999,52591.70999999999,890
2026-07-09T23:00:00+00:00,52591.70999999999,52610.70999999999,52585.20999999999,52609.70999999999,988
2026-07-09T23:30:00+00:00,52609.70999999999,52611.70999999999,52575.70999999999,52592.20999999999,1090
2026-07-10T00:00:00+00:00,52592.20999999999,52597.70999999999,52568.20999999999,52596.20999999999,2755
2026-07-10T00:30:00+00:00,52596.20999999999,52597.20999999999,52555.20999999999,52575.70999999999,1868
2026-07-10T01:00:00+00:00,52575.70999999999,52588.70999999999,52566.20999999999,52583.20999999999,1889
2026-07-10T01:30:00+00:00,52583.20999999999,52584.70999999999,52565.70999999999,52575.20999999999,1716
2026-07-10T02:00:00+00:00,52575.20999999999,52590.70999999999,52561.70999999999,52577.20999999999,1230
2026-07-10T02:30:00+00:00,52577.20999999999,52589.20999999999,52559.70999999999,52588.20999999999,1135
2026-07-10T03:00:00+00:00,52588.20999999999,52607.20999999999,52580.20999999999,52582.20999999999,771
2026-07-10T03:30:00+00:00,52582.20999999999,52585.70999999999,52573.70999999999,52581.20999999999,802
2026-07-10T04:00:00+00:00,52581.20999999999,52585.70999999999,52556.70999999999,52559.20999999999,737
2026-07-10T04:30:00+00:00,52559.20999999999,52563.20999999999,52548.20999999999,52553.20999999999,957
2026-07-10T05:00:00+00:00,52553.20999999999,52571.20999999999,52549.20999999999,52567.70999999999,914
2026-07-10T05:30:00+00:00,52567.70999999999,52590.70999999999,52561.70999999999,52588.20999999999,924
2026-07-10T06:00:00+00:00,52588.20999999999,52662.70999999999,52588.20999999999,52624.70999999999,2830
2026-07-10T06:30:00+00:00,52624.70999999999,52662.20999999999,52608.20999999999,52631.20999999999,1946
2026-07-10T07:00:00+00:00,52631.20999999999,52692.20999999999,52624.70999999999,52682.20999999999,2945
2026-07-10T07:30:00+00:00,52682.20999999999,52688.20999999999,52627.20999999999,52650.70999999999,2634
2026-07-10T08:00:00+00:00,52650.70999999999,52712.70999999999,52632.70999999999,52668.20999999999,4163
2026-07-10T08:30:00+00:00,52668.20999999999,52668.20999999999,52612.70999999999,52640.20999999999,3244
2026-07-10T09:00:00+00:00,52640.20999999999,52693.20999999999,52621.70999999999,52668.70999999999,3269
2026-07-10T09:30:00+00:00,52668.70999999999,52680.20999999999,52636.70999999999,52661.70999999999,1867
2026-07-10T10:00:00+00:00,52661.70999999999,52726.70999999999,52661.70999999999,52717.70999999999,2489
2026-07-10T10:30:00+00:00,52717.70999999999,52739.70999999999,52703.20999999999,52727.20999999999,2201
2026-07-10T11:00:00+00:00,52727.20999999999,52731.70999999999,52696.70999999999,52697.20999999999,2468
2026-07-10T11:30:00+00:00,52697.20999999999,52699.20999999999,52645.20999999999,52667.20999999999,3053
2026-07-10T12:00:00+00:00,52667.20999999999,52795.70999999999,52629.20999999999,52709.20999999999,8861
2026-07-10T12:30:00+00:00,52709.20999999999,52755.70999999999,52675.70999999999,52729.70999999999,4452
2026-07-10T13:00:00+00:00,52729.70999999999,52782.20999999999,52718.70999999999,52751.70999999999,4739
2026-07-10T13:30:00+00:00,52751.70999999999,52760.56,52615.45999999999,52658.56,44273
2026-07-10T14:00:00+00:00,52658.56,52704.06,52548.06,52672.06,23393
2026-07-10T14:30:00+00:00,52672.06,52694.56,52350.56,52629.56,43298
2026-07-10T15:00:00+00:00,52629.56,52767.56,52621.56,52745.56,20401
2026-07-10T15:30:00+00:00,52745.56,52751.56,52680.06,52711.56,15404
2026-07-10T16:00:00+00:00,52711.56,52740.56,52662.56,52683.56,9786
2026-07-10T16:30:00+00:00,52683.56,52755.06,52658.56,52746.06,6834
2026-07-10T17:00:00+00:00,52746.06,52773.56,52723.56,52742.56,5488
2026-07-10T17:30:00+00:00,52742.56,52779.56,52739.06,52749.56,5368
2026-07-10T18:00:00+00:00,52749.56,52793.06,52737.06,52783.56,5818
2026-07-10T18:30:00+00:00,52783.56,52800.06,52772.06,52790.56,4146
2026-07-10T19:00:00+00:00,52790.56,52830.06,52783.56,52811.56,5186
2026-07-10T19:30:00+00:00,52811.56,52824.06,52738.06,52759.56,9012
2026-07-10T20:00:00+00:00,52759.56,52810.20999999999,52693.59,52702.09,2825
2026-07-10T20:30:00+00:00,52702.09,52710.09,52688.59,52704.09,348
2026-07-12T22:00:00+00:00,52704.09,52849.23999999999,52704.09,52760.73999999999,2556
2026-07-12T22:30:00+00:00,52760.73999999999,52799.73999999999,52760.73999999999,52795.73999999999,815.1654729232212
2026-07-12T23:00:00+00:00,52795.73999999999,52799.23999999999,52778.73999999999,52780.73999999999,1135
2026-07-12T23:30:00+00:00,52780.73999999999,52789.73999999999,52751.73999999999,52785.73999999999,1853
2026-07-13T00:00:00+00:00,52785.73999999999,52821.73999999999,52765.23999999999,52786.23999999999,7345
2026-07-13T00:30:00+00:00,52786.23999999999,52794.23999999999,52740.23999999999,52757.73999999999,5924
2026-07-13T01:00:00+00:00,52757.73999999999,52758.23999999999,52704.23999999999,52722.23999999999,5738
2026-07-13T01:30:00+00:00,52722.23999999999,52738.23999999999,52700.23999999999,52718.73999999999,4662
2026-07-13T02:00:00+00:00,52718.73999999999,52724.73999999999,52689.73999999999,52707.73999999999,3687
2026-07-13T02:30:00+00:00,52707.73999999999,52718.73999999999,52695.73999999999,52696.73999999999,1916
2026-07-13T03:00:00+00:00,52696.73999999999,52698.73999999999,52680.73999999999,52692.73999999999,1722
2026-07-13T03:30:00+00:00,52692.73999999999,52697.73999999999,52668.73999999999,52675.23999999999,1781
2026-07-13T04:00:00+00:00,52675.23999999999,52691.73999999999,52660.23999999999,52675.73999999999,1946
2026-07-13T04:30:00+00:00,52675.73999999999,52681.23999999999,52654.73999999999,52665.23999999999,1392
2026-07-13T05:00:00+00:00,52665.23999999999,52702.73999999999,52648.73999999999,52665.73999999999,3028
2026-07-13T05:30:00+00:00,52665.73999999999,52687.73999999999,52634.23999999999,52686.73999999999,4048
2026-07-13T06:00:00+00:00,52686.73999999999,52783.73999999999,52685.73999999999,52782.73999999999,4950
2026-07-13T06:30:00+00:00,52782.73999999999,52809.23999999999,52750.73999999999,52805.73999999999,3249
2026-07-13T07:00:00+00:00,52805.73999999999,52872.73999999999,52789.73999999999,52808.73999999999,5135
2026-07-13T07:30:00+00:00,52808.73999999999,52845.73999999999,52779.73999999999,52831.23999999999,3743
2026-07-13T08:00:00+00:00,52831.23999999999,52922.73999999999,52825.73999999999,52894.73999999999,5891
2026-07-13T08:30:00+00:00,52894.73999999999,52927.23999999999,52893.73999999999,52925.73999999999,3104
2026-07-13T09:00:00+00:00,52925.73999999999,52961.23999999999,52907.23999999999,52948.23999999999,2437
2026-07-13T09:30:00+00:00,52948.23999999999,52960.73999999999,52901.73999999999,52903.73999999999,2866
2026-07-13T10:00:00+00:00,52903.73999999999,52906.23999999999,52869.73999999999,52875.23999999999,2851
2026-07-13T10:30:00+00:00,52875.23999999999,52887.73999999999,52859.23999999999,52873.73999999999,2663
2026-07-13T11:00:00+00:00,52873.73999999999,52891.23999999999,52832.23999999999,52871.73999999999,3886
2026-07-13T11:30:00+00:00,52871.73999999999,52879.73999999999,52809.73999999999,52823.23999999999,3587
2026-07-13T12:00:00+00:00,52823.23999999999,52858.73999999999,52783.73999999999,52811.73999999999,6190
2026-07-13T12:30:00+00:00,52811.73999999999,52862.23999999999,52787.23999999999,52860.73999999999,4921
2026-07-13T13:00:00+00:00,52860.73999999999,52886.23999999999,52833.73999999999,52886.23999999999,5706
2026-07-13T13:30:00+00:00,52886.23999999999,53091.09,52870.59,53068.59,52962
2026-07-13T14:00:00+00:00,53068.59,53092.59,52776.48999999999,52908.09,45942
2026-07-13T14:30:00+00:00,52908.09,52913.09,52749.59,52809.59,23459
2026-07-13T15:00:00+00:00,52809.59,52828.59,52747.59,52793.59,14787
2026-07-13T15:30:00+00:00,52793.59,52795.09,52723.59,52732.59,12418
2026-07-13T16:00:00+00:00,52732.59,52747.59,52607.59,52632.59,11974
2026-07-13T16:30:00+00:00,52632.59,52727.09,52582.09,52689.59,21808
2026-07-13T17:00:00+00:00,52689.59,52763.59,52685.59,52721.59,12247
2026-07-13T17:30:00+00:00,52721.59,52769.59,52688.59,52696.09,12688
2026-07-13T18:00:00+00:00,52696.09,52764.09,52672.59,52701.59,12138
2026-07-13T18:30:00+00:00,52701.59,52741.59,52689.59,52730.59,9902
2026-07-13T19:00:00+00:00,52730.59,52757.09,52675.09,52685.59,10308
2026-07-13T19:30:00+00:00,52685.59,52765.09,52653.09,52744.09,16077
2026-07-13T20:00:00+00:00,52744.09,52744.23999999999,52657.73999999999,52696.23999999999,5945
2026-07-13T20:30:00+00:00,52696.23999999999,52707.73999999999,52678.23999999999,52701.48999999999,2042
2026-07-13T22:00:00+00:00,52701.48999999999,52745.73999999999,52701.48999999999,52708.23999999999,3093
2026-07-13T22:30:00+00:00,52708.23999999999,52719.23999999999,52678.73999999999,52683.23999999999,1983
2026-07-13T23:00:00+00:00,52683.23999999999,52684.23999999999,52646.23999999999,52661.73999999999,1887
2026-07-13T23:30:00+00:00,52661.73999999999,52683.23999999999,52628.73999999999,52682.73999999999,3401
2026-07-14T00:00:00+00:00,52682.73999999999,52707.23999999999,52561.73999999999,52586.73999999999,17630
2026-07-14T00:30:00+00:00,52586.73999999999,52640.73999999999,52559.73999999999,52634.73999999999,11671
2026-07-14T01:00:00+00:00,52634.73999999999,52666.73999999999,52614.23999999999,52639.73999999999,7969
2026-07-14T01:30:00+00:00,52639.73999999999,52646.23999999999,52590.23999999999,52604.73999999999,6467
2026-07-14T02:00:00+00:00,52604.73999999999,52643.73999999999,52574.23999999999,52600.73999999999,6181
2026-07-14T02:30:00+00:00,52600.73999999999,52617.73999999999,52567.73999999999,52575.23999999999,4379
2026-07-14T03:00:00+00:00,52575.23999999999,52581.23999999999,52549.73999999999,52580.73999999999,3689
2026-07-14T03:30:00+00:00,52580.73999999999,52597.73999999999,52548.23999999999,52585.23999999999,4911
2026-07-14T04:00:00+00:00,52585.23999999999,52618.23999999999,52566.23999999999,52611.23999999999,3254
2026-07-14T04:30:00+00:00,52611.23999999999,52679.73999999999,52606.23999999999,52671.23999999999,3807
2026-07-14T05:00:00+00:00,52671.23999999999,52710.73999999999,52662.73999999999,52709.23999999999,3592
2026-07-14T05:30:00+00:00,52709.23999999999,52733.23999999999,52699.73999999999,52705.23999999999,3224
2026-07-14T06:00:00+00:00,52705.23999999999,52727.73999999999,52674.23999999999,52683.73999999999,3658
2026-07-14T06:30:00+00:00,52683.73999999999,52698.23999999999,52621.73999999999,52623.23999999999,3730
2026-07-14T07:00:00+00:00,52623.23999999999,52683.23999999999,52598.73999999999,52610.73999999999,8780
2026-07-14T07:30:00+00:00,52610.73999999999,52632.73999999999,52558.23999999999,52620.23999999999,8193
2026-07-14T08:00:00+00:00,52620.23999999999,52637.73999999999,52570.23999999999,52610.23999999999,9691
2026-07-14T08:30:00+00:00,52610.23999999999,52618.73999999999,52546.73999999999,52572.73999999999,5529
2026-07-14T09:00:00+00:00,52572.73999999999,52641.73999999999,52552.23999999999,52606.23999999999,7394
2026-07-14T09:30:00+00:00,52606.23999999999,52658.23999999999,52606.23999999999,52630.73999999999,5576
2026-07-14T10:00:00+00:00,52630.73999999999,52671.23999999999,52603.23999999999,52640.73999999999,4733
2026-07-14T10:30:00+00:00,52640.73999999999,52756.23999999999,52549.23999999999,52571.23999999999,12450
2026-07-14T11:00:00+00:00,52571.23999999999,52595.73999999999,52244.73999999999,52463.23999999999,24320
2026-07-14T11:30:00+00:00,52463.23999999999,52523.73999999999,52371.73999999999,52451.73999999999,12075
2026-07-14T12:00:00+00:00,52451.73999999999,52527.23999999999,52404.73999999999,52517.48999999999,10184
2026-07-14T12:30:00+00:00,52517.48999999999,52884.73999999999,52517.48999999999,52617.23999999999,24548
2026-07-14T13:00:00+00:00,52617.23999999999,52711.73999999999,52617.23999999999,52644.23999999999,14108
2026-07-14T13:30:00+00:00,52644.23999999999,52876.59,52560.59,52808.59,64876
2026-07-14T14:00:00+00:00,52808.59,52895.09,52774.59,52838.59,48947
2026-07-14T14:30:00+00:00,52838.59,52965.59,52737.59,52752.09,35498
2026-07-14T15:00:00+00:00,52752.09,52865.09,52681.59,52753.09,27958
2026-07-14T15:30:00+00:00,52753.09,52780.09,52568.59,52652.59,22162
2026-07-14T16:00:00+00:00,52652.59,52692.59,52590.09,52609.09,16243
2026-07-14T16:30:00+00:00,52609.09,52665.59,52599.59,52663.59,11685
2026-07-14T17:00:00+00:00,52663.59,52720.59,52642.09,52707.09,9264
2026-07-14T17:30:00+00:00,52707.09,52716.59,52648.59,52670.59,7603
2026-07-14T18:00:00+00:00,52670.59,52738.59,52644.59,52726.09,7316
2026-07-14T18:30:00+00:00,52726.09,52737.09,52691.59,52729.59,8108
2026-07-14T19:00:00+00:00,52729.59,52791.59,52722.59,52787.59,7519
2026-07-14T19:30:00+00:00,52787.59,52814.09,52762.09,52770.09,13268
2026-07-14T20:00:00+00:00,52770.09,52798.73999999999,52761.73999999999,52765.73999999999,3129
2026-07-14T20:30:00+00:00,52765.73999999999,52800.73999999999,52761.73999999999,52795.23999999999,1354
2026-07-14T22:00:00+00:00,52795.23999999999,52807.23999999999,52757.73999999999,52800.23999999999,1819
2026-07-14T22:30:00+00:00,52800.23999999999,52814.23999999999,52787.23999999999,52788.73999999999,845
2026-07-14T23:00:00+00:00,52788.73999999999,52848.23999999999,52786.23999999999,52842.73999999999,1362
2026-07-14T23:30:00+00:00,52842.73999999999,52869.73999999999,52842.23999999999,52862.73999999999,1859
2026-07-15T00:00:00+00:00,52862.73999999999,52870.73999999999,52823.23999999999,52829.23999999999,3156
2026-07-15T00:30:00+00:00,52829.23999999999,52833.73999999999,52773.23999999999,52824.23999999999,2466
2026-07-15T01:00:00+00:00,52824.23999999999,52838.73999999999,52803.73999999999,52811.73999999999,2472
2026-07-15T01:30:00+00:00,52811.73999999999,52823.73999999999,52796.73999999999,52821.23999999999,1813
2026-07-15T02:00:00+00:00,52821.23999999999,52834.23999999999,52810.73999999999,52831.73999999999,1425
2026-07-15T02:30:00+00:00,52831.73999999999,52846.73999999999,52822.23999999999,52825.73999999999,785
2026-07-15T03:00:00+00:00,52825.73999999999,52833.73999999999,52820.73999999999,52830.73999999999,700
2026-07-15T03:30:00+00:00,52830.73999999999,52848.23999999999,52825.73999999999,52842.73999999999,821
2026-07-15T04:00:00+00:00,52842.73999999999,52863.23999999999,52841.23999999999,52859.23999999999,568
2026-07-15T04:30:00+00:00,52859.23999999999,52859.73999999999,52836.73999999999,52848.73999999999,684
2026-07-15T05:00:00+00:00,52848.73999999999,52871.73999999999,52816.73999999999,52818.23999999999,2618
2026-07-15T05:30:00+00:00,52818.23999999999,52846.73999999999,52814.73999999999,52844.73999999999,1562
2026-07-15T06:00:00+00:00,52844.73999999999,52844.73999999999,52804.73999999999,52831.73999999999,1596
2026-07-15T06:30:00+00:00,52831.73999999999,52836.73999999999,52784.73999999999,52790.73999999999,1385
2026-07-15T07:00:00+00:00,52790.73999999999,52791.23999999999,52697.23999999999,52719.73999999999,3572
2026-07-15T07:30:00+00:00,52719.73999999999,52765.73999999999,52714.23999999999,52749.73999999999,3371
2026-07-15T08:00:00+00:00,52749.73999999999,52838.23999999999,52744.23999999999,52832.73999999999,4384
2026-07-15T08:30:00+00:00,52832.73999999999,52886.73999999999,52826.23999999999,52881.73999999999,3321
2026-07-15T09:00:00+00:00,52881.73999999999,52923.73999999999,52873.23999999999,52886.23999999999,2179
2026-07-15T09:30:00+00:00,52886.23999999999,52919.23999999999,52868.23999999999,52878.23999999999,2088
2026-07-15T10:00:00+00:00,52878.23999999999,52902.73999999999,52789.23999999999,52790.73999999999,3283
2026-07-15T10:30:00+00:00,52790.73999999999,52815.23999999999,52771.23999999999,52809.23999999999,2921
2026-07-15T11:00:00+00:00,52809.23999999999,52824.73999999999,52768.73999999999,52772.73999999999,3105
2026-07-15T11:30:00+00:00,52772.73999999999,52814.73999999999,52740.23999999999,52810.23999999999,3280
2026-07-15T12:00:00+00:00,52810.23999999999,52813.23999999999,52764.73999999999,52803.23999999999,3176
2026-07-15T12:30:00+00:00,52803.23999999999,52940.23999999999,52800.73999999999,52889.73999999999,7766
2026-07-15T13:00:00+00:00,52889.73999999999,52917.73999999999,52836.23999999999,52899.23999999999,5131
2026-07-15T13:30:00+00:00,52899.23999999999,53088.09,52762.09,52945.59,51883
2026-07-15T14:00:00+00:00,52945.59,53084.59,52902.59,53008.59,35372
2026-07-15T14:30:00+00:00,53008.59,53054.59,52909.59,52957.59,29359
2026-07-15T15:00:00+00:00,52957.59,52995.59,52889.59,52937.59,20226
2026-07-15T15:30:00+00:00,52937.59,52963.59,52880.59,52888.59,16381
2026-07-15T16:00:00+00:00,52888.59,52898.09,52679.59,52726.59,20063
2026-07-15T16:30:00+00:00,52726.59,52830.09,52686.59,52792.59,18088
2026-07-15T17:00:00+00:00,52792.59,52836.59,52762.09,52834.59,10661
2026-07-15T17:30:00+00:00,52834.59,52928.09,52829.59,52919.59,11506
2026-07-15T18:00:00+00:00,52919.59,52951.09,52891.09,52909.59,8525
2026-07-15T18:30:00+00:00,52909.59,52937.09,52856.09,52860.59,8606
2026-07-15T19:00:00+00:00,52860.59,52919.59,52834.59,52885.09,7986
2026-07-15T19:30:00+00:00,52885.09,52917.09,52841.09,52913.59,13623
2026-07-15T20:00:00+00:00,52913.59,52939.73999999999,52880.73999999999,52919.73999999999,3080
2026-07-15T20:30:00+00:00,52919.73999999999,52921.73999999999,52895.23999999999,52898.98999999999,746
2026-07-15T22:00:00+00:00,52898.98999999999,52941.73999999999,52898.98999999999,52915.23999999999,1181
2026-07-15T22:30:00+00:00,52915.23999999999,52945.73999999999,52907.73999999999,52919.23999999999,1172.3075276489476
2026-07-15T23:00:00+00:00,52919.23999999999,52939.73999999999,52915.23999999999,52935.73999999999,756.7327011788826
2026-07-15T23:30:00+00:00,52935.73999999999,52948.73999999999,52915.23999999999,52918.23999999999,1067
2026-07-16T00:00:00+00:00,52918.23999999999,52974.23999999999,52915.73999999999,52959.73999999999,4228
2026-07-16T00:30:00+00:00,52959.73999999999,52965.73999999999,52928.23999999999,52933.23999999999,2906
2026-07-16T01:00:00+00:00,52933.23999999999,52935.23999999999,52882.73999999999,52901.73999999999,2956
2026-07-16T01:30:00+00:00,52901.73999999999,52920.23999999999,52887.23999999999,52891.73999999999,2783
2026-07-16T02:00:00+00:00,52891.73999999999,52907.73999999999,52862.23999999999,52902.73999999999,2488
2026-07-16T02:30:00+00:00,52902.73999999999,52933.73999999999,52900.73999999999,52932.23999999999,1707
2026-07-16T03:00:00+00:00,52932.23999999999,52949.73999999999,52927.73999999999,52945.73999999999,1441
2026-07-16T03:30:00+00:00,52945.73999999999,52976.23999999999,52944.23999999999,52965.23999999999,1663
2026-07-16T04:00:00+00:00,52965.23999999999,52979.73999999999,52955.23999999999,52957.23999999999,1056
2026-07-16T04:30:00+00:00,52957.23999999999,52967.23999999999,52946.73999999999,52962.73999999999,954
2026-07-16T05:00:00+00:00,52962.73999999999,53004.23999999999,52962.73999999999,52982.73999999999,1703
2026-07-16T05:30:00+00:00,52982.73999999999,53001.23999999999,52934.73999999999,52939.73999999999,2990
2026-07-16T06:00:00+00:00,52939.73999999999,52969.23999999999,52928.73999999999,52944.23999999999,3975
2026-07-16T06:30:00+00:00,52944.23999999999,52955.23999999999,52905.73999999999,52951.73999999999,2230
2026-07-16T07:00:00+00:00,52951.73999999999,52956.23999999999,52889.73999999999,52912.23999999999,4684
2026-07-16T07:30:00+00:00,52912.23999999999,52918.73999999999,52841.73999999999,52854.73999999999,3908
2026-07-16T08:00:00+00:00,52854.73999999999,52912.23999999999,52848.23999999999,52888.73999999999,6404
2026-07-16T08:30:00+00:00,52888.73999999999,52938.73999999999,52887.73999999999,52911.23999999999,3671
2026-07-16T09:00:00+00:00,52911.23999999999,52922.23999999999,52863.23999999999,52868.73999999999,3285
2026-07-16T09:30:00+00:00,52868.73999999999,53065.23999999999,52842.73999999999,53032.73999999999,5240
2026-07-16T10:00:00+00:00,53032.73999999999,53058.23999999999,52975.23999999999,52983.73999999999,4725
2026-07-16T10:30:00+00:00,52983.73999999999,53043.73999999999,52980.73999999999,52998.23999999999,5094
2026-07-16T11:00:00+00:00,52998.23999999999,53036.73999999999,52981.23999999999,53031.73999999999,5191
2026-07-16T11:30:00+00:00,53031.73999999999,53032.73999999999,52869.73999999999,52990.23999999999,8062
2026-07-16T12:00:00+00:00,52990.23999999999,53011.73999999999,52916.23999999999,52943.23999999999,7394
2026-07-16T12:30:00+00:00,52943.23999999999,52954.23999999999,52889.23999999999,52914.73999999999,8423
2026-07-16T13:00:00+00:00,52914.73999999999,53029.73999999999,52910.73999999999,52995.73999999999,6988
2026-07-16T13:30:00+00:00,52995.73999999999,53094.09,52860.09,52876.09,50820
2026-07-16T14:00:00+00:00,52876.09,53002.09,52866.59,52993.09,30885
2026-07-16T14:30:00+00:00,52993.09,53074.59,52947.09,53061.59,20646
2026-07-16T15:00:00+00:00,53061.59,53116.09,53020.59,53050.09,18251
2026-07-16T15:30:00+00:00,53050.09,53095.09,52996.09,53019.09,15274
2026-07-16T16:00:00+00:00,53019.09,53025.09,52834.09,52870.09,19583
2026-07-16T16:30:00+00:00,52870.09,52970.09,52845.09,52967.09,15200
2026-07-16T17:00:00+00:00,52967.09,52985.59,52881.09,52894.09,12495
2026-07-16T17:30:00+00:00,52894.09,52916.09,52779.09,52788.09,13581
2026-07-16T18:00:00+00:00,52788.09,52794.09,52724.09,52754.09,14785
2026-07-16T18:30:00+00:00,52754.09,52757.09,52696.09,52723.09,11966
2026-07-16T19:00:00+00:00,52723.09,52751.09,52671.09,52702.09,13371
2026-07-16T19:30:00+00:00,52702.09,52804.09,52620.09,52795.09,20556
2026-07-16T20:00:00+00:00,52795.09,52795.09,52736.73999999999,52739.73999999999,5244
2026-07-16T20:30:00+00:00,52739.73999999999,52760.23999999999,52735.23999999999,52753.98999999999,2506
2026-07-16T22:00:00+00:00,52753.98999999999,52796.73999999999,52753.98999999999,52776.23999999999,2276
2026-07-16T22:30:00+00:00,52776.23999999999,52778.23999999999,52737.73999999999,52746.73999999999,1485
2026-07-16T23:00:00+00:00,52746.73999999999,52749.23999999999,52712.73999999999,52722.23999999999,1218
2026-07-16T23:30:00+00:00,52722.23999999999,52724.73999999999,52701.73999999999,52712.73999999999,1996
2026-07-17T00:00:00+00:00,52712.73999999999,52723.73999999999,52642.73999999999,52648.23999999999,5973
2026-07-17T00:30:00+00:00,52648.23999999999,52656.73999999999,52614.73999999999,52632.23999999999,4535
2026-07-17T01:00:00+00:00,52632.23999999999,52639.73999999999,52570.73999999999,52592.73999999999,4514
2026-07-17T01:30:00+00:00,52592.73999999999,52595.73999999999,52520.23999999999,52531.73999999999,5265
2026-07-17T02:00:00+00:00,52531.73999999999,52545.73999999999,52510.73999999999,52514.73999999999,3036
2026-07-17T02:30:00+00:00,52514.73999999999,52526.73999999999,52485.23999999999,52509.73999999999,2781
2026-07-17T03:00:00+00:00,52509.73999999999,52552.73999999999,52505.73999999999,52546.73999999999,2369
2026-07-17T03:30:00+00:00,52546.73999999999,52546.73999999999,52464.73999999999,52465.73999999999,3257
2026-07-17T04:00:00+00:00,52465.73999999999,52470.73999999999,52397.73999999999,52412.73999999999,3681
2026-07-17T04:30:00+00:00,52412.73999999999,52437.23999999999,52378.73999999999,52405.73999999999,4792
2026-07-17T05:00:00+00:00,52405.73999999999,52413.73999999999,52386.73999999999,52394.23999999999,3404
2026-07-17T05:30:00+00:00,52394.23999999999,52410.23999999999,52341.23999999999,52407.73999999999,5267
2026-07-17T06:00:00+00:00,52407.73999999999,52493.23999999999,52407.73999999999,52486.23999999999,5291
2026-07-17T06:30:00+00:00,52486.23999999999,52507.73999999999,52437.23999999999,52463.73999999999,4694
2026-07-17T07:00:00+00:00,52463.73999999999,52520.73999999999,52448.23999999999,52519.23999999999,7812
2026-07-17T07:30:00+00:00,52519.23999999999,52553.73999999999,52500.23999999999,52534.23999999999,6033
2026-07-17T08:00:00+00:00,52534.23999999999,52582.23999999999,52469.73999999999,52493.23999999999,11518
2026-07-17T08:30:00+00:00,52493.23999999999,52517.23999999999,52414.73999999999,52438.23999999999,8834
2026-07-17T09:00:00+00:00,52438.23999999999,52470.23999999999,52387.73999999999,52469.23999999999,7030
2026-07-17T09:30:00+00:00,52469.23999999999,52469.23999999999,52397.73999999999,52448.23999999999,5743
2026-07-17T10:00:00+00:00,52448.23999999999,52488.73999999999,52428.23999999999,52470.73999999999,6435
2026-07-17T10:30:00+00:00,52470.73999999999,52592.73999999999,52464.73999999999,52534.23999999999,5043
2026-07-17T11:00:00+00:00,52534.23999999999,52558.23999999999,52460.23999999999,52507.23999999999,6730
2026-07-17T11:30:00+00:00,52507.23999999999,52556.73999999999,52499.23999999999,52524.23999999999,6818
2026-07-17T12:00:00+00:00,52524.23999999999,52533.73999999999,52466.73999999999,52477.98999999999,6845
2026-07-17T12:30:00+00:00,52477.98999999999,52489.73999999999,52374.23999999999,52387.73999999999,7417
2026-07-17T13:00:00+00:00,52387.73999999999,52389.73999999999,52249.73999999999,52261.73999999999,14517
2026-07-17T13:30:00+00:00,52261.73999999999,52750.09,52195.59,52723.98999999999,65477
2026-07-17T14:00:00+00:00,52723.98999999999,52851.09,52707.09,52761.09,40879
2026-07-17T14:30:00+00:00,52761.09,52797.09,52697.09,52748.09,29449
2026-07-17T15:00:00+00:00,52748.09,52777.09,52632.59,52764.09,28847
2026-07-17T15:30:00+00:00,52764.09,52789.09,52679.59,52766.09,24800
2026-07-17T16:00:00+00:00,52766.09,52773.59,52616.59,52647.09,25241
2026-07-17T16:30:00+00:00,52647.09,52665.09,52586.09,52602.59,18125
2026-07-17T17:00:00+00:00,52602.59,52639.09,52540.09,52600.09,15887
2026-07-17T17:30:00+00:00,52600.09,52622.09,52485.09,52496.09,16201
2026-07-17T18:00:00+00:00,52496.09,52523.09,52423.09,52435.09,18849
2026-07-17T18:30:00+00:00,52435.09,52484.09,52407.09,52459.59,17764
2026-07-17T19:00:00+00:00,52459.59,52463.09,52352.09,52389.09,18329
2026-07-17T19:30:00+00:00,52389.09,52469.09,52362.09,52392.59,25987
2026-07-17T20:00:00+00:00,52392.59,52393.73999999999,52118.09,52143.59,8919
2026-07-17T20:30:00+00:00,52143.59,52172.34,52142.09,52172.34,1966
2026-07-19T22:00:00+00:00,52172.34,52172.34,52048.54,52092.29,6366
2026-07-19T22:30:00+00:00,52092.29,52178.29,52083.79,52152.29,3808
2026-07-19T23:00:00+00:00,52152.29,52154.29,52121.29,52128.79,2969
2026-07-19T23:30:00+00:00,52128.79,52168.79,52120.79,52164.79,4408
2026-07-20T00:00:00+00:00,52164.79,52215.29,52144.79,52181.79,7919
2026-07-20T00:30:00+00:00,52181.79,52185.79,52149.29,52181.29,4734
2026-07-20T01:00:00+00:00,52181.29,52210.29,52164.29,52168.29,6084
2026-07-20T01:30:00+00:00,52168.29,52174.79,52093.79,52111.79,5353
2026-07-20T02:00:00+00:00,52111.79,52162.79,52100.29,52120.79,5022
2026-07-20T02:30:00+00:00,52120.79,52169.79,52118.79,52153.29,4380
2026-07-20T03:00:00+00:00,52153.29,52159.29,52123.29,52149.79,3298
2026-07-20T03:30:00+00:00,52149.79,52177.29,52146.29,52155.29,3102
2026-07-20T04:00:00+00:00,52155.29,52174.79,52123.79,52170.79,3052
2026-07-20T04:30:00+00:00,52170.79,52214.29,52165.79,52191.29,2802
2026-07-20T05:00:00+00:00,52191.29,52197.79,52138.29,52146.29,3428
2026-07-20T05:30:00+00:00,52146.29,52153.29,52119.79,52125.29,3192
2026-07-20T06:00:00+00:00,52125.29,52141.29,52109.29,52111.29,3997
2026-07-20T06:30:00+00:00,52111.29,52124.79,52080.29,52107.29,3270
2026-07-20T07:00:00+00:00,52107.29,52202.29,52107.29,52193.79,6777
2026-07-20T07:30:00+00:00,52193.79,52281.29,52191.79,52240.79,7146
2026-07-20T08:00:00+00:00,52240.79,52286.79,52240.29,52270.29,5436
2026-07-20T08:30:00+00:00,52270.29,52294.79,52248.79,52270.79,3871
2026-07-20T09:00:00+00:00,52270.79,52315.79,52265.79,52308.79,3227
2026-07-20T09:30:00+00:00,52308.79,52350.79,52303.29,52328.29,3377
2026-07-20T10:00:00+00:00,52328.29,52334.79,52270.29,52290.29,2960
2026-07-20T10:30:00+00:00,52290.29,52320.79,52254.79,52292.79,3489
2026-07-20T11:00:00+00:00,52292.79,52333.79,52283.29,52285.29,3800
2026-07-20T11:30:00+00:00,52285.29,52431.79,52283.79,52389.79,12748
2026-07-20T12:00:00+00:00,52389.79,52391.29,52253.29,52306.79,10424
2026-07-20T12:30:00+00:00,52306.79,52314.79,52240.29,52255.79,6429
2026-07-20T13:00:00+00:00,52255.79,52345.79,52242.29,52304.79,6926
2026-07-20T13:30:00+00:00,52304.79,52443.64,52132.14,52132.14,42770
2026-07-20T14:00:00+00:00,52132.14,52187.14,52019.64,52055.64,26059
2026-07-20T14:30:00+00:00,52055.64,52075.14,51981.14,52010.64,22853
2026-07-20T15:00:00+00:00,52010.64,52100.64,51949.14,52088.64,20506
2026-07-20T15:30:00+00:00,52088.64,52098.64,52038.64,52042.64,14360
2026-07-20T16:00:00+00:00,52042.64,52115.64,52035.14,52082.14,11716
2026-07-20T16:30:00+00:00,52082.14,52097.64,51971.64,52009.14,15522
2026-07-20T17:00:00+00:00,52009.14,52029.14,51930.64,51952.14,11959
2026-07-20T17:30:00+00:00,51952.14,52002.64,51929.64,51992.14,10492
2026-07-20T18:00:00+00:00,51992.14,52051.64,51975.64,51995.14,11004
2026-07-20T18:30:00+00:00,51995.14,51995.14,51837.64,51874.64,15706
2026-07-20T19:00:00+00:00,51874.64,51912.64,51810.64,51893.64,15292
2026-07-20T19:30:00+00:00,51893.64,51933.64,51858.14,51890.64,17280
2026-07-20T20:00:00+00:00,51890.64,51918.29,51856.79,51867.79,4936
2026-07-20T20:30:00+00:00,51867.79,51925.04,51866.29,51925.04,2234
2026-07-20T22:00:00+00:00,51925.04,51925.04,51872.79,51898.79,1923
2026-07-20T22:30:00+00:00,51898.79,51899.79,51866.29,51870.79,1381
2026-07-20T23:00:00+00:00,51870.79,51930.29,51868.79,51928.29,1443
2026-07-20T23:30:00+00:00,51928.29,51936.79,51884.79,51912.29,2450
2026-07-21T00:00:00+00:00,51912.29,51912.29,51852.29,51889.79,8975
2026-07-21T00:30:00+00:00,51889.79,51932.79,51888.79,51921.79,3860
2026-07-21T01:00:00+00:00,51921.79,51957.29,51902.29,51934.79,4014
2026-07-21T01:30:00+00:00,51934.79,51943.79,51894.29,51905.79,3066
2026-07-21T02:00:00+00:00,51905.79,51939.79,51890.79,51921.79,2867
2026-07-21T02:30:00+00:00,51921.79,51952.29,51921.79,51950.79,1792
2026-07-21T03:00:00+00:00,51950.79,51991.29,51950.79,51988.79,1136
2026-07-21T03:30:00+00:00,51988.79,52017.79,51978.29,52017.79,1470
2026-07-21T04:00:00+00:00,52017.79,52048.29,52017.79,52035.79,1589
2026-07-21T04:30:00+00:00,52035.79,52058.29,52034.79,52051.79,1535
2026-07-21T05:00:00+00:00,52051.79,52052.29,52020.79,52047.29,1271
2026-07-21T05:30:00+00:00,52047.29,52083.29,52043.79,52065.79,1829
2026-07-21T06:00:00+00:00,52065.79,52074.79,52027.29,52047.29,2732
2026-07-21T06:30:00+00:00,52047.29,52090.29,52047.29,52064.79,2463
2026-07-21T07:00:00+00:00,52064.79,52125.29,52014.79,52029.79,4651
2026-07-21T07:30:00+00:00,52029.79,52064.29,52003.79,52047.79,4061
2026-07-21T08:00:00+00:00,52047.79,52082.79,52015.29,52052.79,5113
2026-07-21T08:30:00+00:00,52052.79,52101.79,52047.29,52074.79,3560
2026-07-21T09:00:00+00:00,52074.79,52103.29,52049.29,52051.79,3204
2026-07-21T09:30:00+00:00,52051.79,52078.29,52031.79,52039.79,2944
2026-07-21T10:00:00+00:00,52039.79,52089.29,52031.79,52060.79,5450
2026-07-21T10:30:00+00:00,52060.79,52139.79,52058.79,52117.79,5156
2026-07-21T11:00:00+00:00,52117.79,52119.79,52023.29,52028.79,4508
2026-07-21T11:30:00+00:00,52028.79,52070.79,52002.29,52014.79,3345
2026-07-21T12:00:00+00:00,52014.79,52040.29,51971.79,51982.79,5712
2026-07-21T12:30:00+00:00,51982.79,52030.79,51932.79,52019.29,6245
2026-07-21T13:00:00+00:00,52019.29,52086.79,51995.79,52069.79,6893
2026-07-21T13:30:00+00:00,52069.79,52114.64,51906.14,52034.14,47826
2026-07-21T14:00:00+00:00,52034.14,52214.14,52030.64,52212.14,25708
2026-07-21T14:30:00+00:00,52212.14,52227.64,52099.14,52137.64,17981
2026-07-21T15:00:00+00:00,52137.64,52256.64,52108.64,52234.14,13323
2026-07-21T15:30:00+00:00,52234.14,52272.64,52199.64,52247.64,8714
2026-07-21T16:00:00+00:00,52247.64,52370.64,52246.64,52363.64,6703
2026-07-21T16:30:00+00:00,52363.64,52407.64,52355.14,52384.64,6040
2026-07-21T17:00:00+00:00,52384.64,52393.64,52308.64,52313.64,5530
2026-07-21T17:30:00+00:00,52313.64,52322.64,52275.64,52284.64,5675
2026-07-21T18:00:00+00:00,52284.64,52290.64,52228.64,52262.64,6312
2026-07-21T18:30:00+00:00,52262.64,52262.64,52230.64,52246.64,4755
2026-07-21T19:00:00+00:00,52246.64,52273.14,52229.64,52270.14,5532
2026-07-21T19:30:00+00:00,52270.14,52272.64,52230.64,52259.64,10019
2026-07-21T20:00:00+00:00,52259.64,52266.29,52233.29,52236.79,2148
2026-07-21T20:30:00+00:00,52236.79,52248.79,52226.29,52231.04,824
2026-07-21T22:00:00+00:00,52231.04,52265.29,52231.04,52254.79,2308
2026-07-21T22:30:00+00:00,52254.79,52258.79,52239.79,52252.29,699
2026-07-21T23:00:00+00:00,52252.29,52260.29,52242.29,52252.29,814
2026-07-21T23:30:00+00:00,52252.29,52259.79,52238.79,52251.29,1538
2026-07-22T00:00:00+00:00,52251.29,52262.79,52233.29,52242.29,5392
2026-07-22T00:30:00+00:00,52242.29,52250.29,52231.29,52248.29,4039
2026-07-22T01:00:00+00:00,52248.29,52258.29,52201.29,52217.29,2773
2026-07-22T01:30:00+00:00,52217.29,52252.29,52204.79,52247.79,2385
2026-07-22T02:00:00+00:00,52247.79,52251.79,52219.29,52237.29,2641
2026-07-22T02:30:00+00:00,52237.29,52262.29,52227.79,52258.29,2544
2026-07-22T03:00:00+00:00,52258.29,52269.29,52238.29,52261.29,1931
2026-07-22T03:30:00+00:00,52261.29,52263.29,52208.29,52215.29,2526
2026-07-22T04:00:00+00:00,52215.29,52231.79,52209.79,52227.29,1427
2026-07-22T04:30:00+00:00,52227.29,52228.29,52211.29,52224.29,1532
2026-07-22T05:00:00+00:00,52224.29,52240.79,52210.79,52235.29,2346
2026-07-22T05:30:00+00:00,52235.29,52242.29,52223.29,52240.29,2971
2026-07-22T06:00:00+00:00,52240.29,52255.29,52173.29,52178.29,4088
2026-07-22T06:30:00+00:00,52178.29,52206.29,52134.79,52146.29,4518
2026-07-22T07:00:00+00:00,52146.29,52198.29,52097.29,52181.29,7399
2026-07-22T07:30:00+00:00,52181.29,52193.29,52092.29,52134.29,8367
2026-07-22T08:00:00+00:00,52134.29,52238.29,52134.29,52237.79,9700
2026-07-22T08:30:00+00:00,52237.79,52260.79,52216.29,52232.79,6387
2026-07-22T09:00:00+00:00,52232.79,52270.29,52229.29,52238.29,5659
2026-07-22T09:30:00+00:00,52238.29,52238.29,52189.29,52229.29,5679
2026-07-22T10:00:00+00:00,52229.29,52303.29,52214.29,52296.29,6698
2026-07-22T10:30:00+00:00,52296.29,52298.29,52218.29,52242.29,6372
2026-07-22T11:00:00+00:00,52242.29,52246.29,52182.29,52186.79,5643
2026-07-22T11:30:00+00:00,52186.79,52212.79,52107.29,52129.29,6504
2026-07-22T12:00:00+00:00,52129.29,52180.29,52126.79,52173.79,5134
2026-07-22T12:30:00+00:00,52173.79,52224.29,52095.29,52165.79,5902
2026-07-22T13:00:00+00:00,52165.79,52284.29,52162.29,52261.79,6218
2026-07-22T13:30:00+00:00,52261.79,52517.64,52201.14,52471.64,38931
2026-07-22T14:00:00+00:00,52471.64,52546.64,52337.14,52342.64,25553
2026-07-22T14:30:00+00:00,52342.64,52377.64,52297.64,52317.14,20409
2026-07-22T15:00:00+00:00,52317.14,52426.64,52300.64,52399.14,13608
2026-07-22T15:30:00+00:00,52399.14,52445.64,52371.64,52445.64,9081
2026-07-22T16:00:00+00:00,52445.64,52470.64,52421.64,52460.64,6931
2026-07-22T16:30:00+00:00,52460.64,52478.64,52420.64,52435.64,6831
2026-07-22T17:00:00+00:00,52435.64,52438.64,52323.14,52324.64,8284
2026-07-22T17:30:00+00:00,52324.64,52362.14,52321.14,52344.64,7437
2026-07-22T18:00:00+00:00,52344.64,52352.64,52301.64,52339.64,7694
2026-07-22T18:30:00+00:00,52339.64,52340.64,52299.64,52320.14,5912
2026-07-22T19:00:00+00:00,52320.14,52322.64,52253.64,52263.14,6731
2026-07-22T19:30:00+00:00,52263.14,52306.64,52240.64,52253.14,9582
2026-07-22T20:00:00+00:00,52253.14,52369.29,52245.54,52347.29,5663
2026-07-22T20:30:00+00:00,52347.29,52355.79,52300.04,52300.04,2698
2026-07-22T22:00:00+00:00,52300.04,52300.04,52216.29,52220.29,2836
2026-07-22T22:30:00+00:00,52220.29,52231.29,52188.29,52223.29,1923
2026-07-22T23:00:00+00:00,52223.29,52224.79,52204.79,52209.79,1118
2026-07-22T23:30:00+00:00,52209.79,52261.29,52208.79,52260.79,1609
2026-07-23T00:00:00+00:00,52260.79,52313.79,52239.29,52291.29,4430
2026-07-23T00:30:00+00:00,52291.29,52337.29,52288.79,52328.79,3416
2026-07-23T01:00:00+00:00,52328.79,52351.29,52313.29,52315.79,2952
2026-07-23T01:30:00+00:00,52315.79,52330.29,52300.29,52310.79,3159
2026-07-23T02:00:00+00:00,52310.79,52324.29,52268.29,52272.29,2886
2026-07-23T02:30:00+00:00,52272.29,52295.79,52266.79,52286.79,2516
2026-07-23T03:00:00+00:00,52286.79,52289.29,52211.79,52229.79,2395
2026-07-23T03:30:00+00:00,52229.79,52250.29,52218.29,52226.29,2794
2026-07-23T04:00:00+00:00,52226.29,52250.29,52186.79,52240.79,2375
2026-07-23T04:30:00+00:00,52240.79,52243.79,52205.29,52213.79,2236
2026-07-23T05:00:00+00:00,52213.79,52238.79,52196.79,52238.79,2678
2026-07-23T05:30:00+00:00,52238.79,52254.29,52172.29,52174.29,3080
2026-07-23T06:00:00+00:00,52174.29,52207.29,52172.79,52194.29,3350
2026-07-23T06:30:00+00:00,52194.29,52196.79,52135.29,52137.79,2813
2026-07-23T07:00:00+00:00,52137.79,52140.79,51968.79,52045.79,10283
2026-07-23T07:30:00+00:00,52045.79,52050.79,51974.79,52039.79,9243
2026-07-23T08:00:00+00:00,52039.79,52108.79,52008.79,52100.79,7725
2026-07-23T08:30:00+00:00,52100.79,52131.79,52056.29,52129.79,5030
2026-07-23T09:00:00+00:00,52129.79,52167.79,52052.29,52058.79,5870
2026-07-23T09:30:00+00:00,52058.79,52092.29,52048.29,52062.29,4294
2026-07-23T10:00:00+00:00,52062.29,52090.79,52038.79,52068.79,4402
2026-07-23T10:30:00+00:00,52068.79,52156.79,52064.29,52133.79,6098
2026-07-23T11:00:00+00:00,52133.79,52150.29,52026.79,52037.79,5325
2026-07-23T11:30:00+00:00,52037.79,52049.29,51932.79,51986.79,10604
2026-07-23T12:00:00+00:00,51986.79,51987.79,51813.79,51818.54,9946
2026-07-23T12:30:00+00:00,51818.54,51832.29,51711.79,51729.79,15330
2026-07-23T13:00:00+00:00,51729.79,51734.29,51580.54,51603.29,15165
2026-07-23T13:30:00+00:00,51603.29,51920.64,51576.14,51713.64,61324
2026-07-23T14:00:00+00:00,51713.64,51796.64,51653.64,51747.14,54958
2026-07-23T14:30:00+00:00,51747.14,51804.64,51666.64,51762.64,35999
2026-07-23T15:00:00+00:00,51762.64,51778.64,51604.14,51618.64,32487
2026-07-23T15:30:00+00:00,51618.64,51767.14,51567.64,51731.14,23958
2026-07-23T16:00:00+00:00,51731.14,51853.64,51704.14,51820.14,16782
2026-07-23T16:30:00+00:00,51820.14,51834.14,51703.64,51775.64,15841
2026-07-23T17:00:00+00:00,51775.64,51794.64,51737.64,51753.64,19590
2026-07-23T17:30:00+00:00,51753.64,51754.64,51626.14,51626.64,19729
2026-07-23T18:00:00+00:00,51626.64,51676.64,51612.14,51676.64,16047
2026-07-23T18:30:00+00:00,51676.64,51719.64,51639.64,51694.64,13358
2026-07-23T19:00:00+00:00,51694.64,51759.64,51677.64,51729.14,13030
2026-07-23T19:30:00+00:00,51729.14,51756.64,51623.64,51725.14,21956
2026-07-23T20:00:00+00:00,51725.14,51752.79,51702.79,51733.29,5404
2026-07-23T20:30:00+00:00,51733.29,51758.29,51723.29,51756.54,2475
2026-07-23T22:00:00+00:00,51756.54,51759.82,51713.32,51718.82,4387
2026-07-23T22:30:00+00:00,51718.82,51734.82,51710.82,51732.32,1552
2026-07-23T23:00:00+00:00,51732.32,51735.32,51708.82,51718.32,1014
2026-07-23T23:30:00+00:00,51718.32,51735.32,51694.32,51724.32,3712
2026-07-24T00:00:00+00:00,51724.32,51775.82,51713.32,51759.82,9112
2026-07-24T00:30:00+00:00,51759.82,51804.82,51740.82,51788.32,4867
2026-07-24T01:00:00+00:00,51788.32,51803.82,51769.82,51778.32,4438
2026-07-24T01:30:00+00:00,51778.32,51816.32,51770.32,51792.32,4037
2026-07-24T02:00:00+00:00,51792.32,51806.82,51781.32,51798.82,3120
2026-07-24T02:30:00+00:00,51798.82,51798.82,51747.82,51755.32,2881
2026-07-24T03:00:00+00:00,51755.32,51766.82,51742.82,51750.82,2824
2026-07-24T03:30:00+00:00,51750.82,51755.82,51723.32,51739.32,3053
2026-07-24T04:00:00+00:00,51739.32,51757.82,51723.82,51754.32,2838
2026-07-24T04:30:00+00:00,51754.32,51759.32,51719.32,51753.82,2754
2026-07-24T05:00:00+00:00,51753.82,51801.82,51749.82,51791.82,3405
2026-07-24T05:30:00+00:00,51791.82,51802.32,51767.82,51772.32,3296
2026-07-24T06:00:00+00:00,51772.32,51806.32,51748.32,51779.32,4397
2026-07-24T06:30:00+00:00,51779.32,51796.32,51743.82,51790.82,4395
2026-07-24T07:00:00+00:00,51790.82,51947.82,51783.32,51946.82,7647
2026-07-24T07:30:00+00:00,51946.82,51955.82,51898.82,51914.32,5583
2026-07-24T08:00:00+00:00,51914.32,51950.32,51883.32,51946.82,8162
2026-07-24T08:30:00+00:00,51946.82,51976.82,51928.82,51946.82,5831
2026-07-24T09:00:00+00:00,51946.82,52004.32,51942.32,51990.32,6000
2026-07-24T09:30:00+00:00,51990.32,52023.82,51979.32,52019.82,3977
2026-07-24T10:00:00+00:00,52019.82,52035.82,51987.82,52007.32,3694
2026-07-24T10:30:00+00:00,52007.32,52021.82,51987.82,51992.32,3571
2026-07-24T11:00:00+00:00,51992.32,52021.32,51924.82,51931.32,6444
2026-07-24T11:30:00+00:00,51931.32,51990.82,51893.82,51961.32,7635
2026-07-24T12:00:00+00:00,51961.32,51966.32,51920.32,51946.32,8732
2026-07-24T12:30:00+00:00,51946.32,51963.32,51851.82,51861.82,6540
2026-07-24T13:00:00+00:00,51861.82,51895.82,51823.07,51823.32,8328
2026-07-24T13:30:00+00:00,51823.32,51921.67,51746.17,51826.17,48637
2026-07-24T14:00:00+00:00,51826.17,51932.17,51801.67,51827.67,40450
2026-07-24T14:30:00+00:00,51827.67,51906.17,51716.17,51902.17,31946
2026-07-24T15:00:00+00:00,51902.17,52130.67,51866.17,52112.67,38435
2026-07-24T15:30:00+00:00,52112.67,52145.17,52073.17,52111.17,21521
2026-07-24T16:00:00+00:00,52111.17,52153.17,52079.17,52133.17,13572
2026-07-24T16:30:00+00:00,52133.17,52136.17,51981.17,52024.17,18078
2026-07-24T17:00:00+00:00,52024.17,52049.17,51944.17,52047.17,19430
2026-07-24T17:30:00+00:00,52047.17,52061.17,51995.17,52008.67,13203
2026-07-24T18:00:00+00:00,52008.67,52039.17,51929.67,51931.17,13429
2026-07-24T18:30:00+00:00,51931.17,51936.17,51853.17,51920.17,20599
2026-07-24T19:00:00+00:00,51920.17,51943.17,51880.17,51899.17,17686
2026-07-24T19:30:00+00:00,51899.17,51982.17,51899.17,51968.17,19861
2026-07-24T20:00:00+00:00,51968.17,51982.32,51912.93,51914.93,6383
2026-07-24T20:30:00+00:00,51914.93,51918.93,51890.43,51917.68,2368
2026-07-26T22:00:00+00:00,51917.68,52309.41,51917.68,52204.91,2740
2026-07-26T22:30:00+00:00,52204.91,52218.41,52169.16,52179.91,2707
2026-07-26T23:00:00+00:00,52179.91,52235.41,52179.91,52221.41,1843
2026-07-26T23:30:00+00:00,52221.41,52296.41,52219.91,52288.41,3280
2026-07-27T00:00:00+00:00,52288.41,52317.91,52235.91,52253.91,8943
2026-07-27T00:30:00+00:00,52253.91,52264.41,52204.41,52206.41,5233
2026-07-27T01:00:00+00:00,52206.41,52229.91,52174.91,52199.91,4521
2026-07-27T01:30:00+00:00,52199.91,52247.41,52199.91,52245.91,5574
2026-07-27T02:00:00+00:00,52245.91,52260.41,52233.91,52242.41,3907
2026-07-27T02:30:00+00:00,52242.41,52251.91,52221.91,52241.91,2426
2026-07-27T03:00:00+00:00,52241.91,52272.41,52240.91,52263.91,1898
2026-07-27T03:30:00+00:00,52263.91,52269.91,52250.91,52260.41,2149
2026-07-27T04:00:00+00:00,52260.41,52279.91,52257.91,52271.91,2503
2026-07-27T04:30:00+00:00,52271.91,52312.91,52265.91,52301.41,1767
2026-07-27T05:00:00+00:00,52301.41,52329.91,52297.91,52328.91,1959
2026-07-27T05:30:00+00:00,52328.91,52368.41,52323.41,52357.41,2304
2026-07-27T06:00:00+00:00,52357.41,52392.91,52354.91,52366.41,3613
2026-07-27T06:30:00+00:00,52366.41,52394.91,52354.91,52369.41,3738
2026-07-27T07:00:00+00:00,52369.41,52435.91,52358.41,52396.91,6218
2026-07-27T07:30:00+00:00,52396.91,52416.41,52351.41,52352.41,5197
2026-07-27T08:00:00+00:00,52352.41,52424.91,52341.91,52417.91,7149
2026-07-27T08:30:00+00:00,52417.91,52465.41,52403.41,52462.41,5227
2026-07-27T09:00:00+00:00,52462.41,52485.41,52440.41,52467.41,3494
2026-07-27T09:30:00+00:00,52467.41,52513.91,52461.41,52506.41,3975
2026-07-27T10:00:00+00:00,52506.41,52520.91,52470.91,52504.41,3681
2026-07-27T10:30:00+00:00,52504.41,52552.41,52489.41,52536.41,2350
2026-07-27T11:00:00+00:00,52536.41,52554.91,52494.41,52494.41,3937
2026-07-27T11:30:00+00:00,52494.41,52550.91,52492.41,52535.41,6443
2026-07-27T12:00:00+00:00,52535.41,52568.91,52486.91,52532.41,7341
2026-07-27T12:30:00+00:00,52532.41,52585.41,52511.41,52581.91,7075
2026-07-27T13:00:00+00:00,52581.91,52620.41,52542.41,52565.41,8136
2026-07-27T13:30:00+00:00,52565.41,52627.26,52416.26,52416.26,48780
2026-07-27T14:00:00+00:00,52416.26,52490.26,52257.26,52258.76,39923
2026-07-27T14:30:00+00:00,52258.76,52271.26,52131.26,52250.76,43088
2026-07-27T15:00:00+00:00,52250.76,52294.26,52147.76,52184.76,32413
2026-07-27T15:30:00+00:00,52184.76,52184.76,52023.76,52060.26,28787
2026-07-27T16:00:00+00:00,52060.26,52217.76,52034.26,52163.76,30302
2026-07-27T16:30:00+00:00,52163.76,52230.26,52061.26,52084.76,23913
2026-07-27T17:00:00+00:00,52084.76,52086.26,52010.26,52032.26,19487
2026-07-27T17:30:00+00:00,52032.26,52132.76,52030.26,52126.26,16672
2026-07-27T18:00:00+00:00,52126.26,52143.26,52084.26,52133.26,16842
2026-07-27T18:30:00+00:00,52133.26,52205.26,52078.26,52200.76,19004
2026-07-27T19:00:00+00:00,52200.76,52239.26,52152.26,52219.26,13793
2026-07-27T19:30:00+00:00,52219.26,52243.26,52183.76,52218.76,14917
2026-07-27T20:00:00+00:00,52218.76,52240.91,52190.41,52219.41,3758
2026-07-27T20:30:00+00:00,52219.41,52268.66,52213.91,52268.66,2162
2026-07-27T22:00:00+00:00,52268.66,52278.57000000001,52246.57000000001,52252.57000000001,2512
2026-07-27T22:30:00+00:00,52252.57000000001,52283.07000000001,52240.07000000001,52243.07000000001,1421
2026-07-27T23:00:00+00:00,52243.07000000001,52261.57000000001,52217.07000000001,52261.07000000001,1434
2026-07-27T23:30:00+00:00,52261.07000000001,52261.07000000001,52223.57000000001,52249.07000000001,3824
2026-07-28T00:00:00+00:00,52249.07000000001,52258.57000000001,52169.57000000001,52182.57000000001,10566
2026-07-28T00:30:00+00:00,52182.57000000001,52205.07000000001,52151.57000000001,52182.07000000001,6389
2026-07-28T01:00:00+00:00,52182.07000000001,52212.07000000001,52135.07000000001,52194.57000000001,7023
2026-07-28T01:30:00+00:00,52194.57000000001,52233.57000000001,52182.07000000001,52194.57000000001,6005
2026-07-28T02:00:00+00:00,52194.57000000001,52206.07000000001,52165.57000000001,52178.07000000001,4726
2026-07-28T02:30:00+00:00,52178.07000000001,52193.57000000001,52164.57000000001,52181.07000000001,4123
2026-07-28T03:00:00+00:00,52181.07000000001,52225.57000000001,52164.07000000001,52191.57000000001,4039
2026-07-28T03:30:00+00:00,52191.57000000001,52267.57000000001,52179.07000000001,52259.57000000001,6620
2026-07-28T04:00:00+00:00,52259.57000000001,52261.57000000001,52214.57000000001,52221.57000000001,4578
2026-07-28T04:30:00+00:00,52221.57000000001,52241.57000000001,52200.07000000001,52204.57000000001,3218
2026-07-28T05:00:00+00:00,52204.57000000001,52243.57000000001,52203.07000000001,52234.57000000001,4221
2026-07-28T05:30:00+00:00,52234.57000000001,52236.57000000001,52200.57000000001,52220.57000000001,4594
2026-07-28T06:00:00+00:00,52220.57000000001,52274.07000000001,52216.57000000001,52242.07000000001,6301
2026-07-28T06:30:00+00:00,52242.07000000001,52286.07000000001,52233.57000000001,52275.07000000001,4927
2026-07-28T07:00:00+00:00,52275.07000000001,52339.57000000001,52264.57000000001,52323.07000000001,7343
2026-07-28T07:30:00+00:00,52323.07000000001,52330.57000000001,52270.57000000001,52284.57000000001,6724
2026-07-28T08:00:00+00:00,52284.57000000001,52341.57000000001,52256.57000000001,52338.07000000001,10694
2026-07-28T08:30:00+00:00,52338.07000000001,52382.57000000001,52309.57000000001,52333.07000000001,6543
2026-07-28T09:00:00+00:00,52333.07000000001,52376.57000000001,52324.07000000001,52375.07000000001,4881
2026-07-28T09:30:00+00:00,52375.07000000001,52415.07000000001,52363.57000000001,52369.07000000001,4062
2026-07-28T10:00:00+00:00,52369.07000000001,52378.57000000001,52342.07000000001,52367.57000000001,4631
2026-07-28T10:30:00+00:00,52367.57000000001,52414.57000000001,52327.57000000001,52411.57000000001,6948
2026-07-28T11:00:00+00:00,52411.57000000001,52617.07000000001,52399.07000000001,52557.57000000001,12837
2026-07-28T11:30:00+00:00,52557.57000000001,52619.57000000001,52503.57000000001,52615.07000000001,10452
2026-07-28T12:00:00+00:00,52615.07000000001,52692.57000000001,52605.07000000001,52692.57000000001,8393
2026-07-28T12:30:00+00:00,52692.57000000001,52751.57000000001,52671.07000000001,52734.07000000001,10336
2026-07-28T13:00:00+00:00,52734.07000000001,52748.57000000001,52686.07000000001,52717.07000000001,10713
2026-07-28T13:30:00+00:00,52717.07000000001,52717.07000000001,52462.420000000006,52579.920000000006,51452
2026-07-28T14:00:00+00:00,52579.920000000006,52695.920000000006,52579.920000000006,52653.420000000006,38009
2026-07-28T14:30:00+00:00,52653.420000000006,52710.420000000006,52564.920000000006,52606.420000000006,32367
2026-07-28T15:00:00+00:00,52606.420000000006,52872.920000000006,52569.920000000006,52818.920000000006,31629
2026-07-28T15:30:00+00:00,52818.920000000006,52922.420000000006,52793.420000000006,52910.420000000006,20037
2026-07-28T16:00:00+00:00,52910.420000000006,52915.420000000006,52872.920000000006,52882.420000000006,14406
2026-07-28T16:30:00+00:00,52882.420000000006,52930.420000000006,52864.420000000006,52925.920000000006,12694
2026-07-28T17:00:00+00:00,52925.920000000006,52951.420000000006,52875.920000000006,52884.420000000006,16584
2026-07-28T17:30:00+00:00,52884.420000000006,52909.420000000006,52825.420000000006,52846.420000000006,14035
2026-07-28T18:00:00+00:00,52846.420000000006,52865.420000000006,52784.420000000006,52800.420000000006,14550
2026-07-28T18:30:00+00:00,52800.420000000006,52866.920000000006,52793.420000000006,52846.420000000006,14065
2026-07-28T19:00:00+00:00,52846.420000000006,52863.420000000006,52814.420000000006,52823.420000000006,12924
2026-07-28T19:30:00+00:00,52823.420000000006,52849.420000000006,52775.420000000006,52795.420000000006,15434
2026-07-28T20:00:00+00:00,52795.420000000006,52819.57000000001,52762.57000000001,52793.57000000001,8261
2026-07-28T20:30:00+00:00,52793.57000000001,52802.07000000001,52751.07000000001,52754.32000000001,3448
2026-07-28T22:00:00+00:00,52754.32000000001,52798.18,52713.18,52732.68,4613
2026-07-28T22:30:00+00:00,52732.68,52761.68,52677.68,52738.18,8131
2026-07-28T23:00:00+00:00,52738.18,52778.68,52713.68,52763.18,5513
2026-07-28T23:30:00+00:00,52763.18,52850.68,52749.68,52816.68,8041
2026-07-29T00:00:00+00:00,52816.68,52880.68,52803.18,52864.18,8302
2026-07-29T00:30:00+00:00,52864.18,52874.18,52846.68,52853.18,3642
2026-07-29T01:00:00+00:00,52853.18,52859.68,52781.68,52819.18,6600
2026-07-29T01:30:00+00:00,52819.18,52823.18,52744.68,52748.68,5338
2026-07-29T02:00:00+00:00,52748.68,52777.18,52733.68,52744.68,5576
2026-07-29T02:30:00+00:00,52744.68,52779.18,52743.18,52773.18,3930
2026-07-29T03:00:00+00:00,52773.18,52777.18,52735.18,52735.18,3582
2026-07-29T03:30:00+00:00,52735.18,52738.68,52667.68,52676.68,3643
2026-07-29T04:00:00+00:00,52676.68,52696.68,52658.68,52682.18,3919
2026-07-29T04:30:00+00:00,52682.18,52712.18,52662.18,52711.68,4776
2026-07-29T05:00:00+00:00,52711.68,52760.68,52709.18,52751.68,5128
2026-07-29T05:30:00+00:00,52751.68,52762.68,52731.18,52738.18,3337
2026-07-29T06:00:00+00:00,52738.18,52760.68,52722.18,52754.68,3803
2026-07-29T06:30:00+00:00,52754.68,52805.68,52754.68,52800.68,4650
2026-07-29T07:00:00+00:00,52800.68,52852.68,52776.18,52815.68,6549
2026-07-29T07:30:00+00:00,52815.68,52858.18,52800.68,52844.18,5131
2026-07-29T08:00:00+00:00,52844.18,52862.18,52781.18,52788.18,6372
2026-07-29T08:30:00+00:00,52788.18,52873.68,52783.68,52841.18,5732
2026-07-29T09:00:00+00:00,52841.18,52843.18,52718.68,52737.68,4948
2026-07-29T09:30:00+00:00,52737.68,52788.68,52689.68,52742.68,5808
2026-07-29T10:00:00+00:00,52742.68,52744.68,52663.18,52691.68,5792
2026-07-29T10:30:00+00:00,52691.68,52710.18,52637.18,52659.68,5178
2026-07-29T11:00:00+00:00,52659.68,52668.18,52616.18,52642.18,4891
2026-07-29T11:30:00+00:00,52642.18,52645.68,52598.68,52612.18,4628
2026-07-29T12:00:00+00:00,52612.18,52612.18,52395.68,52442.68,12965
2026-07-29T12:30:00+00:00,52442.68,52473.68,52408.68,52433.68,7995
2026-07-29T13:00:00+00:00,52433.68,52436.18,52327.18,52337.68,10441
2026-07-29T13:30:00+00:00,52337.68,52399.530000000006,52140.530000000006,52153.530000000006,49319
2026-07-29T14:00:00+00:00,52153.530000000006,52164.530000000006,51955.530000000006,51997.530000000006,45150
2026-07-29T14:30:00+00:00,51997.530000000006,52016.530000000006,51894.030000000006,51921.530000000006,34145
2026-07-29T15:00:00+00:00,51921.530000000006,51979.530000000006,51898.530000000006,51938.530000000006,25469
2026-07-29T15:30:00+00:00,51938.530000000006,51967.530000000006,51868.030000000006,51905.030000000006,23719
2026-07-29T16:00:00+00:00,51905.030000000006,51913.030000000006,51807.530000000006,51908.030000000006,22035
2026-07-29T16:30:00+00:00,51908.030000000006,51964.530000000006,51859.530000000006,51964.530000000006,21146
2026-07-29T17:00:00+00:00,51964.530000000006,52082.530000000006,51959.030000000006,52016.030000000006,22113
2026-07-29T17:30:00+00:00,52016.030000000006,52053.030000000006,51962.530000000006,51998.030000000006,20364
2026-07-29T18:00:00+00:00,51998.030000000006,52193.530000000006,51910.530000000006,51975.530000000006,48134
2026-07-29T18:30:00+00:00,51975.530000000006,52278.030000000006,51873.030000000006,52220.530000000006,50017
2026-07-29T19:00:00+00:00,52220.530000000006,52261.030000000006,51838.030000000006,51853.530000000006,52923
2026-07-29T19:30:00+00:00,51853.530000000006,51873.030000000006,51551.030000000006,51608.530000000006,56262
2026-07-29T20:00:00+00:00,51608.530000000006,51674.68,51479.68,51549.18,23812
2026-07-29T20:30:00+00:00,51549.18,51647.18,51534.68,51580.93,8262
2026-07-29T22:00:00+00:00,51580.93,51829.490000000005,51580.93,51790.990000000005,9612
2026-07-29T22:30:00+00:00,51790.990000000005,51794.490000000005,51757.990000000005,51765.990000000005,3932
2026-07-29T23:00:00+00:00,51765.990000000005,51797.490000000005,51755.490000000005,51773.490000000005,4200
2026-07-29T23:30:00+00:00,51773.490000000005,51798.990000000005,51773.490000000005,51785.490000000005,6817
2026-07-30T00:00:00+00:00,51785.490000000005,51817.490000000005,51758.990000000005,51770.490000000005,16884
2026-07-30T00:30:00+00:00,51770.490000000005,51779.490000000005,51717.490000000005,51751.490000000005,11067
2026-07-30T01:00:00+00:00,51751.490000000005,51793.490000000005,51720.990000000005,51740.990000000005,9030
2026-07-30T01:30:00+00:00,51740.990000000005,51783.490000000005,51738.990000000005,51776.490000000005,5119
2026-07-30T02:00:00+00:00,51776.490000000005,51798.990000000005,51760.490000000005,51765.490000000005,5672
2026-07-30T02:30:00+00:00,51765.490000000005,51773.490000000005,51723.490000000005,51723.990000000005,4586
2026-07-30T03:00:00+00:00,51723.990000000005,51759.490000000005,51688.490000000005,51698.490000000005,7699
2026-07-30T03:30:00+00:00,51698.490000000005,51721.490000000005,51677.990000000005,51699.990000000005,8446
2026-07-30T04:00:00+00:00,51699.990000000005,51726.990000000005,51674.990000000005,51724.490000000005,5898
2026-07-30T04:30:00+00:00,51724.490000000005,51726.990000000005,51664.990000000005,51674.490000000005,6228
2026-07-30T05:00:00+00:00,51674.490000000005,51682.490000000005,51645.990000000005,51671.490000000005,8508
2026-07-30T05:30:00+00:00,51671.490000000005,51718.490000000005,51654.490000000005,51672.990000000005,9382
2026-07-30T06:00:00+00:00,51672.990000000005,51674.990000000005,51600.990000000005,51636.490000000005,8729
2026-07-30T06:30:00+00:00,51636.490000000005,51672.490000000005,51606.990000000005,51672.490000000005,7345
2026-07-30T07:00:00+00:00,51672.490000000005,51795.990000000005,51658.490000000005,51723.990000000005,16586
2026-07-30T07:30:00+00:00,51723.990000000005,51727.990000000005,51621.490000000005,51669.990000000005,12620
2026-07-30T08:00:00+00:00,51669.990000000005,51808.490000000005,51643.490000000005,51795.990000000005,12153
2026-07-30T08:30:00+00:00,51795.990000000005,51814.490000000005,51729.990000000005,51770.490000000005,8949
2026-07-30T09:00:00+00:00,51770.490000000005,51828.990000000005,51757.490000000005,51808.990000000005,10056
2026-07-30T09:30:00+00:00,51808.990000000005,51840.490000000005,51720.990000000005,51724.490000000005,7901
2026-07-30T10:00:00+00:00,51724.490000000005,51805.990000000005,51714.490000000005,51789.990000000005,10311
2026-07-30T10:30:00+00:00,51789.990000000005,51835.990000000005,51754.740000000005,51767.490000000005,9595
2026-07-30T11:00:00+00:00,51767.490000000005,51866.490000000005,51767.490000000005,51866.490000000005,9099
2026-07-30T11:30:00+00:00,51866.490000000005,51929.990000000005,51854.990000000005,51894.490000000005,8067
2026-07-30T12:00:00+00:00,51894.490000000005,51922.490000000005,51864.740000000005,51876.740000000005,11342
2026-07-30T12:30:00+00:00,51876.740000000005,51914.990000000005,51801.490000000005,51850.490000000005,15302
2026-07-30T13:00:00+00:00,51850.490000000005,51989.990000000005,51848.990000000005,51989.490000000005,15589
2026-07-30T13:30:00+00:00,51989.490000000005,52013.840000000004,51760.840000000004,51975.340000000004,49904
2026-07-30T14:00:00+00:00,51975.340000000004,52001.840000000004,51899.840000000004,51949.340000000004,36353
2026-07-30T14:30:00+00:00,51949.340000000004,51978.840000000004,51770.840000000004,51811.840000000004,33617
2026-07-30T15:00:00+00:00,51811.840000000004,51815.840000000004,51682.840000000004,51749.840000000004,35298
2026-07-30T15:30:00+00:00,51749.840000000004,51985.840000000004,51738.840000000004,51964.840000000004,29630
2026-07-30T16:00:00+00:00,51964.840000000004,52081.840000000004,51944.840000000004,52072.840000000004,20198
2026-07-30T16:30:00+00:00,52072.840000000004,52147.840000000004,52041.840000000004,52118.840000000004,19017
2026-07-30T17:00:00+00:00,52118.840000000004,52204.340000000004,52118.840000000004,52171.840000000004,15427
2026-07-30T17:30:00+00:00,52171.840000000004,52202.840000000004,52143.340000000004,52145.840000000004,15577
2026-07-30T18:00:00+00:00,52145.840000000004,52210.840000000004,52145.840000000004,52200.840000000004,11506
2026-07-30T18:30:00+00:00,52200.840000000004,52233.840000000004,52172.840000000004,52229.840000000004,10743
2026-07-30T19:00:00+00:00,52229.840000000004,52298.340000000004,52226.840000000004,52264.840000000004,12900
2026-07-30T19:30:00+00:00,52264.840000000004,52284.840000000004,52212.340000000004,52254.840000000004,18591
2026-07-30T20:00:00+00:00,52254.840000000004,52363.990000000005,52246.990000000005,52333.490000000005,8685
2026-07-30T20:30:00+00:00,52333.490000000005,52357.990000000005,52287.990000000005,52305.740000000005,9566
2026-07-30T22:00:00+00:00,52305.740000000005,52307.23,52267.48,52299.73,4978
2026-07-30T22:30:00+00:00,52299.73,52364.23,52298.23,52361.73,1713
2026-07-30T23:00:00+00:00,52361.73,52385.23,52347.23,52354.73,1598
2026-07-30T23:30:00+00:00,52354.73,52382.73,52353.73,52364.73,2701
2026-07-31T00:00:00+00:00,52364.73,52424.23,52345.73,52401.73,7058
2026-07-31T00:30:00+00:00,52401.73,52436.73,52398.23,52413.23,3518
2026-07-31T01:00:00+00:00,52413.23,52472.23,52411.73,52461.73,3469
2026-07-31T01:30:00+00:00,52461.73,52464.73,52428.23,52459.23,2917
2026-07-31T02:00:00+00:00,52459.23,52477.23,52445.73,52449.23,2299
2026-07-31T02:30:00+00:00,52449.23,52455.73,52423.23,52438.73,2353
2026-07-31T03:00:00+00:00,52438.73,52450.73,52412.23,52444.73,3378
2026-07-31T03:30:00+00:00,52444.73,52464.73,52430.23,52455.73,2719
2026-07-31T04:00:00+00:00,52455.73,52485.73,52437.23,52483.73,1927
2026-07-31T04:30:00+00:00,52483.73,52517.23,52481.23,52513.23,1404
2026-07-31T05:00:00+00:00,52513.23,52523.73,52500.73,52510.73,1225
2026-07-31T05:30:00+00:00,52510.73,52522.73,52491.23,52498.23,1856
2026-07-31T06:00:00+00:00,52498.23,52512.73,52490.23,52503.73,2209
2026-07-31T06:30:00+00:00,52503.73,52506.23,52435.23,52477.73,4329
2026-07-31T07:00:00+00:00,52477.73,52576.23,52453.73,52557.23,6505
2026-07-31T07:30:00+00:00,52557.23,52573.23,52532.73,52543.73,4777
2026-07-31T08:00:00+00:00,52543.73,52581.23,52521.73,52560.73,6705
2026-07-31T08:30:00+00:00,52560.73,52562.23,52526.23,52546.73,4849
2026-07-31T09:00:00+00:00,52546.73,52578.23,52525.73,52556.73,4935
2026-07-31T09:30:00+00:00,52556.73,52561.73,52501.73,52523.73,4321
2026-07-31T10:00:00+00:00,52523.73,52580.73,52503.73,52553.73,4516
2026-07-31T10:30:00+00:00,52553.73,52625.23,52548.73,52609.23,4850
2026-07-31T11:00:00+00:00,52609.23,52611.23,52520.23,52528.23,6528
2026-07-31T11:30:00+00:00,52528.23,52557.73,52481.23,52546.73,6048
2026-07-31T12:00:00+00:00,52546.73,52548.73,52484.73,52518.73,6562
2026-07-31T12:30:00+00:00,52518.73,52520.23,52413.73,52435.73,9191
2026-07-31T13:00:00+00:00,52435.73,52536.23,52424.73,52499.73,8828
2026-07-31T13:30:00+00:00,52499.73,52516.58,52224.58,52229.58,47510
2026-07-31T14:00:00+00:00,52229.58,52237.58,52007.58,52187.58,43388
2026-07-31T14:30:00+00:00,52187.58,52326.58,52154.08,52318.58,30866
2026-07-31T15:00:00+00:00,52318.58,52381.08,52259.08,52272.58,29990
2026-07-31T15:30:00+00:00,52272.58,52432.58,52242.58,52421.08,28671
2026-07-31T16:00:00+00:00,52421.08,52485.58,52376.08,52458.58,21032
2026-07-31T16:30:00+00:00,52458.58,52497.58,52454.58,52460.58,14588
2026-07-31T17:00:00+00:00,52460.58,52560.58,52445.58,52553.08,12680
2026-07-31T17:30:00+00:00,52553.08,52553.58,52485.58,52500.58,13039
2026-07-31T18:00:00+00:00,52500.58,52575.58,52494.58,52562.58,11708
2026-07-31T18:30:00+00:00,52562.58,52571.58,52530.58,52547.58,9006
2026-07-31T19:00:00+00:00,52547.58,52631.58,52515.58,52588.58,10914
2026-07-31T19:30:00+00:00,52588.58,52656.08,52501.58,52515.08,18183
2026-07-31T20:00:00+00:00,52515.08,52570.23,52515.08,52528.82,6477
2026-07-31T20:30:00+00:00,52528.82,52528.82,52505.82,52507.57,1342
2026-08-02T22:00:00+00:00,52507.57,52761.01,52507.57,52733.51,4218
2026-08-02T22:30:00+00:00,52733.51,52741.51,52677.01,52682.51,2091
2026-08-02T23:00:00+00:00,52682.51,52709.01,52675.01,52700.51,1474
2026-08-02T23:30:00+00:00,52700.51,52728.01,52681.51,52705.51,2696
2026-08-03T00:00:00+00:00,52705.51,52728.01,52668.01,52708.51,5363
2026-08-03T00:30:00+00:00,52708.51,52741.01,52707.01,52732.01,3346
2026-08-03T01:00:00+00:00,52732.01,52761.51,52711.51,52757.01,2608
2026-08-03T01:30:00+00:00,52757.01,52779.01,52747.51,52760.01,1628
2026-08-03T02:00:00+00:00,52760.01,52779.01,52756.51,52757.01,1249
2026-08-03T02:30:00+00:00,52757.01,52781.51,52747.51,52778.01,983
2026-08-03T03:00:00+00:00,52778.01,52788.01,52764.51,52765.51,763
2026-08-03T03:30:00+00:00,52765.51,52810.01,52762.01,52795.01,1181
2026-08-03T04:00:00+00:00,52795.01,52819.01,52790.51,52817.01,727
2026-08-03T04:30:00+00:00,52817.01,52829.51,52805.51,52812.51,700
2026-08-03T05:00:00+00:00,52812.51,52825.51,52805.51,52813.01,952
2026-08-03T05:30:00+00:00,52813.01,52816.01,52794.01,52803.51,714
2026-08-03T06:00:00+00:00,52803.51,52832.51,52772.51,52780.51,1719
2026-08-03T06:30:00+00:00,52780.51,52801.51,52775.01,52781.51,1536
2026-08-03T07:00:00+00:00,52781.51,52818.01,52736.51,52792.51,6775
2026-08-03T07:30:00+00:00,52792.51,52848.01,52775.51,52842.01,3517
2026-08-03T08:00:00+00:00,52842.01,52842.01,52809.51,52839.01,4715
2026-08-03T08:30:00+00:00,52839.01,52882.01,52814.51,52882.01,3748
2026-08-03T09:00:00+00:00,52882.01,52888.51,52839.51,52855.51,3103
2026-08-03T09:30:00+00:00,52855.51,52895.01,52852.51,52865.01,2725
2026-08-03T10:00:00+00:00,52865.01,52954.51,52852.51,52936.01,3150
2026-08-03T10:30:00+00:00,52936.01,52968.01,52921.51,52948.01,2586
2026-08-03T11:00:00+00:00,52948.01,53044.51,52940.51,53042.01,4281
2026-08-03T11:30:00+00:00,53042.01,53096.01,53036.01,53061.01,4720
2026-08-03T12:00:00+00:00,53061.01,53106.51,53038.51,53088.51,5423
2026-08-03T12:30:00+00:00,53088.51,53209.51,53081.51,53194.01,5737
2026-08-03T13:00:00+00:00,53194.01,53221.01,53047.01,53052.01,7468
2026-08-03T13:30:00+00:00,53052.01,53207.36,53022.36,53160.26,31259
2026-08-03T14:00:00+00:00,53160.26,53268.36,53148.86,53153.36,24182
2026-08-03T14:30:00+00:00,53153.36,53159.36,53075.36,53092.36,18938
2026-08-03T15:00:00+00:00,53092.36,53115.36,53032.86,53070.36,14682
2026-08-03T15:30:00+00:00,53070.36,53109.36,53045.36,53063.36,11930
2026-08-03T16:00:00+00:00,53063.36,53073.36,53020.36,53068.36,9513
2026-08-03T16:30:00+00:00,53068.36,53069.36,52977.36,53005.36,9095
2026-08-03T17:00:00+00:00,53005.36,53044.36,52968.36,53029.36,7938
2026-08-03T17:30:00+00:00,53029.36,53138.36,53028.36,53120.36,7445
2026-08-03T18:00:00+00:00,53120.36,53185.86,53115.36,53165.36,9365
2026-08-03T18:30:00+00:00,53165.36,53202.36,53127.86,53170.36,7440
2026-08-03T19:00:00+00:00,53170.36,53239.36,53170.36,53225.36,7839
2026-08-03T19:30:00+00:00,53225.36,53266.36,53204.86,53224.36,12919
2026-08-03T20:00:00+00:00,53224.36,53303.01,53224.36,53276.01,3045
2026-08-03T20:30:00+00:00,53276.01,53300.01,53276.01,53283.76,1007
2026-08-03T22:00:00+00:00,53283.76,53306.34,53262.59,53302.84,1794
2026-08-03T22:30:00+00:00,53302.84,53331.34,53302.84,53318.84,549.5015585151601
2026-08-03T23:00:00+00:00,53318.84,53326.84,53294.84,53298.84,466
2026-08-03T23:30:00+00:00,53298.84,53313.34,53291.34,53299.84,681
2026-08-04T00:00:00+00:00,53299.84,53329.84,53288.34,53315.34,3011
2026-08-04T00:30:00+00:00,53315.34,53355.34,53315.34,53333.34,2252
2026-08-04T01:00:00+00:00,53333.34,53366.84,53328.34,53359.34,1615
2026-08-04T01:30:00+00:00,53359.34,53363.84,53344.34,53349.84,1673
2026-08-04T02:00:00+00:00,53349.84,53372.34,53337.84,53365.34,1870
2026-08-04T02:30:00+00:00,53365.34,53381.34,53360.34,53365.34,1059
2026-08-04T03:00:00+00:00,53365.34,53376.34,53354.84,53372.84,1455
2026-08-04T03:30:00+00:00,53372.84,53383.84,53360.84,53374.34,1368
2026-08-04T04:00:00+00:00,53374.34,53374.84,53359.34,53366.84,750
2026-08-04T04:30:00+00:00,53366.84,53372.84,53349.34,53351.84,582
2026-08-04T05:00:00+00:00,53351.84,53357.34,53339.34,53340.34,963
2026-08-04T05:30:00+00:00,53340.34,53359.34,53326.34,53331.34,1222
2026-08-04T06:00:00+00:00,53331.34,53365.84,53322.34,53332.84,1736
2026-08-04T06:30:00+00:00,53332.84,53337.34,53309.34,53316.84,1398
2026-08-04T07:00:00+00:00,53316.84,53348.34,53293.34,53303.34,3431
2026-08-04T07:30:00+00:00,53303.34,53324.34,53289.34,53317.84,2609
2026-08-04T08:00:00+00:00,53317.84,53327.84,53280.34,53325.84,4287
2026-08-04T08:30:00+00:00,53325.84,53326.84,53229.84,53251.84,3972
2026-08-04T09:00:00+00:00,53251.84,53294.34,53240.84,53281.34,3913
2026-08-04T09:30:00+00:00,53281.34,53306.34,53253.84,53298.84,3116
2026-08-04T10:00:00+00:00,53298.84,53299.84,53227.34,53234.84,2852
2026-08-04T10:30:00+00:00,53234.84,53586.84,53208.34,53536.34,14421
2026-08-04T11:00:00+00:00,53536.34,53649.34,53485.84,53645.34,8625
2026-08-04T11:30:00+00:00,53645.34,53833.84,53639.84,53800.84,11489
2026-08-04T12:00:00+00:00,53800.84,53889.84,53788.34,53875.84,7893
2026-08-04T12:30:00+00:00,53875.84,53921.84,53839.34,53840.84,5269
2026-08-04T13:00:00+00:00,53840.84,53973.84,53802.84,53894.59,10255
2026-08-04T13:30:00+00:00,53894.59,54009.19,53697.69,53748.59,37019
2026-08-04T14:00:00+00:00,53748.59,53958.69,53738.69,53756.69,26985
2026-08-04T14:30:00+00:00,53756.69,54049.69,53749.69,54023.19,19501
2026-08-04T15:00:00+00:00,54023.19,54046.69,53981.69,54007.69,14163
2026-08-04T15:30:00+00:00,54007.69,54148.69,53975.69,54086.69,14133
2026-08-04T16:00:00+00:00,54086.69,54170.19,54081.69,54155.69,10665
2026-08-04T16:30:00+00:00,54155.69,54209.69,54140.69,54191.69,8744
2026-08-04T17:00:00+00:00,54191.69,54267.69,54184.69,54210.19,10628
2026-08-04T17:30:00+00:00,54210.19,54314.69,54193.69,54221.69,12802
2026-08-04T18:00:00+00:00,54221.69,54247.69,54186.69,54230.69,13870
2026-08-04T18:30:00+00:00,54230.69,54234.69,54177.19,54218.69,11093
2026-08-04T19:00:00+00:00,54218.69,54279.69,54216.69,54223.69,11373
2026-08-04T19:30:00+00:00,54223.69,54271.69,54130.69,54146.69,15792
2026-08-04T20:00:00+00:00,54146.69,54277.34,54146.69,54211.34,8984
2026-08-04T20:30:00+00:00,54211.34,54272.84,54211.34,54265.59,4305
2026-08-04T22:00:00+00:00,54265.59,54269.6,54238.1,54267.6,1334
2026-08-04T22:30:00+00:00,54267.6,54280.6,54259.6,54270.6,1275
2026-08-04T23:00:00+00:00,54270.6,54278.1,54254.1,54254.6,653
2026-08-04T23:30:00+00:00,54254.6,54258.6,54239.1,54242.6,1612
2026-08-05T00:00:00+00:00,54242.6,54284.6,54238.6,54276.6,2430
2026-08-05T00:30:00+00:00,54276.6,54291.6,54247.1,54291.6,1744
2026-08-05T01:00:00+00:00,54291.6,54291.6,54252.6,54257.1,1544
2026-08-05T01:30:00+00:00,54257.1,54289.1,54255.1,54285.1,1332
2026-08-05T02:00:00+00:00,54285.1,54347.6,54280.6,54338.6,1506
2026-08-05T02:30:00+00:00,54338.6,54357.1,54330.6,54342.1,1405
2026-08-05T03:00:00+00:00,54342.1,54364.6,54333.1,54337.6,1204
2026-08-05T03:30:00+00:00,54337.6,54386.6,54330.6,54383.6,1262
2026-08-05T04:00:00+00:00,54383.6,54394.1,54354.6,54362.6,1063
2026-08-05T04:30:00+00:00,54362.6,54374.1,54352.6,54353.6,797
2026-08-05T05:00:00+00:00,54353.6,54377.6,54343.1,54368.6,926
2026-08-05T05:30:00+00:00,54368.6,54392.6,54368.1,54368.6,1176
2026-08-05T06:00:00+00:00,54368.6,54370.1,54305.1,54314.1,1694
2026-08-05T06:30:00+00:00,54314.1,54333.6,54305.1,54331.1,2283
2026-08-05T07:00:00+00:00,54331.1,54333.6,54270.6,54270.6,3772
2026-08-05T07:30:00+00:00,54270.6,54299.1,54251.1,54297.6,2868
2026-08-05T08:00:00+00:00,54297.6,54328.6,54256.1,54287.1,3926
2026-08-05T08:30:00+00:00,54287.1,54300.6,54255.6,54286.1,4109
2026-08-05T09:00:00+00:00,54286.1,54310.6,54274.6,54302.1,2611
2026-08-05T09:30:00+00:00,54302.1,54317.1,54286.1,54290.1,2535
2026-08-05T10:00:00+00:00,54290.1,54319.1,54282.6,54319.1,2560
2026-08-05T10:30:00+00:00,54319.1,54368.6,54306.1,54355.6,3647
2026-08-05T11:00:00+00:00,54355.6,54398.1,54333.1,54352.1,2890
2026-08-05T11:30:00+00:00,54352.1,54406.6,54335.6,54401.1,3133
2026-08-05T12:00:00+00:00,54401.1,54441.1,54396.6,54405.1,4433
2026-08-05T12:30:00+00:00,54405.1,54409.1,54358.1,54370.1,5242
2026-08-05T13:00:00+00:00,54370.1,54424.6,54346.1,54413.6,5636
2026-08-05T13:30:00+00:00,54413.6,54769.45,54412.95,54766.45,41022
2026-08-05T14:00:00+00:00,54766.45,54776.95,54684.95,54696.95,29032
2026-08-05T14:30:00+00:00,54696.95,54770.95,54636.95,54679.95,26598
2026-08-05T15:00:00+00:00,54679.95,54751.45,54533.45,54569.45,23222
2026-08-05T15:30:00+00:00,54569.45,54613.95,54527.45,54530.95,17342
2026-08-05T16:00:00+00:00,54530.95,54591.45,54511.45,54581.95,17949
2026-08-05T16:30:00+00:00,54581.95,54587.95,54530.95,54574.95,13583
2026-08-05T17:00:00+00:00,54574.95,54589.95,54538.45,54562.45,13478
2026-08-05T17:30:00+00:00,54562.45,54629.45,54551.95,54588.95,10421
2026-08-05T18:00:00+00:00,54588.95,54616.95,54557.45,54562.95,9389
2026-08-05T18:30:00+00:00,54562.95,54563.95,54514.95,54520.95,9268
2026-08-05T19:00:00+00:00,54520.95,54538.95,54502.45,54510.95,9059
2026-08-05T19:30:00+00:00,54510.95,54516.95,54377.45,54381.45,13085
2026-08-05T20:00:00+00:00,54381.45,54470.1,54374.6,54445.1,6200
2026-08-05T20:30:00+00:00,54445.1,54470.1,54441.1,54452.35,1844
2026-08-05T22:00:00+00:00,54452.35,54482.64,54445.14,54478.64,1804
2026-08-05T22:30:00+00:00,54478.64,54488.14,54461.64,54465.64,1139
2026-08-05T23:00:00+00:00,54465.64,54497.14,54465.64,54492.64,759
2026-08-05T23:30:00+00:00,54492.64,54500.64,54472.64,54481.64,1133
2026-08-06T00:00:00+00:00,54481.64,54492.64,54462.64,54468.14,4011
2026-08-06T00:30:00+00:00,54468.14,54494.64,54464.14,54489.14,1973
2026-08-06T01:00:00+00:00,54489.14,54495.14,54447.14,54458.64,1853
2026-08-06T01:30:00+00:00,54458.64,54485.64,54453.14,54482.14,2688
2026-08-06T02:00:00+00:00,54482.14,54523.64,54474.14,54482.14,1840
2026-08-06T02:30:00+00:00,54482.14,54509.64,54478.14,54497.64,2079
2026-08-06T03:00:00+00:00,54497.64,54519.14,54489.14,54493.64,1449
2026-08-06T03:30:00+00:00,54493.64,54513.14,54492.14,54508.14,1491
2026-08-06T04:00:00+00:00,54508.14,54515.14,54501.14,54510.14,835
2026-08-06T04:30:00+00:00,54510.14,54518.64,54502.64,54514.14,1498
2026-08-06T05:00:00+00:00,54514.14,54523.14,54503.64,54514.64,1524
2026-08-06T05:30:00+00:00,54514.64,54533.64,54499.14,54532.64,1482
2026-08-06T06:00:00+00:00,54532.64,54534.14,54475.64,54520.14,2755
2026-08-06T06:30:00+00:00,54520.14,54530.64,54489.64,54527.64,2298
2026-08-06T07:00:00+00:00,54527.64,54559.64,54511.64,54527.64,3420
2026-08-06T07:30:00+00:00,54527.64,54531.64,54477.14,54530.64,2743
2026-08-06T08:00:00+00:00,54530.64,54535.64,54464.64,54533.64,3804
2026-08-06T08:30:00+00:00,54533.64,54565.64,54527.64,54564.64,2843
2026-08-06T09:00:00+00:00,54564.64,54576.14,54538.14,54559.14,2601
2026-08-06T09:30:00+00:00,54559.14,54569.64,54534.64,54567.14,2375
2026-08-06T10:00:00+00:00,54567.14,54568.14,54539.14,54547.64,1984
2026-08-06T10:30:00+00:00,54547.64,54547.64,54510.64,54540.14,1914
2026-08-06T11:00:00+00:00,54540.14,54549.14,54495.14,54540.14,3922
2026-08-06T11:30:00+00:00,54540.14,54544.14,54441.64,54482.14,4267
2026-08-06T12:00:00+00:00,54482.14,54528.64,54460.14,54481.64,4751
2026-08-06T12:30:00+00:00,54481.64,54532.64,54469.39,54492.64,4304
2026-08-06T13:00:00+00:00,54492.64,54516.64,54452.64,54477.64,5725
2026-08-06T13:30:00+00:00,54477.64,54556.49,54313.49,54337.49,39603
2026-08-06T14:00:00+00:00,54337.49,54384.49,54254.49,54286.49,23933
2026-08-06T14:30:00+00:00,54286.49,54323.49,54194.49,54212.49,19385
2026-08-06T15:00:00+00:00,54212.49,54228.49,54058.99,54075.49,17152
2026-08-06T15:30:00+00:00,54075.49,54096.49,53994.49,54022.49,17911
2026-08-06T16:00:00+00:00,54022.49,54039.49,53962.99,54035.49,15062
2026-08-06T16:30:00+00:00,54035.49,54070.49,53992.49,54048.49,12323
2026-08-06T17:00:00+00:00,54048.49,54053.99,53913.49,53914.99,11250
2026-08-06T17:30:00+00:00,53914.99,53961.49,53903.49,53961.49,9821
2026-08-06T18:00:00+00:00,53961.49,54003.49,53950.49,53972.99,9697
2026-08-06T18:30:00+00:00,53972.99,53987.49,53944.49,53951.49,7504
2026-08-06T19:00:00+00:00,53951.49,53994.49,53917.49,53918.49,9100
2026-08-06T19:30:00+00:00,53918.49,53929.49,53862.49,53918.49,14103
2026-08-06T20:00:00+00:00,53918.49,53938.64,53868.64,53876.14,4971
2026-08-06T20:30:00+00:00,53876.14,53885.64,53853.14,53881.89,1918
2026-08-06T22:00:00+00:00,53881.89,53935.37,53881.89,53910.87,611
2026-08-06T22:30:00+00:00,53910.87,53911.37,53889.87,53894.87,1124
2026-08-06T23:00:00+00:00,53894.87,53907.87,53894.37,53897.87,540.5621621621622
2026-08-06T23:30:00+00:00,53897.87,53914.37,53893.37,53905.87,1229
2026-08-07T00:00:00+00:00,53905.87,53910.87,53837.87,53841.37,5090
2026-08-07T00:30:00+00:00,53841.37,53890.37,53840.87,53861.37,3828
2026-08-07T01:00:00+00:00,53861.37,53875.87,53830.87,53857.87,3578
2026-08-07T01:30:00+00:00,53857.87,53873.87,53824.37,53832.87,4254
2026-08-07T02:00:00+00:00,53832.87,53835.87,53812.37,53816.87,1914
2026-08-07T02:30:00+00:00,53816.87,53822.87,53796.87,53811.87,1725
2026-08-07T03:00:00+00:00,53811.87,53823.37,53789.37,53805.37,1307
2026-08-07T03:30:00+00:00,53805.37,53811.87,53793.87,53804.87,1402
2026-08-07T04:00:00+00:00,53804.87,53812.87,53787.37,53798.87,1616
2026-08-07T04:30:00+00:00,53798.87,53815.37,53789.87,53813.37,1639
2026-08-07T05:00:00+00:00,53813.37,53835.87,53811.37,53821.37,1801
2026-08-07T05:30:00+00:00,53821.37,53825.87,53814.87,53817.37,1169
2026-08-07T06:00:00+00:00,53817.37,53872.87,53813.87,53861.37,2094
2026-08-07T06:30:00+00:00,53861.37,53878.87,53827.87,53873.87,1845
2026-08-07T07:00:00+00:00,53873.87,53904.87,53869.37,53897.87,3319
2026-08-07T07:30:00+00:00,53897.87,53902.37,53851.87,53861.37,2673
2026-08-07T08:00:00+00:00,53861.37,53889.87,53841.37,53852.87,3603
2026-08-07T08:30:00+00:00,53852.87,53893.87,53848.37,53891.37,2854
2026-08-07T09:00:00+00:00,53891.37,53916.87,53878.87,53904.87,2343
2026-08-07T09:30:00+00:00,53904.87,53931.87,53898.87,53925.37,2164
2026-08-07T10:00:00+00:00,53925.37,53950.87,53918.87,53950.37,2227
2026-08-07T10:30:00+00:00,53950.37,53966.37,53936.37,53952.37,1631
2026-08-07T11:00:00+00:00,53952.37,53977.37,53940.87,53966.87,2595
2026-08-07T11:30:00+00:00,53966.87,54001.37,53957.37,53957.37,3208
2026-08-07T12:00:00+00:00,53957.37,53995.37,53947.37,53986.87,4671
2026-08-07T12:30:00+00:00,53986.87,54107.37,53986.87,54068.37,16123
2026-08-07T13:00:00+00:00,54068.37,54070.37,53938.87,53959.87,8945
2026-08-07T13:30:00+00:00,53959.87,54051.22,53816.72,53979.72,38304
2026-08-07T14:00:00+00:00,53979.72,54105.22,53928.72,54101.22,27232
2026-08-07T14:30:00+00:00,54101.22,54102.72,53988.22,54062.22,21261
2026-08-07T15:00:00+00:00,54062.22,54062.22,54010.72,54016.22,13697
2026-08-07T15:30:00+00:00,54016.22,54021.22,53959.22,53966.22,12017
2026-08-07T16:00:00+00:00,53966.22,54013.72,53913.72,53935.72,11840
2026-08-07T16:30:00+00:00,53935.72,54007.22,53907.22,53966.22,11426
2026-08-07T17:00:00+00:00,53966.22,54019.22,53963.22,53991.22,7606
2026-08-07T17:30:00+00:00,53991.22,54009.72,53968.72,53991.72,6780
2026-08-07T18:00:00+00:00,53991.72,54001.22,53935.22,53948.22,7272
2026-08-07T18:30:00+00:00,53948.22,53981.22,53924.72,53978.72,6165
2026-08-07T19:00:00+00:00,53978.72,54097.22,53978.72,54086.72,9693
2026-08-07T19:30:00+00:00,54086.72,54101.22,54027.22,54058.72,11729
2026-08-07T20:00:00+00:00,54058.72,54074.87,54026.87,54028.37,3237
2026-08-07T20:30:00+00:00,54028.37,54041.87,54022.87,54026.62,881
2026-08-09T22:00:00+00:00,54026.62,54037.51,53908.51,53943.51,3252
2026-08-09T22:30:00+00:00,53943.51,53954.51,53927.51,53939.51,1116
2026-08-09T23:00:00+00:00,53939.51,53953.51,53932.51,53944.51,678
2026-08-09T23:30:00+00:00,53944.51,53946.01,53906.01,53906.51,1306
2026-08-10T00:00:00+00:00,53906.51,53960.51,53901.51,53928.01,4161
2026-08-10T00:30:00+00:00,53928.01,53962.01,53926.51,53958.51,2412
2026-08-10T01:00:00+00:00,53958.51,53989.51,53952.51,53981.01,2569
2026-08-10T01:30:00+00:00,53981.01,53981.01,53961.51,53971.01,2054
2026-08-10T02:00:00+00:00,53971.01,53982.51,53964.01,53975.01,1191
2026-08-10T02:30:00+00:00,53975.01,53999.51,53975.01,53987.01,1126
2026-08-10T03:00:00+00:00,53987.01,53999.51,53980.51,53997.01,877
2026-08-10T03:30:00+00:00,53997.01,54010.01,53992.01,53996.51,953
2026-08-10T04:00:00+00:00,53996.51,54020.51,53991.51,54014.51,1282
2026-08-10T04:30:00+00:00,54014.51,54039.01,54001.51,54034.51,1272.855132450331
2026-08-10T05:00:00+00:00,54034.51,54052.01,54031.01,54039.51,1135
2026-08-10T05:30:00+00:00,54039.51,54052.51,54036.01,54042.01,908
2026-08-10T06:00:00+00:00,54042.01,54056.01,54017.01,54020.51,1918
2026-08-10T06:30:00+00:00,54020.51,54049.01,54007.51,54045.01,2136
2026-08-10T07:00:00+00:00,54045.01,54060.01,54006.51,54059.51,3832
2026-08-10T07:30:00+00:00,54059.51,54074.01,54024.51,54036.51,3251
2026-08-10T08:00:00+00:00,54036.51,54045.51,54008.51,54018.51,3980
2026-08-10T08:30:00+00:00,54018.51,54029.51,53999.01,54011.01,2689
2026-08-10T09:00:00+00:00,54011.01,54042.51,54006.01,54042.51,2110
2026-08-10T09:30:00+00:00,54042.51,54049.01,54014.51,54019.01,1788
2026-08-10T10:00:00+00:00,54019.01,54053.51,54006.01,54032.51,2155
2026-08-10T10:30:00+00:00,54032.51,54041.01,53984.01,53995.01,2803
2026-08-10T11:00:00+00:00,53995.01,54002.01,53953.01,53982.51,3571
2026-08-10T11:30:00+00:00,53982.51,53999.51,53975.51,53985.51,3061
2026-08-10T12:00:00+00:00,53985.51,54029.01,53985.01,54003.01,3549
2026-08-10T12:30:00+00:00,54003.01,54013.01,53921.01,53968.01,4703
2026-08-10T13:00:00+00:00,53968.01,53985.51,53885.51,53939.01,7061
2026-08-10T13:30:00+00:00,53939.01,54033.36,53869.86,53954.36,41981
2026-08-10T14:00:00+00:00,53954.36,54009.36,53894.26,53993.36,20680
2026-08-10T14:30:00+00:00,53993.36,54060.86,53958.86,54001.36,15462
2026-08-10T15:00:00+00:00,54001.36,54070.36,53979.86,54041.36,12981
2026-08-10T15:30:00+00:00,54041.36,54052.36,53967.36,54025.36,10638
2026-08-10T16:00:00+00:00,54025.36,54029.36,53931.36,53963.36,8554
2026-08-10T16:30:00+00:00,53963.36,53967.86,53855.26,53945.86,12596
2026-08-10T17:00:00+00:00,53945.86,53950.36,53892.26,53914.36,7425
2026-08-10T17:30:00+00:00,53914.36,53922.86,53886.36,53905.36,6647
2026-08-10T18:00:00+00:00,53905.36,53923.36,53868.86,53878.36,5387
2026-08-10T18:30:00+00:00,53878.36,53915.86,53860.36,53899.36,5996
2026-08-10T19:00:00+00:00,53899.36,53921.36,53878.36,53882.36,5186
2026-08-10T19:30:00+00:00,53882.36,53980.36,53869.86,53968.36,9632
2026-08-10T20:00:00+00:00,53968.36,53970.01,53920.51,53937.01,2901
2026-08-10T20:30:00+00:00,53937.01,53964.51,53934.51,53963.26,2098
2026-08-10T22:00:00+00:00,53963.26,53979.61,53922.61,53926.61,1063
2026-08-10T22:30:00+00:00,53926.61,53927.61,53913.61,53926.11,896
2026-08-10T23:00:00+00:00,53926.11,53933.11,53911.11,53912.11,1050
2026-08-10T23:30:00+00:00,53912.11,53928.61,53903.11,53928.11,1451
2026-08-11T00:00:00+00:00,53928.11,53931.11,53912.11,53929.11,2314
2026-08-11T00:30:00+00:00,53929.11,53945.61,53923.61,53934.61,1025
2026-08-11T01:00:00+00:00,53934.61,53958.61,53925.11,53957.11,1348
2026-08-11T01:30:00+00:00,53957.11,53961.11,53932.61,53932.61,1016
2026-08-11T02:00:00+00:00,53932.61,53949.61,53931.11,53946.61,627
2026-08-11T02:30:00+00:00,53946.61,53959.61,53944.11,53953.11,563
2026-08-11T03:00:00+00:00,53953.11,53988.11,53951.61,53984.11,477
2026-08-11T03:30:00+00:00,53984.11,53985.11,53968.61,53971.11,426
2026-08-11T04:00:00+00:00,53971.11,53977.11,53964.61,53972.11,377
2026-08-11T04:30:00+00:00,53972.11,53989.61,53969.11,53970.61,539
2026-08-11T05:00:00+00:00,53970.61,53975.61,53957.61,53966.61,565
2026-08-11T05:30:00+00:00,53966.61,53984.61,53940.11,53940.61,901
2026-08-11T06:00:00+00:00,53940.61,53967.11,53903.61,53905.61,1581
2026-08-11T06:30:00+00:00,53905.61,53922.61,53854.11,53921.11,3316
2026-08-11T07:00:00+00:00,53921.11,53946.11,53885.61,53903.11,3573
2026-08-11T07:30:00+00:00,53903.11,53930.11,53890.11,53911.11,2262
2026-08-11T08:00:00+00:00,53911.11,53937.61,53874.61,53899.11,3459
2026-08-11T08:30:00+00:00,53899.11,53932.61,53894.11,53906.11,2458
2026-08-11T09:00:00+00:00,53906.11,53921.11,53880.11,53902.11,2439
2026-08-11T09:30:00+00:00,53902.11,53929.11,53902.11,53915.11,2025
2026-08-11T10:00:00+00:00,53915.11,53973.11,53896.11,53952.11,3505
2026-08-11T10:30:00+00:00,53952.11,53969.11,53933.61,53953.11,2623
2026-08-11T11:00:00+00:00,53953.11,54036.11,53939.61,53999.11,8871
2026-08-11T11:30:00+00:00,53999.11,54021.61,53987.61,54017.11,2734
2026-08-11T12:00:00+00:00,54017.11,54053.61,53972.61,53999.61,4408
2026-08-11T12:30:00+00:00,53999.61,54027.11,53983.61,54027.11,2801
2026-08-11T13:00:00+00:00,54027.11,54083.61,54021.61,54059.61,4390
2026-08-11T13:30:00+00:00,54059.61,54240.46,54009.96,54179.96,34294
2026-08-11T14:00:00+00:00,54179.96,54211.46,54026.96,54058.96,21555
2026-08-11T14:30:00+00:00,54058.96,54062.96,53960.96,53991.96,16392
2026-08-11T15:00:00+00:00,53991.96,54016.96,53924.46,53967.96,11585
2026-08-11T15:30:00+00:00,53967.96,53971.46,53913.46,53948.96,11014
2026-08-11T16:00:00+00:00,53948.96,53973.96,53905.96,53922.96,7999
2026-08-11T16:30:00+00:00,53922.96,53926.96,53887.46,53900.96,6438
2026-08-11T17:00:00+00:00,53900.96,53906.96,53862.96,53875.96,6817
2026-08-11T17:30:00+00:00,53875.96,53905.46,53870.96,53898.96,5483
2026-08-11T18:00:00+00:00,53898.96,53899.96,53813.96,53818.96,6869
2026-08-11T18:30:00+00:00,53818.96,53856.96,53814.46,53816.96,6786
2026-08-11T19:00:00+00:00,53816.96,53820.96,53780.46,53813.46,6047
2026-08-11T19:30:00+00:00,53813.46,53846.96,53759.46,53797.96,10942
2026-08-11T20:00:00+00:00,53797.96,53821.61,53785.61,53821.11,2414
2026-08-11T20:30:00+00:00,53821.11,53830.61,53801.61,53808.86,1160
2026-08-11T22:00:00+00:00,53808.86,53824.93,53797.93,53807.93,672
2026-08-11T22:30:00+00:00,53807.93,53811.43,53794.93,53802.43,698
2026-08-11T23:00:00+00:00,53802.43,53813.43,53800.43,53809.43,464.25930101465616
2026-08-11T23:30:00+00:00,53809.43,53818.43,53796.93,53810.43,628
2026-08-12T00:00:00+00:00,53810.43,53812.43,53781.43,53788.43,3532
2026-08-12T00:30:00+00:00,53788.43,53794.43,53764.93,53778.43,2451
2026-08-12T01:00:00+00:00,53778.43,53783.93,53765.43,53775.43,1871
2026-08-12T01:30:00+00:00,53775.43,53780.43,53763.43,53769.93,1457
2026-08-12T02:00:00+00:00,53769.93,53796.43,53769.93,53793.43,954
2026-08-12T02:30:00+00:00,53793.43,53800.43,53787.43,53798.93,750
2026-08-12T03:00:00+00:00,53798.93,53803.43,53787.43,53796.93,649.0055443222011
2026-08-12T03:30:00+00:00,53796.93,53799.43,53783.93,53796.93,1091
2026-08-12T04:00:00+00:00,53796.93,53802.43,53788.93,53797.93,517
2026-08-12T04:30:00+00:00,53797.93,53811.43,53791.43,53807.93,537
2026-08-12T05:00:00+00:00,53807.93,53813.43,53795.43,53812.93,794
2026-08-12T05:30:00+00:00,53812.93,53820.93,53804.93,53805.93,697
2026-08-12T06:00:00+00:00,53805.93,53810.43,53780.43,53806.93,1280
2026-08-12T06:30:00+00:00,53806.93,53826.43,53803.43,53823.43,1568
2026-08-12T07:00:00+00:00,53823.43,53823.93,53794.93,53799.93,2526
2026-08-12T07:30:00+00:00,53799.93,53823.43,53790.93,53801.93,2083
2026-08-12T08:00:00+00:00,53801.93,53815.43,53783.93,53792.43,2640
2026-08-12T08:30:00+00:00,53792.43,53798.93,53771.93,53786.43,1896
2026-08-12T09:00:00+00:00,53786.43,53881.93,53784.43,53847.43,3858
2026-08-12T09:30:00+00:00,53847.43,53895.43,53830.93,53853.43,3569
2026-08-12T10:00:00+00:00,53853.43,53876.43,53842.93,53842.93,1904
2026-08-12T10:30:00+00:00,53842.93,53861.93,53788.93,53846.43,3914
2026-08-12T11:00:00+00:00,53846.43,53874.93,53824.93,53871.93,2215
2026-08-12T11:30:00+00:00,53871.93,53904.93,53859.93,53884.93,2422
2026-08-12T12:00:00+00:00,53884.93,53964.93,53858.43,53963.93,4108
2026-08-12T12:30:00+00:00,53963.93,54058.43,53852.18,53951.43,15117
2026-08-12T13:00:00+00:00,53951.43,53994.43,53924.43,53962.43,7998
2026-08-12T13:30:00+00:00,53962.43,53992.28,53794.28,53797.78,41958
2026-08-12T14:00:00+00:00,53797.78,53882.28,53752.78,53850.28,22700
2026-08-12T14:30:00+00:00,53850.28,53874.78,53755.18,53793.28,19338
2026-08-12T15:00:00+00:00,53793.28,53810.28,53752.28,53802.28,12389
2026-08-12T15:30:00+00:00,53802.28,53832.28,53763.28,53817.78,9325
2026-08-12T16:00:00+00:00,53817.78,53856.28,53811.28,53821.28,7454
2026-08-12T16:30:00+00:00,53821.28,53846.78,53809.28,53825.78,6597
2026-08-12T17:00:00+00:00,53825.78,53849.28,53793.28,53814.28,5842
2026-08-12T17:30:00+00:00,53814.28,53843.28,53803.78,53820.28,5483
2026-08-12T18:00:00+00:00,53820.28,53830.18,53808.18,53810.68,5014.561291727931
2026-08-12T18:30:00+00:00,53810.68,53867.18,53810.68,53836.68,4591
2026-08-12T19:00:00+00:00,53836.68,53868.68,53813.18,53828.68,4649
2026-08-12T19:30:00+00:00,53828.68,53852.68,53762.68,53775.68,9788
2026-08-12T20:00:00+00:00,53775.68,53854.83,53770.83,53780.83,5288
2026-08-12T20:30:00+00:00,53780.83,53791.83,53765.33,53774.58,2293
2026-08-12T22:00:00+00:00,53774.58,53809.33,53770.58,53794.83,1430
2026-08-12T22:30:00+00:00,53794.83,53802.82000000001,53785.83,53795.82000000001,508
2026-08-12T23:00:00+00:00,53795.82000000001,53818.32000000001,53794.82000000001,53815.82000000001,560
2026-08-12T23:30:00+00:00,53815.82000000001,53816.82000000001,53790.82000000001,53792.82000000001,1119
2026-08-13T00:00:00+00:00,53792.82000000001,53800.82000000001,53751.82000000001,53752.32000000001,2993
2026-08-13T00:30:00+00:00,53752.32000000001,53769.82000000001,53743.32000000001,53760.82000000001,1675
2026-08-13T01:00:00+00:00,53760.82000000001,53762.32000000001,53718.32000000001,53722.82000000001,1941
2026-08-13T01:30:00+00:00,53722.82000000001,53752.32000000001,53722.32000000001,53741.82000000001,1195
2026-08-13T02:00:00+00:00,53741.82000000001,53757.32000000001,53740.82000000001,53742.32000000001,1104
2026-08-13T02:30:00+00:00,53742.32000000001,53761.32000000001,53735.82000000001,53751.32000000001,1009
2026-08-13T03:00:00+00:00,53751.32000000001,53752.82000000001,53742.82000000001,53747.32000000001,728.2105734767025
2026-08-13T03:30:00+00:00,53747.32000000001,53768.32000000001,53740.82000000001,53762.32000000001,653
2026-08-13T04:00:00+00:00,53762.32000000001,53774.82000000001,53754.82000000001,53770.32000000001,784
2026-08-13T04:30:00+00:00,53770.32000000001,53783.32000000001,53766.82000000001,53774.32000000001,598
2026-08-13T05:00:00+00:00,53774.32000000001,53787.32000000001,53772.82000000001,53785.32000000001,806
2026-08-13T05:30:00+00:00,53785.32000000001,53793.82000000001,53777.32000000001,53787.32000000001,799
2026-08-13T06:00:00+00:00,53787.32000000001,53815.82000000001,53786.32000000001,53806.82000000001,1090
2026-08-13T06:30:00+00:00,53806.82000000001,53826.32000000001,53793.82000000001,53821.82000000001,1297
2026-08-13T07:00:00+00:00,53821.82000000001,53834.32000000001,53805.82000000001,53824.82000000001,2196
2026-08-13T07:30:00+00:00,53824.82000000001,53856.82000000001,53823.82000000001,53838.82000000001,1981
2026-08-13T08:00:00+00:00,53838.82000000001,53889.82000000001,53820.82000000001,53882.32000000001,2836
2026-08-13T08:30:00+00:00,53882.32000000001,53901.82000000001,53879.82000000001,53895.82000000001,1737
2026-08-13T09:00:00+00:00,53895.82000000001,53936.32000000001,53891.82000000001,53925.32000000001,2126
2026-08-13T09:30:00+00:00,53925.32000000001,53926.82000000001,53900.32000000001,53902.32000000001,1383
2026-08-13T10:00:00+00:00,53902.32000000001,53936.82000000001,53884.82000000001,53893.32000000001,1696
2026-08-13T10:30:00+00:00,53893.32000000001,53908.32000000001,53889.32000000001,53903.32000000001,1057
2026-08-13T11:00:00+00:00,53903.32000000001,53925.82000000001,53894.32000000001,53920.82000000001,1689
2026-08-13T11:30:00+00:00,53920.82000000001,53959.32000000001,53919.32000000001,53923.32000000001,1777
2026-08-13T12:00:00+00:00,53923.32000000001,53961.32000000001,53895.32000000001,53922.32000000001,3400
2026-08-13T12:30:00+00:00,53922.32000000001,53973.32000000001,53889.82000000001,53972.82000000001,5850
2026-08-13T13:00:00+00:00,53972.82000000001,53985.32000000001,53920.82000000001,53941.82000000001,5639
2026-08-13T13:30:00+00:00,53941.82000000001,53999.170000000006,53850.670000000006,53913.170000000006,36051
2026-08-13T14:00:00+00:00,53913.170000000006,54063.670000000006,53911.170000000006,54025.670000000006,21154
2026-08-13T14:30:00+00:00,54025.670000000006,54030.670000000006,53819.170000000006,53854.670000000006,18919
2026-08-13T15:00:00+00:00,53854.670000000006,53882.670000000006,53630.170000000006,53657.170000000006,18328
2026-08-13T15:30:00+00:00,53657.170000000006,53729.670000000006,53649.670000000006,53674.670000000006,14774
2026-08-13T16:00:00+00:00,53674.670000000006,53729.670000000006,53671.170000000006,53728.670000000006,9442
2026-08-13T16:30:00+00:00,53728.670000000006,53753.170000000006,53715.670000000006,53737.670000000006,7043
2026-08-13T17:00:00+00:00,53737.670000000006,53779.670000000006,53732.670000000006,53760.670000000006,5930
2026-08-13T17:30:00+00:00,53760.670000000006,53768.170000000006,53722.670000000006,53758.170000000006,6270
2026-08-13T18:00:00+00:00,53758.170000000006,53808.670000000006,53758.170000000006,53775.670000000006,5683
2026-08-13T18:30:00+00:00,53775.670000000006,53834.670000000006,53768.670000000006,53789.670000000006,6554
2026-08-13T19:00:00+00:00,53789.670000000006,53857.670000000006,53788.670000000006,53840.170000000006,6395
2026-08-13T19:30:00+00:00,53840.170000000006,53868.670000000006,53818.670000000006,53851.670000000006,9852
2026-08-13T20:00:00+00:00,53851.670000000006,53868.82000000001,53834.82000000001,53844.32000000001,2789
2026-08-13T20:30:00+00:00,53844.32000000001,53883.32000000001,53844.32000000001,53878.07000000001,1408
2026-08-13T22:00:00+00:00,53878.07000000001,53890.86,53856.86,53867.86,1224
2026-08-13T22:30:00+00:00,53867.86,53869.36,53847.11,53861.36,379.45868365344194
2026-08-13T23:00:00+00:00,53861.36,53873.36,53858.350000000006,53869.36,368.71070091819183
2026-08-13T23:30:00+00:00,53869.36,53881.36,53866.86,53867.86,805
2026-08-14T00:00:00+00:00,53867.86,53877.86,53857.86,53857.86,1247
2026-08-14T00:30:00+00:00,53857.86,53880.36,53839.86,53876.86,927
2026-08-14T01:00:00+00:00,53876.86,53888.36,53869.86,53879.36,1282
2026-08-14T01:30:00+00:00,53879.36,53905.86,53876.86,53901.86,763
2026-08-14T02:00:00+00:00,53901.86,53914.86,53900.36,53905.36,732
2026-08-14T02:30:00+00:00,53905.36,53907.86,53884.86,53889.86,635
2026-08-14T03:00:00+00:00,53889.86,53908.86,53887.36,53904.86,462
2026-08-14T03:30:00+00:00,53904.86,53906.86,53882.36,53884.86,452
2026-08-14T04:00:00+00:00,53884.86,53892.86,53883.36,53886.86,446.6429819452534
2026-08-14T04:30:00+00:00,53886.86,53888.86,53878.36,53882.86,490
2026-08-14T05:00:00+00:00,53882.86,53885.86,53871.86,53876.86,642
2026-08-14T05:30:00+00:00,53876.86,53877.36,53857.36,53857.86,486.235594456601
2026-08-14T06:00:00+00:00,53857.86,53860.36,53829.86,53832.36,888
2026-08-14T06:30:00+00:00,53832.36,53840.36,53811.86,53813.86,675
2026-08-14T07:00:00+00:00,53813.86,53821.36,53764.86,53774.36,2106
2026-08-14T07:30:00+00:00,53774.36,53811.86,53769.36,53792.86,1467
2026-08-14T08:00:00+00:00,53792.86,53796.36,53739.86,53776.36,2833
2026-08-14T08:30:00+00:00,53776.36,53796.86,53764.36,53778.86,1659
2026-08-14T09:00:00+00:00,53778.86,53796.86,53762.36,53770.86,1575
2026-08-14T09:30:00+00:00,53770.86,53787.36,53749.36,53787.36,1632
2026-08-14T10:00:00+00:00,53787.36,53803.86,53777.36,53787.86,1220
2026-08-14T10:30:00+00:00,53787.86,53791.36,53760.36,53774.86,1480
2026-08-14T11:00:00+00:00,53774.86,53776.36,53714.36,53745.36,2067
2026-08-14T11:30:00+00:00,53745.36,53792.36,53745.36,53763.36,1780
2026-08-14T12:00:00+00:00,53763.36,53779.36,53708.86,53772.11,3562
2026-08-14T12:30:00+00:00,53772.11,53793.36,53753.36,53781.36,3199
2026-08-14T13:00:00+00:00,53781.36,53798.36,53718.86,53778.86,4538
2026-08-14T13:30:00+00:00,53778.86,53872.71000000001,53673.21000000001,53845.71000000001,38216
2026-08-14T14:00:00+00:00,53845.71000000001,53858.71000000001,53776.21000000001,53805.21000000001,18682
2026-08-14T14:30:00+00:00,53805.21000000001,53811.21000000001,53715.21000000001,53733.21000000001,13283
2026-08-14T15:00:00+00:00,53733.21000000001,53776.71000000001,53708.21000000001,53721.21000000001,10695
2026-08-14T15:30:00+00:00,53721.21000000001,53744.21000000001,53672.21000000001,53678.21000000001,8621
2026-08-14T16:00:00+00:00,53678.21000000001,53733.21000000001,53678.21000000001,53711.21000000001,6415
2026-08-14T16:30:00+00:00,53711.21000000001,53737.71000000001,53660.71000000001,53669.21000000001,5901
2026-08-14T17:00:00+00:00,53669.21000000001,53725.21000000001,53668.21000000001,53716.71000000001,5725
2026-08-14T17:30:00+00:00,53716.71000000001,53728.71000000001,53679.21000000001,53718.11000000001,4980.427176849996
2026-08-14T18:00:00+00:00,53718.11000000001,53770.11000000001,53708.61000000001,53760.61000000001,5087
2026-08-14T18:30:00+00:00,53760.61000000001,53803.11000000001,53754.61000000001,53783.61000000001,4740
2026-08-14T19:00:00+00:00,53783.61000000001,53786.61000000001,53745.11000000001,53753.61000000001,4832
2026-08-14T19:30:00+00:00,53753.61000000001,53767.61000000001,53695.61000000001,53731.61000000001,8347
2026-08-14T20:00:00+00:00,53731.61000000001,53732.26,53691.76,53708.7,2073
2026-08-14T20:30:00+00:00,53708.7,53724.7,53704.2,53716.7,481
2026-08-16T22:00:00+00:00,53716.7,53776.43,53716.7,53772.43,1391
2026-08-16T22:30:00+00:00,53772.43,53777.43,53759.93,53765.43,997
2026-08-16T23:00:00+00:00,53765.43,53766.43,53757.43,53760.93,544.5289386532093
2026-08-16T23:30:00+00:00,53760.93,53772.93,53753.43,53759.93,703
2026-08-17T00:00:00+00:00,53759.93,53771.93,53725.43,53729.93,1452
2026-08-17T00:30:00+00:00,53729.93,53731.43,53715.93,53730.43,1068
2026-08-17T01:00:00+00:00,53730.43,53733.93,53702.43,53712.93,1629
2026-08-17T01:30:00+00:00,53712.93,53715.43,53674.43,53677.93,1207
2026-08-17T02:00:00+00:00,53677.93,53683.43,53665.43,53675.93,925
2026-08-17T02:30:00+00:00,53675.93,53676.43,53664.43,53665.93,763
2026-08-17T03:00:00+00:00,53665.93,53683.43,53664.43,53681.43,730
2026-08-17T03:30:00+00:00,53681.43,53692.43,53674.43,53692.43,661
2026-08-17T04:00:00+00:00,53692.43,53699.43,53682.43,53689.43,675
2026-08-17T04:30:00+00:00,53689.43,53701.93,53684.43,53694.93,560
2026-08-17T05:00:00+00:00,53694.93,53701.43,53688.43,53694.43,586.5661971830987
2026-08-17T05:30:00+00:00,53694.43,53716.43,53693.43,53715.43,661
2026-08-17T06:00:00+00:00,53715.43,53733.93,53711.43,53727.93,1157
2026-08-17T06:30:00+00:00,53727.93,53728.43,53697.93,53718.93,1224
2026-08-17T07:00:00+00:00,53718.93,53728.43,53670.43,53709.43,2310
2026-08-17T07:30:00+00:00,53709.43,53724.43,53687.43,53710.43,1675
2026-08-17T08:00:00+00:00,53710.43,53717.93,53634.93,53639.93,2417
2026-08-17T08:30:00+00:00,53639.93,53666.93,53634.93,53666.93,2085
2026-08-17T09:00:00+00:00,53666.93,53700.43,53654.43,53683.93,1820
2026-08-17T09:30:00+00:00,53683.93,53689.93,53651.93,53663.43,1439
2026-08-17T10:00:00+00:00,53663.43,53752.43,53647.43,53746.43,2654
2026-08-17T10:30:00+00:00,53746.43,53752.93,53674.93,53675.43,4960
2026-08-17T11:00:00+00:00,53675.43,53681.43,53646.93,53659.43,2646
2026-08-17T11:30:00+00:00,53659.43,53670.43,53626.93,53635.93,2377
2026-08-17T12:00:00+00:00,53635.93,53641.43,53548.93,53560.18,5099
2026-08-17T12:30:00+00:00,53560.18,53583.93,53554.43,53567.93,4526
2026-08-17T13:00:00+00:00,53567.93,53576.93,53510.93,53515.93,4323
2026-08-17T13:30:00+00:00,53515.93,53663.28,53515.93,53571.78,34197
2026-08-17T14:00:00+00:00,53571.78,53662.28,53549.78,53577.28,18548
2026-08-17T14:30:00+00:00,53577.28,53596.28,53501.28,53521.28,13391
2026-08-17T15:00:00+00:00,53521.28,53590.28,53501.28,53568.78,11163
2026-08-17T15:30:00+00:00,53568.78,53576.28,53513.28,53528.28,8344
2026-08-17T16:00:00+00:00,53528.28,53628.28,53525.78,53599.28,6902
2026-08-17T16:30:00+00:00,53599.28,53606.28,53515.28,53519.28,5679
2026-08-17T17:00:00+00:00,53519.28,53559.28,53471.28,53485.28,8535
2026-08-17T17:30:00+00:00,53485.28,53492.28,53409.28,53451.28,8529
2026-08-17T18:00:00+00:00,53451.28,53502.28,53442.78,53497.28,7855
2026-08-17T18:30:00+00:00,53497.28,53515.28,53463.28,53482.28,5593
2026-08-17T19:00:00+00:00,53482.28,53525.28,53474.28,53493.28,6016
2026-08-17T19:30:00+00:00,53493.28,53507.28,53455.28,53487.28,10061
2026-08-17T20:00:00+00:00,53487.28,53487.28,53448.93,53452.43,2854
2026-08-17T20:30:00+00:00,53452.43,53462.93,53447.93,53456.18,1307
2026-08-17T22:00:00+00:00,53456.18,53474.31,53437.81,53453.81,1085
2026-08-17T22:30:00+00:00,53453.81,53459.81,53448.31,53456.81,817
2026-08-17T23:00:00+00:00,53456.81,53463.81,53448.81,53459.31,690
2026-08-17T23:30:00+00:00,53459.31,53486.31,53458.31,53483.31,1491
2026-08-18T00:00:00+00:00,53483.31,53495.31,53467.31,53474.81,1705
2026-08-18T00:30:00+00:00,53474.81,53475.31,53454.31,53466.31,1139
2026-08-18T01:00:00+00:00,53466.31,53492.81,53462.81,53483.31,1203
2026-08-18T01:30:00+00:00,53483.31,53505.81,53464.81,53505.81,2337
2026-08-18T02:00:00+00:00,53505.81,53507.31,53451.31,53460.31,2810
2026-08-18T02:30:00+00:00,53460.31,53478.31,53451.31,53476.31,2190
2026-08-18T03:00:00+00:00,53476.31,53481.81,53443.31,53448.81,1476
2026-08-18T03:30:00+00:00,53448.81,53461.31,53431.31,53435.81,1724
2026-08-18T04:00:00+00:00,53435.81,53438.31,53406.31,53416.31,1753
2026-08-18T04:30:00+00:00,53416.31,53424.31,53407.31,53418.31,1153
2026-08-18T05:00:00+00:00,53418.31,53422.31,53390.81,53408.31,1380
2026-08-18T05:30:00+00:00,53408.31,53431.31,53401.81,53415.81,1755
2026-08-18T06:00:00+00:00,53415.81,53433.81,53375.31,53421.31,3856
2026-08-18T06:30:00+00:00,53421.31,53477.31,53406.81,53474.81,2397
2026-08-18T07:00:00+00:00,53474.81,53475.81,53418.31,53424.81,4380
2026-08-18T07:30:00+00:00,53424.81,53434.31,53342.31,53346.81,4396
2026-08-18T08:00:00+00:00,53346.81,53390.31,53334.81,53375.31,6719
2026-08-18T08:30:00+00:00,53375.31,53445.81,53374.81,53444.81,4438
2026-08-18T09:00:00+00:00,53444.81,53466.31,53422.81,53442.31,4824
2026-08-18T09:30:00+00:00,53442.31,53468.31,53428.81,53467.31,3819
2026-08-18T10:00:00+00:00,53467.31,53536.31,53465.81,53493.81,4780
2026-08-18T10:30:00+00:00,53493.81,53515.81,53481.31,53482.31,2634
2026-08-18T11:00:00+00:00,53482.31,53502.31,53476.31,53481.81,2990
2026-08-18T11:30:00+00:00,53481.81,53484.81,53432.31,53442.81,2837
2026-08-18T12:00:00+00:00,53442.81,53482.31,53423.81,53430.56,4752
2026-08-18T12:30:00+00:00,53430.56,53460.31,53398.81,53456.31,5103
2026-08-18T13:00:00+00:00,53456.31,53464.31,53383.81,53402.31,6189
2026-08-18T13:30:00+00:00,53402.31,53468.66,53261.66,53421.66,43347
2026-08-18T14:00:00+00:00,53421.66,53467.66,53381.66,53400.66,25395
2026-08-18T14:30:00+00:00,53400.66,53491.66,53399.16,53433.66,20158
2026-08-18T15:00:00+00:00,53433.66,53467.66,53315.66,53345.66,16835
2026-08-18T15:30:00+00:00,53345.66,53394.66,53332.66,53356.16,11756
2026-08-18T16:00:00+00:00,53356.16,53423.66,53351.66,53387.66,8244
2026-08-18T16:30:00+00:00,53387.66,53412.66,53369.66,53382.66,7727
2026-08-18T17:00:00+00:00,53382.66,53413.16,53364.66,53374.66,6645
2026-08-18T17:30:00+00:00,53374.66,53389.66,53344.66,53344.66,5579
2026-08-18T18:00:00+00:00,53344.66,53408.66,53338.66,53404.66,6934
2026-08-18T18:30:00+00:00,53404.66,53429.66,53378.66,53379.66,5613
2026-08-18T19:00:00+00:00,53379.66,53426.66,53373.66,53403.66,5662
2026-08-18T19:30:00+00:00,53403.66,53422.66,53333.16,53356.66,9761
2026-08-18T20:00:00+00:00,53356.66,53363.81,53339.31,53357.81,2718
2026-08-18T20:30:00+00:00,53357.81,53371.81,53341.31,53356.06,1306
2026-08-18T22:00:00+00:00,53356.06,53364.62,53343.62,53347.12,1414
2026-08-18T22:30:00+00:00,53347.12,53352.62,53337.12,53340.12,987
2026-08-18T23:00:00+00:00,53340.12,53358.12,53335.12,53348.62,1010
2026-08-18T23:30:00+00:00,53348.62,53358.62,53342.62,53345.62,2115
2026-08-19T00:00:00+00:00,53345.62,53346.62,53309.12,53342.12,5155
2026-08-19T00:30:00+00:00,53342.12,53354.62,53323.62,53326.62,2229
2026-08-19T01:00:00+00:00,53326.62,53336.12,53307.62,53333.12,3461
2026-08-19T01:30:00+00:00,53333.12,53334.12,53303.12,53304.12,2542
2026-08-19T02:00:00+00:00,53304.12,53321.62,53294.12,53314.12,2497
2026-08-19T02:30:00+00:00,53314.12,53323.62,53300.62,53315.62,1766
2026-08-19T03:00:00+00:00,53315.62,53317.62,53295.62,53303.62,1261
2026-08-19T03:30:00+00:00,53303.62,53317.62,53297.12,53297.62,1798
2026-08-19T04:00:00+00:00,53297.62,53312.62,53293.62,53307.12,1506
2026-08-19T04:30:00+00:00,53307.12,53312.62,53282.12,53302.12,1673
2026-08-19T05:00:00+00:00,53302.12,53321.12,53287.12,53304.12,2724
2026-08-19T05:30:00+00:00,53304.12,53305.62,53286.62,53297.12,1556
2026-08-19T06:00:00+00:00,53297.12,53344.62,53282.12,53337.12,3756
2026-08-19T06:30:00+00:00,53337.12,53398.12,53332.12,53395.12,3128
2026-08-19T07:00:00+00:00,53395.12,53395.62,53362.12,53381.12,4206
2026-08-19T07:30:00+00:00,53381.12,53413.12,53373.12,53400.12,3585
2026-08-19T08:00:00+00:00,53400.12,53402.12,53349.12,53399.12,4849
2026-08-19T08:30:00+00:00,53399.12,53399.12,53333.12,53346.12,2590
2026-08-19T09:00:00+00:00,53346.12,53362.12,53316.62,53336.12,3240
2026-08-19T09:30:00+00:00,53336.12,53354.62,53332.12,53354.62,3893
2026-08-19T10:00:00+00:00,53354.62,53367.12,53334.62,53356.62,3009
2026-08-19T10:30:00+00:00,53356.62,53372.12,53336.62,53365.12,2323
2026-08-19T11:00:00+00:00,53365.12,53410.12,53365.12,53410.12,2645
2026-08-19T11:30:00+00:00,53410.12,53422.12,53378.62,53420.62,2980
2026-08-19T12:00:00+00:00,53420.62,53434.62,53386.62,53413.62,4111
2026-08-19T12:30:00+00:00,53413.62,53684.12,53411.62,53627.12,18126
2026-08-19T13:00:00+00:00,53627.12,53639.12,53577.12,53589.62,10990
2026-08-19T13:30:00+00:00,53589.62,53647.97,53408.97,53602.47,45092
2026-08-19T14:00:00+00:00,53602.47,53675.47,53569.47,53623.47,32898
2026-08-19T14:30:00+00:00,53623.47,53705.47,53603.47,53695.97,21767
2026-08-19T15:00:00+00:00,53695.97,53725.97,53557.97,53570.97,16831
2026-08-19T15:30:00+00:00,53570.97,53579.97,53494.47,53509.97,15898
2026-08-19T16:00:00+00:00,53509.97,53598.97,53500.97,53501.97,12066
2026-08-19T16:30:00+00:00,53501.97,53507.97,53427.97,53436.97,11044
2026-08-19T17:00:00+00:00,53436.97,53489.47,53429.47,53482.97,10549
2026-08-19T17:30:00+00:00,53482.97,53489.97,53452.47,53460.87,9359
2026-08-19T18:00:00+00:00,53460.87,53516.47,53444.47,53493.97,13901
2026-08-19T18:30:00+00:00,53493.97,53512.47,53449.97,53452.97,8783
2026-08-19T19:00:00+00:00,53452.97,53503.97,53441.47,53478.97,8776
2026-08-19T19:30:00+00:00,53478.97,53537.97,53433.97,53489.97,13532
2026-08-19T20:00:00+00:00,53489.97,53500.12,53464.62,53481.12,3957
2026-08-19T20:30:00+00:00,53481.12,53489.12,53470.12,53475.87,2199
2026-08-19T22:00:00+00:00,53475.87,53517.78,53469.53,53504.78,3139
2026-08-19T22:30:00+00:00,53504.78,53525.78,53501.28,53514.78,844
2026-08-19T23:00:00+00:00,53514.78,53524.28,53505.28,53509.78,1389
2026-08-19T23:30:00+00:00,53509.78,53521.28,53501.78,53508.28,937
2026-08-20T00:00:00+00:00,53508.28,53512.28,53480.78,53499.78,3185
2026-08-20T00:30:00+00:00,53499.78,53506.28,53486.78,53494.28,1249
2026-08-20T01:00:00+00:00,53494.28,53504.28,53478.28,53492.78,1922
2026-08-20T01:30:00+00:00,53492.78,53506.78,53470.28,53478.28,2427
2026-08-20T02:00:00+00:00,53478.28,53501.28,53474.78,53475.78,1590
2026-08-20T02:30:00+00:00,53475.78,53496.28,53473.78,53486.78,1169
2026-08-20T03:00:00+00:00,53486.78,53507.78,53485.28,53500.78,1196
2026-08-20T03:30:00+00:00,53500.78,53504.78,53488.28,53500.78,1133
2026-08-20T04:00:00+00:00,53500.78,53512.78,53496.28,53497.78,695
2026-08-20T04:30:00+00:00,53497.78,53510.28,53489.78,53504.78,791
2026-08-20T05:00:00+00:00,53504.78,53504.78,53485.78,53493.28,946
2026-08-20T05:30:00+00:00,53493.28,53500.28,53462.28,53473.28,1119
2026-08-20T06:00:00+00:00,53473.28,53529.28,53472.28,53510.78,1970
2026-08-20T06:30:00+00:00,53510.78,53533.78,53504.78,53505.28,1758
2026-08-20T07:00:00+00:00,53505.28,53505.28,53421.28,53430.78,4184
2026-08-20T07:30:00+00:00,53430.78,53452.28,53406.28,53419.28,3412
2026-08-20T08:00:00+00:00,53419.28,53457.28,53399.28,53404.28,5406
2026-08-20T08:30:00+00:00,53404.28,53407.28,53349.78,53374.28,6031
2026-08-20T09:00:00+00:00,53374.28,53402.28,53369.28,53382.28,4995
2026-08-20T09:30:00+00:00,53382.28,53408.78,53376.28,53381.28,3110
2026-08-20T10:00:00+00:00,53381.28,53409.28,53374.78,53408.78,2609
2026-08-20T10:30:00+00:00,53408.78,53419.28,53387.28,53417.28,3005
2026-08-20T11:00:00+00:00,53417.28,53428.78,53288.28,53288.78,6154
2026-08-20T11:30:00+00:00,53288.78,53299.28,53173.78,53181.78,8000
2026-08-20T12:00:00+00:00,53181.78,53184.78,53062.78,53063.28,13702
2026-08-20T12:30:00+00:00,53063.28,53082.28,53013.78,53052.78,8474
2026-08-20T13:00:00+00:00,53052.78,53098.28,52990.78,53080.28,8271
2026-08-20T13:30:00+00:00,53080.28,53209.63,52997.13,53136.13,42805
2026-08-20T14:00:00+00:00,53136.13,53143.63,53019.63,53115.63,28893
2026-08-20T14:30:00+00:00,53115.63,53176.63,53093.13,53168.63,20354
2026-08-20T15:00:00+00:00,53168.63,53231.63,53094.63,53139.63,24306
2026-08-20T15:30:00+00:00,53139.63,53151.63,53001.63,53030.63,15883
2026-08-20T16:00:00+00:00,53030.63,53049.63,53002.63,53019.63,10689
2026-08-20T16:30:00+00:00,53019.63,53096.63,53002.13,53076.63,9554
2026-08-20T17:00:00+00:00,53076.63,53077.13,52965.63,52972.63,8467
2026-08-20T17:30:00+00:00,52972.63,52975.63,52920.63,52924.63,8831
2026-08-20T18:00:00+00:00,52924.63,52925.63,52844.63,52856.63,9115
2026-08-20T18:30:00+00:00,52856.63,52870.63,52824.63,52824.63,6540
2026-08-20T19:00:00+00:00,52824.63,52872.13,52807.63,52837.63,7904
2026-08-20T19:30:00+00:00,52837.63,52859.63,52773.63,52802.63,13427
2026-08-20T20:00:00+00:00,52802.63,52816.28,52757.28,52783.78,4032
2026-08-20T20:30:00+00:00,52783.78,52808.78,52778.78,52803.03,1390
2026-08-20T22:00:00+00:00,52803.03,52809.23,52780.23,52799.23,1979
2026-08-20T22:30:00+00:00,52799.23,52809.73,52789.73,52809.73,826
2026-08-20T23:00:00+00:00,52809.73,52809.73,52797.23,52803.73,816
2026-08-20T23:30:00+00:00,52803.73,52807.23,52789.73,52804.73,1028
2026-08-21T00:00:00+00:00,52804.73,52831.23,52801.23,52813.73,3388
2026-08-21T00:30:00+00:00,52813.73,52827.73,52794.23,52796.23,2393
2026-08-21T01:00:00+00:00,52796.23,52808.23,52783.23,52786.23,2916
2026-08-21T01:30:00+00:00,52786.23,52792.73,52768.23,52782.23,1971
2026-08-21T02:00:00+00:00,52782.23,52804.23,52777.23,52793.23,1580
2026-08-21T02:30:00+00:00,52793.23,52801.23,52786.23,52792.73,1439
2026-08-21T03:00:00+00:00,52792.73,52794.23,52778.23,52791.23,970
2026-08-21T03:30:00+00:00,52791.23,52809.23,52791.23,52806.23,1142
2026-08-21T04:00:00+00:00,52806.23,52818.23,52796.73,52796.73,991
2026-08-21T04:30:00+00:00,52796.73,52817.73,52788.23,52815.23,1030
2026-08-21T05:00:00+00:00,52815.23,52824.23,52801.23,52801.73,858
2026-08-21T05:30:00+00:00,52801.73,52820.23,52798.23,52812.23,1160
2026-08-21T06:00:00+00:00,52812.23,52830.23,52804.73,52824.23,1656
2026-08-21T06:30:00+00:00,52824.23,52859.23,52822.23,52853.73,2425
2026-08-21T07:00:00+00:00,52853.73,52877.23,52834.23,52875.73,3147
2026-08-21T07:30:00+00:00,52875.73,52920.73,52873.23,52908.73,2845
2026-08-21T08:00:00+00:00,52908.73,52948.73,52880.23,52946.23,3477
2026-08-21T08:30:00+00:00,52946.23,52985.73,52931.23,52968.73,2643
2026-08-21T09:00:00+00:00,52968.73,52993.73,52957.23,52965.23,3017
2026-08-21T09:30:00+00:00,52965.23,52971.23,52932.23,52945.23,2311
2026-08-21T10:00:00+00:00,52945.23,52981.73,52935.23,52969.73,2705
2026-08-21T10:30:00+00:00,52969.73,52973.73,52952.23,52967.23,1729
2026-08-21T11:00:00+00:00,52967.23,53059.73,52959.73,53048.23,4463
2026-08-21T11:30:00+00:00,53048.23,53069.73,53029.23,53047.73,4383
2026-08-21T12:00:00+00:00,53047.73,53122.73,53047.73,53121.73,3991
2026-08-21T12:30:00+00:00,53121.73,53162.23,53099.73,53122.23,4350
2026-08-21T13:00:00+00:00,53122.23,53141.23,53041.23,53072.23,7509
2026-08-21T13:30:00+00:00,53072.23,53142.08,53007.58,53086.58,32790
2026-08-21T14:00:00+00:00,53086.58,53195.58,53078.58,53139.58,21948
2026-08-21T14:30:00+00:00,53139.58,53177.58,53063.58,53167.58,15732
2026-08-21T15:00:00+00:00,53167.58,53219.58,53132.58,53167.58,12184
2026-08-21T15:30:00+00:00,53167.58,53256.58,53145.58,53209.08,11550
2026-08-21T16:00:00+00:00,53209.08,53217.58,53121.08,53184.58,11254
2026-08-21T16:30:00+00:00,53184.58,53198.08,53150.58,53192.58,7272
2026-08-21T17:00:00+00:00,53192.58,53198.58,53157.58,53165.08,6663
2026-08-21T17:30:00+00:00,53165.08,53219.58,53159.58,53200.58,6356
2026-08-21T18:00:00+00:00,53200.58,53239.58,53189.58,53236.58,5528
2026-08-21T18:30:00+00:00,53236.58,53312.58,53221.08,53309.58,5969
2026-08-21T19:00:00+00:00,53309.58,53341.58,53293.08,53320.58,7478
2026-08-21T19:30:00+00:00,53320.58,53348.58,53272.08,53275.58,10104
2026-08-21T20:00:00+00:00,53275.58,53290.23,53247.23,53250.73,3105
2026-08-21T20:30:00+00:00,53250.73,53269.73,53250.73,53265.98,675
2026-08-23T22:00:00+00:00,53265.98,53317.15,53251.65,53258.65,2413
2026-08-23T22:30:00+00:00,53258.65,53278.15,53243.15,53275.15,1642
2026-08-23T23:00:00+00:00,53275.15,53305.65,53268.4,53305.65,818
2026-08-23T23:30:00+00:00,53305.65,53337.65,53293.15,53337.65,1539
2026-08-24T00:00:00+00:00,53337.65,53337.65,53253.65,53281.65,4191
2026-08-24T00:30:00+00:00,53281.65,53291.15,53243.15,53287.65,3093
2026-08-24T01:00:00+00:00,53287.65,53328.65,53287.65,53312.65,3407
2026-08-24T01:30:00+00:00,53312.65,53343.15,53301.65,53316.65,3112
2026-08-24T02:00:00+00:00,53316.65,53343.15,53296.15,53328.65,3137
2026-08-24T02:30:00+00:00,53328.65,53335.15,53316.15,53334.65,2015
2026-08-24T03:00:00+00:00,53334.65,53334.65,53303.65,53317.65,1765
2026-08-24T03:30:00+00:00,53317.65,53317.65,53273.15,53279.15,2500
2026-08-24T04:00:00+00:00,53279.15,53284.65,53259.15,53273.65,1811
2026-08-24T04:30:00+00:00,53273.65,53279.65,53250.65,53253.15,2052
2026-08-24T05:00:00+00:00,53253.15,53284.65,53252.65,53273.65,1681
2026-08-24T05:30:00+00:00,53273.65,53274.65,53235.65,53266.15,2227
2026-08-24T06:00:00+00:00,53266.15,53288.15,53244.65,53251.65,3869
2026-08-24T06:30:00+00:00,53251.65,53275.65,53247.65,53259.65,2468
2026-08-24T07:00:00+00:00,53259.65,53287.15,53251.65,53252.15,3453
2026-08-24T07:30:00+00:00,53252.15,53275.65,53228.65,53233.65,3411
2026-08-24T08:00:00+00:00,53233.65,53310.65,53227.65,53286.15,5625
2026-08-24T08:30:00+00:00,53286.15,53333.65,53286.15,53314.15,3010
2026-08-24T09:00:00+00:00,53314.15,53326.15,53284.15,53290.65,2623
2026-08-24T09:30:00+00:00,53290.65,53299.15,53279.65,53289.65,2642
2026-08-24T10:00:00+00:00,53289.65,53293.65,53264.65,53271.15,2290
2026-08-24T10:30:00+00:00,53271.15,53287.15,53208.65,53209.15,3286
2026-08-24T11:00:00+00:00,53209.15,53215.65,53159.65,53179.15,4481
2026-08-24T11:30:00+00:00,53179.15,53273.65,53178.65,53251.65,8479
2026-08-24T12:00:00+00:00,53251.65,53282.15,53230.15,53275.65,3928
2026-08-24T12:30:00+00:00,53275.65,53282.15,53200.15,53243.65,6422
2026-08-24T13:00:00+00:00,53243.65,53264.65,53204.65,53250.15,4785
2026-08-24T13:30:00+00:00,53250.15,53491.5,53250.15,53444,43703
2026-08-24T14:00:00+00:00,53444,53494.5,53391.5,53430.5,21302
2026-08-24T14:30:00+00:00,53430.5,53461.5,53399.5,53431.5,15362
2026-08-24T15:00:00+00:00,53431.5,53468,53338.5,53447,14193
2026-08-24T15:30:00+00:00,53447,53465.5,53420.5,53462.5,13151
2026-08-24T16:00:00+00:00,53462.5,53517.5,53446.5,53459,9710
2026-08-24T16:30:00+00:00,53459,53465.5,53394.5,53405,6651
2026-08-24T17:00:00+00:00,53405,53434.5,53340.5,53343.5,10933
2026-08-24T17:30:00+00:00,53343.5,53363,53322,53361.5,7677
2026-08-24T18:00:00+00:00,53361.5,53450.5,53350.5,53449,7628
2026-08-24T18:30:00+00:00,53449,53466.5,53419.5,53437.5,6081
2026-08-24T19:00:00+00:00,53437.5,53471.5,53432.5,53446.5,5251
2026-08-24T19:30:00+00:00,53446.5,53469,53426.5,53432.5,9458
2026-08-24T20:00:00+00:00,53432.5,53447.65,53424.15,53436.65,2272
2026-08-24T20:30:00+00:00,53436.65,53470.65,53432.15,53468.9,1044
2026-08-24T22:00:00+00:00,53468.9,53477.68,53455.68,53464.68,1581
2026-08-24T22:30:00+00:00,53464.68,53468.68,53451.42,53459.42,607
2026-08-24T23:00:00+00:00,53459.42,53461.42,53439.92,53443.42,637
2026-08-24T23:30:00+00:00,53443.42,53444.42,53416.92,53430.42,1160
2026-08-25T00:00:00+00:00,53430.42,53438.92,53393.42,53417.42,2627
2026-08-25T00:30:00+00:00,53417.42,53436.92,53411.92,53422.42,2111
2026-08-25T01:00:00+00:00,53422.42,53436.92,53410.42,53422.42,1360
2026-08-25T01:30:00+00:00,53422.42,53453.92,53421.92,53441.92,1278
2026-08-25T02:00:00+00:00,53441.92,53447.42,53378.92,53393.42,1667
2026-08-25T02:30:00+00:00,53393.42,53419.42,53385.92,53394.42,1893
2026-08-25T03:00:00+00:00,53394.42,53457.92,53393.42,53451.92,2351
2026-08-25T03:30:00+00:00,53451.92,53458.42,53420.42,53422.92,1000
2026-08-25T04:00:00+00:00,53422.92,53435.42,53413.42,53413.92,780
2026-08-25T04:30:00+00:00,53413.92,53424.92,53397.92,53406.42,859
2026-08-25T05:00:00+00:00,53406.42,53434.92,53405.42,53419.92,1003
2026-08-25T05:30:00+00:00,53419.92,53438.92,53411.92,53434.92,1090
2026-08-25T06:00:00+00:00,53434.92,53483.92,53430.42,53478.42,2182
2026-08-25T06:30:00+00:00,53478.42,53530.42,53465.92,53529.92,2037
2026-08-25T07:00:00+00:00,53529.92,53548.42,53449.92,53467.42,4003
2026-08-25T07:30:00+00:00,53467.42,53492.42,53451.42,53464.42,2880
2026-08-25T08:00:00+00:00,53464.42,53584.42,53441.92,53523.42,8728
2026-08-25T08:30:00+00:00,53523.42,53568.42,53514.42,53568.42,5913
2026-08-25T09:00:00+00:00,53568.42,53611.92,53555.42,53607.42,4200
2026-08-25T09:30:00+00:00,53607.42,53700.42,53603.92,53688.42,7481
2026-08-25T10:00:00+00:00,53688.42,53699.42,53660.92,53662.42,2995
2026-08-25T10:30:00+00:00,53662.42,53665.42,53633.42,53659.42,2534
2026-08-25T11:00:00+00:00,53659.42,53659.42,53605.92,53642.42,3377
2026-08-25T11:30:00+00:00,53642.42,53722.92,53642.42,53718.92,3411
2026-08-25T12:00:00+00:00,53718.92,53729.42,53666.42,53697.92,4422
2026-08-25T12:30:00+00:00,53697.92,53697.92,53616.42,53649.92,3423
2026-08-25T13:00:00+00:00,53649.92,53690.42,53629.42,53677.92,6473
2026-08-25T13:30:00+00:00,53677.92,53699.77,53402.27,53424.77,38741
2026-08-25T14:00:00+00:00,53424.77,53501.77,53409.77,53470.27,18723
2026-08-25T14:30:00+00:00,53470.27,53483.77,53364.27,53447.27,15209
2026-08-25T15:00:00+00:00,53447.27,53492.77,53434.77,53460.77,10530
2026-08-25T15:30:00+00:00,53460.77,53535.77,53429.77,53523.77,10833
2026-08-25T16:00:00+00:00,53523.77,53543.27,53457.77,53488.77,6535
2026-08-25T16:30:00+00:00,53488.77,53532.27,53485.77,53522.77,5339
2026-08-25T17:00:00+00:00,53522.77,53522.77,53464.77,53474.77,5780
2026-08-25T17:30:00+00:00,53474.77,53528.77,53471.77,53514.77,4542
2026-08-25T18:00:00+00:00,53514.77,53529.77,53505.77,53521.77,4059
2026-08-25T18:30:00+00:00,53521.77,53579.27,53521.77,53571.77,4963
2026-08-25T19:00:00+00:00,53571.77,53580.27,53526.77,53561.77,5105
2026-08-25T19:30:00+00:00,53561.77,53603.27,53554.77,53566.77,8219
2026-08-25T20:00:00+00:00,53566.77,53593.92,53561.92,53585.92,2345
2026-08-25T20:30:00+00:00,53585.92,53597.42,53565.92,53571.67,722
2026-08-25T22:00:00+00:00,53571.67,53577.19,53557.19,53571.19,1513
2026-08-25T22:30:00+00:00,53571.19,53576.69,53568.69,53571.69,831
2026-08-25T23:00:00+00:00,53571.69,53576.69,53565.69,53569.69,576
2026-08-25T23:30:00+00:00,53569.69,53573.69,53538.69,53553.69,2105
2026-08-26T00:00:00+00:00,53553.69,53576.19,53547.19,53565.69,5799
2026-08-26T00:30:00+00:00,53565.69,53572.19,53555.69,53563.69,3163
2026-08-26T01:00:00+00:00,53563.69,53614.19,53563.69,53572.19,2067
2026-08-26T01:30:00+00:00,53572.19,53577.19,53544.19,53557.69,3451
2026-08-26T02:00:00+00:00,53557.69,53569.69,53546.19,53567.69,2321
2026-08-26T02:30:00+00:00,53567.69,53620.69,53567.69,53604.19,2564
2026-08-26T03:00:00+00:00,53604.19,53618.19,53595.19,53608.69,2386
2026-08-26T03:30:00+00:00,53608.69,53634.69,53604.69,53617.19,3040
2026-08-26T04:00:00+00:00,53617.19,53626.69,53610.19,53610.19,2082
2026-08-26T04:30:00+00:00,53610.19,53610.69,53563.19,53570.19,1640
2026-08-26T05:00:00+00:00,53570.19,53604.19,53570.19,53590.19,2263
2026-08-26T05:30:00+00:00,53590.19,53594.19,53573.19,53583.19,2683
2026-08-26T06:00:00+00:00,53583.19,53600.69,53561.69,53589.19,3777
2026-08-26T06:30:00+00:00,53589.19,53642.19,53581.69,53628.69,3015
2026-08-26T07:00:00+00:00,53628.69,53629.19,53582.19,53585.69,5456
2026-08-26T07:30:00+00:00,53585.69,53638.69,53568.19,53638.19,5190
2026-08-26T08:00:00+00:00,53638.19,53654.19,53612.69,53648.69,5021
2026-08-26T08:30:00+00:00,53648.69,53659.19,53626.19,53643.69,4196
2026-08-26T09:00:00+00:00,53643.69,53654.69,53608.69,53618.69,5095
2026-08-26T09:30:00+00:00,53618.69,53640.69,53615.69,53626.19,3485
2026-08-26T10:00:00+00:00,53626.19,53628.69,53579.69,53580.19,3316
2026-08-26T10:30:00+00:00,53580.19,53626.19,53571.69,53582.69,3392
2026-08-26T11:00:00+00:00,53582.69,53629.19,53576.19,53616.69,5256
2026-08-26T11:30:00+00:00,53616.69,53633.19,53587.69,53604.19,5528
2026-08-26T12:00:00+00:00,53604.19,53713.19,53591.69,53713.19,5135
2026-08-26T12:30:00+00:00,53713.19,53714.19,53567.19,53570.69,16510
2026-08-26T13:00:00+00:00,53570.69,53607.69,53559.19,53590.19,8736
2026-08-26T13:30:00+00:00,53590.19,53649.04,53500.54,53602.54,36967
2026-08-26T14:00:00+00:00,53602.54,53606.54,53446.54,53454.04,20939
2026-08-26T14:30:00+00:00,53454.04,53508.54,53438.04,53464.54,16281
2026-08-26T15:00:00+00:00,53464.54,53504.54,53442.04,53449.54,12681
2026-08-26T15:30:00+00:00,53449.54,53496.54,53411.54,53470.04,14008
2026-08-26T16:00:00+00:00,53470.04,53478.54,53419.54,53428.54,9403
2026-08-26T16:30:00+00:00,53428.54,53440.54,53382.54,53422.54,9682
2026-08-26T17:00:00+00:00,53422.54,53487.54,53414.54,53485.54,7690
2026-08-26T17:30:00+00:00,53485.54,53496.04,53451.54,53459.54,7216
2026-08-26T18:00:00+00:00,53459.54,53477.54,53439.54,53441.04,6143
2026-08-26T18:30:00+00:00,53441.04,53483.54,53428.54,53472.54,5857
2026-08-26T19:00:00+00:00,53472.54,53521.04,53472.04,53512.04,7712
2026-08-26T19:30:00+00:00,53512.04,53533.04,53451.54,53478.04,10814
2026-08-26T20:00:00+00:00,53478.04,53656.19,53475.19,53654.69,15482
2026-08-26T20:30:00+00:00,53654.69,53673.19,53630.19,53672.44,6551
2026-08-26T22:00:00+00:00,53672.44,53740.65,53615.65,53739.15,4470
2026-08-26T22:30:00+00:00,53739.15,53764.65,53721.65,53723.15,2400
2026-08-26T23:00:00+00:00,53723.15,53727.65,53709.65,53713.65,1132
2026-08-26T23:30:00+00:00,53713.65,53722.15,53696.65,53713.15,1524
2026-08-27T00:00:00+00:00,53713.15,53724.15,53681.65,53711.15,2804
2026-08-27T00:30:00+00:00,53711.15,53711.15,53630.65,53635.65,3250
2026-08-27T01:00:00+00:00,53635.65,53674.15,53628.65,53673.65,3497
2026-08-27T01:30:00+00:00,53673.65,53678.65,53641.15,53648.65,2646
2026-08-27T02:00:00+00:00,53648.65,53669.65,53647.15,53657.65,1500
2026-08-27T02:30:00+00:00,53657.65,53668.65,53654.65,53663.65,1024
2026-08-27T03:00:00+00:00,53663.65,53675.65,53648.65,53674.65,1053
2026-08-27T03:30:00+00:00,53674.65,53679.15,53648.65,53650.65,1233
2026-08-27T04:00:00+00:00,53650.65,53653.65,53630.15,53630.15,825
2026-08-27T04:30:00+00:00,53630.15,53630.15,53609.65,53618.65,1045
2026-08-27T05:00:00+00:00,53618.65,53623.65,53578.65,53586.65,1688
2026-08-27T05:30:00+00:00,53586.65,53587.65,53559.65,53577.15,1913
2026-08-27T06:00:00+00:00,53577.15,53595.15,53556.65,53584.15,2657
2026-08-27T06:30:00+00:00,53584.15,53619.65,53582.65,53616.15,2250
2026-08-27T07:00:00+00:00,53616.15,53616.15,53578.65,53591.15,4685
2026-08-27T07:30:00+00:00,53591.15,53605.15,53576.15,53592.15,3867
2026-08-27T08:00:00+00:00,53592.15,53619.65,53544.65,53551.15,4732
2026-08-27T08:30:00+00:00,53551.15,53553.15,53470.65,53473.65,3978
2026-08-27T09:00:00+00:00,53473.65,53487.15,53428.65,53485.15,4723
2026-08-27T09:30:00+00:00,53485.15,53500.65,53454.65,53456.15,3245
2026-08-27T10:00:00+00:00,53456.15,53458.15,53404.65,53422.15,3453
2026-08-27T10:30:00+00:00,53422.15,53456.65,53406.65,53456.65,3094
2026-08-27T11:00:00+00:00,53456.65,53469.65,53428.15,53447.65,4274
2026-08-27T11:30:00+00:00,53447.65,53480.65,53423.65,53479.65,5937
2026-08-27T12:00:00+00:00,53479.65,53481.65,53434.15,53440.15,4560
2026-08-27T12:30:00+00:00,53440.15,53443.65,53349.15,53350.65,3156
2026-08-27T13:00:00+00:00,53350.65,53432.65,53325.65,53418.65,5913
2026-08-27T13:30:00+00:00,53418.65,53555.5,53346.5,53476,40603
2026-08-27T14:00:00+00:00,53476,53500,53402,53486.5,22497
2026-08-27T14:30:00+00:00,53486.5,53654,53470,53610,15923
2026-08-27T15:00:00+00:00,53610,53731.5,53597,53671.5,11764
2026-08-27T15:30:00+00:00,53671.5,53676.5,53613.5,53641.5,12653
2026-08-27T16:00:00+00:00,53641.5,53655.5,53607,53653,7633
2026-08-27T16:30:00+00:00,53653,53697.5,53645,53691.5,6817
2026-08-27T17:00:00+00:00,53691.5,53697.5,53663,53671,5821
2026-08-27T17:30:00+00:00,53671,53693,53620,53623,6802
2026-08-27T18:00:00+00:00,53623,53631,53520.5,53532,11201
2026-08-27T18:30:00+00:00,53532,53572,53516,53534.5,8535
2026-08-27T19:00:00+00:00,53534.5,53571,53521,53531,7612
2026-08-27T19:30:00+00:00,53531,53598.5,53529,53578,9844
2026-08-27T20:00:00+00:00,53578,53590.65,53553.15,53561.15,3147
2026-08-27T20:30:00+00:00,53561.15,53564.65,53554.15,53560.4,982
2026-08-27T22:00:00+00:00,53560.4,53574.92,53547.42,53559.42,2018
2026-08-27T22:30:00+00:00,53559.42,53561.92,53553.92,53557.92,588
2026-08-27T23:00:00+00:00,53557.92,53564.92,53550.92,53551.42,667
2026-08-27T23:30:00+00:00,53551.42,53553.92,53525.92,53535.42,1309
2026-08-28T00:00:00+00:00,53535.42,53573.42,53530.92,53572.42,2679
2026-08-28T00:30:00+00:00,53572.42,53597.42,53565.42,53595.92,1538
2026-08-28T01:00:00+00:00,53595.92,53620.92,53595.42,53615.92,1086
2026-08-28T01:30:00+00:00,53615.92,53649.42,53607.42,53649.42,1360
2026-08-28T02:00:00+00:00,53649.42,53683.42,53648.92,53672.92,1641
2026-08-28T02:30:00+00:00,53672.92,53673.42,53629.42,53643.42,1341
2026-08-28T03:00:00+00:00,53643.42,53677.42,53642.92,53669.42,1483
2026-08-28T03:30:00+00:00,53669.42,53670.92,53628.92,53646.42,1522
2026-08-28T04:00:00+00:00,53646.42,53647.92,53626.42,53637.92,1389
2026-08-28T04:30:00+00:00,53637.92,53641.92,53627.42,53631.92,1100
2026-08-28T05:00:00+00:00,53631.92,53634.42,53615.92,53620.92,1415
2026-08-28T05:30:00+00:00,53620.92,53630.42,53605.42,53605.42,1626
2026-08-28T06:00:00+00:00,53605.42,53651.42,53596.92,53623.92,3048
2026-08-28T06:30:00+00:00,53623.92,53696.92,53623.92,53695.92,3910
2026-08-28T07:00:00+00:00,53695.92,53705.42,53668.92,53689.92,4579
2026-08-28T07:30:00+00:00,53689.92,53705.42,53672.92,53691.42,3080
2026-08-28T08:00:00+00:00,53691.42,53691.92,53660.42,53674.92,4894
2026-08-28T08:30:00+00:00,53674.92,53712.42,53636.92,53655.42,2930
2026-08-28T09:00:00+00:00,53655.42,53658.42,53616.42,53638.42,3287
2026-08-28T09:30:00+00:00,53638.42,53646.42,53621.92,53631.92,3302
2026-08-28T10:00:00+00:00,53631.92,53635.92,53610.42,53617.42,3205
2026-08-28T10:30:00+00:00,53617.42,53627.42,53583.42,53593.42,3008
2026-08-28T11:00:00+00:00,53593.42,53604.42,53569.42,53586.92,3546
2026-08-28T11:30:00+00:00,53586.92,53615.42,53568.42,53608.92,3755
2026-08-28T12:00:00+00:00,53608.92,53677.42,53601.42,53673.42,4505
2026-08-28T12:30:00+00:00,53673.42,53686.42,53631.92,53666.92,4886
2026-08-28T13:00:00+00:00,53666.92,53704.42,53643.92,53697.42,6654
2026-08-28T13:30:00+00:00,53697.42,53734.77,53603.77,53639.77,34151
2026-08-28T14:00:00+00:00,53639.77,53735.77,53485.77,53528.27,46355
2026-08-28T14:30:00+00:00,53528.27,53758.77,53502.77,53752.77,32716
2026-08-28T15:00:00+00:00,53752.77,53814.77,53711.77,53789.77,25106
2026-08-28T15:30:00+00:00,53789.77,53794.77,53596.27,53617.77,30784
2026-08-28T16:00:00+00:00,53617.77,53674.27,53490.77,53513.77,31296
2026-08-28T16:30:00+00:00,53513.77,53592.77,53511.77,53536.27,24126
2026-08-28T17:00:00+00:00,53536.27,53538.27,53468.27,53499.77,24420
2026-08-28T17:30:00+00:00,53499.77,53545.77,53485.77,53532.77,14740
2026-08-28T18:00:00+00:00,53532.77,53555.77,53487.77,53500.27,13373
2026-08-28T18:30:00+00:00,53500.27,53540.77,53492.77,53522.77,11704
2026-08-28T19:00:00+00:00,53522.77,53575.27,53505.77,53565.77,11381
2026-08-28T19:30:00+00:00,53565.77,53571.77,53525.77,53537.77,15253
2026-08-28T20:00:00+00:00,53537.77,53550.92,53514.92,53520.42,4501
2026-08-28T20:30:00+00:00,53520.42,53540.42,53511.42,53537.17,1147
2026-08-30T22:00:00+00:00,53537.17,53559.43,53413.68,53490.93,4550
2026-08-30T22:30:00+00:00,53490.93,53499.93,53463.93,53498.93,2511
2026-08-30T23:00:00+00:00,53498.93,53502.43,53455.43,53458.43,1936
2026-08-30T23:30:00+00:00,53458.43,53458.43,53398.43,53402.43,6525
2026-08-31T00:00:00+00:00,53402.43,53460.43,53379.43,53456.93,4972
2026-08-31T00:30:00+00:00,53456.93,53483.43,53450.93,53458.93,2675
2026-08-31T01:00:00+00:00,53458.93,53459.43,53373.93,53384.93,6165
2026-08-31T01:30:00+00:00,53384.93,53395.93,53372.93,53387.43,4671
2026-08-31T02:00:00+00:00,53387.43,53420.43,53372.43,53391.93,5070
2026-08-31T02:30:00+00:00,53391.93,53398.93,53356.93,53390.43,4200
2026-08-31T03:00:00+00:00,53390.43,53420.93,53386.43,53410.93,2218
2026-08-31T03:30:00+00:00,53410.93,53410.93,53390.93,53401.93,1317
2026-08-31T04:00:00+00:00,53401.93,53402.43,53386.93,53392.93,853
2026-08-31T04:30:00+00:00,53392.93,53423.43,53381.93,53414.93,1443
2026-08-31T05:00:00+00:00,53414.93,53465.43,53406.93,53445.93,2555
2026-08-31T05:30:00+00:00,53445.93,53447.93,53393.93,53419.43,2419
2026-08-31T06:00:00+00:00,53419.43,53479.43,53404.43,53479.43,2659
2026-08-31T06:30:00+00:00,53479.43,53512.43,53465.93,53506.43,1822
2026-08-31T07:00:00+00:00,53506.43,53508.43,53462.43,53470.93,3791
2026-08-31T07:30:00+00:00,53470.93,53480.43,53452.43,53472.43,2553
2026-08-31T08:00:00+00:00,53472.43,53509.93,53443.93,53490.93,5310
2026-08-31T08:30:00+00:00,53490.93,53501.93,53471.93,53490.93,3012
2026-08-31T09:00:00+00:00,53490.93,53517.93,53485.93,53494.93,2846
2026-08-31T09:30:00+00:00,53494.93,53496.93,53463.93,53465.43,2249
2026-08-31T10:00:00+00:00,53465.43,53478.43,53445.93,53455.93,2531
2026-08-31T10:30:00+00:00,53455.93,53484.43,53439.93,53479.93,2577
2026-08-31T11:00:00+00:00,53479.93,53508.93,53474.93,53483.93,2766
2026-08-31T11:30:00+00:00,53483.93,53484.43,53410.93,53433.93,3432
2026-08-31T12:00:00+00:00,53433.93,53485.43,53377.68,53386.43,7565
2026-08-31T12:30:00+00:00,53386.43,53398.93,53332.43,53359.93,6430
2026-08-31T13:00:00+00:00,53359.93,53447.93,53341.43,53399.93,6162
2026-08-31T13:30:00+00:00,53399.93,53399.93,53179.28,53212.78,40050
2026-08-31T14:00:00+00:00,53212.78,53241.78,53122.78,53125.78,21187
2026-08-31T14:30:00+00:00,53125.78,53261.28,53119.28,53218.78,16846
2026-08-31T15:00:00+00:00,53218.78,53253.78,53185.78,53216.28,14611
2026-08-31T15:30:00+00:00,53216.28,53264.28,53197.28,53215.28,11968
2026-08-31T16:00:00+00:00,53215.28,53225.28,53180.28,53216.78,10470
2026-08-31T16:30:00+00:00,53216.78,53239.28,53171.78,53220.28,7983
2026-08-31T17:00:00+00:00,53220.28,53243.78,53190.78,53196.78,6604
2026-08-31T17:30:00+00:00,53196.78,53262.28,53179.78,53244.78,7433
2026-08-31T18:00:00+00:00,53244.78,53269.28,53221.28,53232.78,6769
2026-08-31T18:30:00+00:00,53232.78,53244.28,53173.78,53219.78,9420
2026-08-31T19:00:00+00:00,53219.78,53243.78,53198.28,53242.28,8025
2026-08-31T19:30:00+00:00,53242.28,53278.78,53184.28,53203.78,16333
2026-08-31T20:00:00+00:00,53203.78,53251.43,53200.93,53242.93,3303
2026-08-31T20:30:00+00:00,53242.93,53244.93,53227.43,53228.18,717
2026-08-31T22:00:00+00:00,53228.18,53228.18,53177.67,53204.92,1107
2026-08-31T22:30:00+00:00,53204.92,53212.42,53199.42,53201.92,599
2026-08-31T23:00:00+00:00,53201.92,53218.42,53196.92,53216.42,764
2026-08-31T23:30:00+00:00,53216.42,53227.42,53208.42,53219.92,1400
2026-09-01T00:00:00+00:00,53219.92,53276.42,53205.92,53266.92,2985
2026-09-01T00:30:00+00:00,53266.92,53267.42,53235.42,53237.42,1661
2026-09-01T01:00:00+00:00,53237.42,53243.42,53209.42,53210.42,2493
2026-09-01T01:30:00+00:00,53210.42,53251.92,53196.42,53244.92,2452
2026-09-01T02:00:00+00:00,53244.92,53247.92,53206.92,53212.92,1503
2026-09-01T02:30:00+00:00,53212.92,53228.92,53198.42,53222.42,1837
2026-09-01T03:00:00+00:00,53222.42,53223.42,53202.92,53204.92,1136
2026-09-01T03:30:00+00:00,53204.92,53211.42,53191.92,53198.42,1137
2026-09-01T04:00:00+00:00,53198.42,53205.42,53182.42,53187.92,788
2026-09-01T04:30:00+00:00,53187.92,53195.42,53167.92,53172.92,1118
2026-09-01T05:00:00+00:00,53172.92,53187.42,53160.92,53185.92,1526
2026-09-01T05:30:00+00:00,53185.92,53241.92,53172.92,53229.92,3063
2026-09-01T06:00:00+00:00,53229.92,53233.42,53174.42,53185.92,3099
2026-09-01T06:30:00+00:00,53185.92,53203.92,53176.92,53185.92,2566
2026-09-01T07:00:00+00:00,53185.92,53239.92,53177.42,53193.42,6055
2026-09-01T07:30:00+00:00,53193.42,53201.42,53097.92,53143.92,5625
2026-09-01T08:00:00+00:00,53143.92,53159.42,52965.92,52968.42,15236
2026-09-01T08:30:00+00:00,52968.42,52973.42,52904.42,52913.92,9649
2026-09-01T09:00:00+00:00,52913.92,52922.92,52822.92,52847.92,7615
2026-09-01T09:30:00+00:00,52847.92,52858.92,52816.92,52826.92,5671
2026-09-01T10:00:00+00:00,52826.92,52941.42,52803.42,52933.92,5174
2026-09-01T10:30:00+00:00,52933.92,52966.42,52868.42,52878.92,5902
2026-09-01T11:00:00+00:00,52878.92,52892.42,52846.92,52877.92,6121
2026-09-01T11:30:00+00:00,52877.92,52927.92,52840.42,52851.92,4874
2026-09-01T12:00:00+00:00,52851.92,52868.42,52801.92,52846.92,8503
2026-09-01T12:30:00+00:00,52846.92,52870.42,52805.92,52851.92,6943
2026-09-01T13:00:00+00:00,52851.92,52899.92,52824.92,52868.92,8342
2026-09-01T13:30:00+00:00,52868.92,52981.77,52797.77,52919.67,41547
2026-09-01T14:00:00+00:00,52919.67,53165.77,52888.77,53129.27,26408
2026-09-01T14:30:00+00:00,53129.27,53167.77,52958.77,52974.77,19373
2026-09-01T15:00:00+00:00,52974.77,52994.77,52941.77,52962.77,15409
2026-09-01T15:30:00+00:00,52962.77,52987.27,52943.77,52955.77,11803
2026-09-01T16:00:00+00:00,52955.77,52994.77,52802.27,52811.77,17502
2026-09-01T16:30:00+00:00,52811.77,52817.27,52730.77,52751.77,15866
2026-09-01T17:00:00+00:00,52751.77,52778.77,52697.27,52748.27,12687
2026-09-01T17:30:00+00:00,52748.27,52788.27,52736.27,52754.77,11176
2026-09-01T18:00:00+00:00,52754.77,52797.77,52741.27,52748.77,10198
2026-09-01T18:30:00+00:00,52748.77,52753.77,52679.77,52726.27,13532
2026-09-01T19:00:00+00:00,52726.27,52796.77,52719.27,52759.77,11789
2026-09-01T19:30:00+00:00,52759.77,52778.27,52707.77,52772.77,16342
2026-09-01T20:00:00+00:00,52772.77,52788.42,52731.92,52768.42,5016
2026-09-01T20:30:00+00:00,52768.42,52785.92,52760.92,52783.17,1898
2026-09-01T22:00:00+00:00,52783.17,52794.54,52762.79,52774.04,1305
2026-09-01T22:30:00+00:00,52774.04,52788.04,52771.04,52778.54,963
2026-09-01T23:00:00+00:00,52778.54,52782.54,52770.54,52778.04,620
2026-09-01T23:30:00+00:00,52778.04,52780.54,52771.04,52776.54,780
2026-09-02T00:00:00+00:00,52776.54,52802.54,52758.54,52763.04,4786
2026-09-02T00:30:00+00:00,52763.04,52778.04,52742.54,52742.54,3183
2026-09-02T01:00:00+00:00,52742.54,52754.54,52718.04,52742.54,3409
2026-09-02T01:30:00+00:00,52742.54,52749.54,52715.04,52740.04,3509
2026-09-02T02:00:00+00:00,52740.04,52783.04,52729.04,52776.54,2271
2026-09-02T02:30:00+00:00,52776.54,52791.54,52768.04,52789.04,1128
2026-09-02T03:00:00+00:00,52789.04,52795.54,52767.04,52767.54,1266
2026-09-02T03:30:00+00:00,52767.54,52767.54,52748.54,52757.04,1406
2026-09-02T04:00:00+00:00,52757.04,52761.54,52744.04,52752.04,1151
2026-09-02T04:30:00+00:00,52752.04,52764.54,52751.54,52757.54,1120
2026-09-02T05:00:00+00:00,52757.54,52788.04,52747.04,52788.04,1630
2026-09-02T05:30:00+00:00,52788.04,52802.54,52758.54,52769.54,2674
2026-09-02T06:00:00+00:00,52769.54,52784.04,52745.54,52749.04,4806
2026-09-02T06:30:00+00:00,52749.04,52820.54,52748.04,52819.54,3966
2026-09-02T07:00:00+00:00,52819.54,52863.54,52781.04,52805.04,5463
2026-09-02T07:30:00+00:00,52805.04,52815.04,52755.54,52775.54,4447
2026-09-02T08:00:00+00:00,52775.54,52811.04,52766.04,52773.04,4866
2026-09-02T08:30:00+00:00,52773.04,52790.04,52702.54,52726.04,4541
2026-09-02T09:00:00+00:00,52726.04,52751.54,52692.04,52703.54,5049
2026-09-02T09:30:00+00:00,52703.54,52709.54,52668.04,52696.04,3628
2026-09-02T10:00:00+00:00,52696.04,52711.04,52667.54,52700.04,3380
2026-09-02T10:30:00+00:00,52700.04,52711.54,52676.04,52710.04,3302
2026-09-02T11:00:00+00:00,52710.04,52803.04,52660.04,52796.04,8630
2026-09-02T11:30:00+00:00,52796.04,52894.54,52796.04,52892.54,4988
2026-09-02T12:00:00+00:00,52892.54,52960.54,52876.04,52895.54,9564
2026-09-02T12:30:00+00:00,52895.54,52902.04,52845.54,52852.04,4815
2026-09-02T13:00:00+00:00,52852.04,52972.04,52849.54,52957.54,5984
2026-09-02T13:30:00+00:00,52957.54,53050.89,52927.89,53040.39,37640
2026-09-02T14:00:00+00:00,53040.39,53165.89,53030.39,53126.89,24095
2026-09-02T14:30:00+00:00,53126.89,53222.39,53101.89,53178.89,17979
2026-09-02T15:00:00+00:00,53178.89,53188.89,53050.89,53079.89,15696
2026-09-02T15:30:00+00:00,53079.89,53093.89,52987.89,53058.39,13324
2026-09-02T16:00:00+00:00,53058.39,53058.89,52954.39,52960.89,10635
2026-09-02T16:30:00+00:00,52960.89,53008.39,52956.89,52983.89,8865
2026-09-02T17:00:00+00:00,52983.89,53033.39,52964.89,52967.89,8880
2026-09-02T17:30:00+00:00,52967.89,53030.89,52947.89,53023.89,8722
2026-09-02T18:00:00+00:00,53023.89,53082.39,52994.89,53010.89,10261
2026-09-02T18:30:00+00:00,53010.89,53024.89,52976.89,53008.89,6473
2026-09-02T19:00:00+00:00,53008.89,53091.89,52999.39,53088.89,6940
2026-09-02T19:30:00+00:00,53088.89,53099.39,53044.89,53070.89,10665
2026-09-02T20:00:00+00:00,53070.89,53110.04,53068.04,53096.04,3549
2026-09-02T20:30:00+00:00,53096.04,53098.54,53068.54,53076.79,1248
2026-09-02T22:00:00+00:00,53076.79,53076.79,53022.6,53070.1,1218
2026-09-02T22:30:00+00:00,53070.1,53079.1,53067.1,53072.1,531
2026-09-02T23:00:00+00:00,53072.1,53085.6,53064.6,53072.6,637
2026-09-02T23:30:00+00:00,53072.6,53095.1,53068.1,53080.6,1097
2026-09-03T00:00:00+00:00,53080.6,53092.6,53068.1,53080.1,2314
2026-09-03T00:30:00+00:00,53080.1,53080.6,53067.6,53071.6,1489
2026-09-03T01:00:00+00:00,53071.6,53099.1,53067.1,53096.6,2427
2026-09-03T01:30:00+00:00,53096.6,53111.1,53082.6,53083.1,2335
2026-09-03T02:00:00+00:00,53083.1,53119.6,53081.6,53110.6,1720
2026-09-03T02:30:00+00:00,53110.6,53122.1,53100.1,53109.6,1332
2026-09-03T03:00:00+00:00,53109.6,53113.1,53095.6,53107.1,1330
2026-09-03T03:30:00+00:00,53107.1,53112.6,53101.6,53105.6,965
2026-09-03T04:00:00+00:00,53105.6,53106.6,53095.6,53097.6,758
2026-09-03T04:30:00+00:00,53097.6,53108.6,53095.6,53102.6,728
2026-09-03T05:00:00+00:00,53102.6,53108.1,53042.6,53050.6,3384
2026-09-03T05:30:00+00:00,53050.6,53145.6,53049.6,53141.6,3254
2026-09-03T06:00:00+00:00,53141.6,53150.6,53115.1,53125.1,2675
2026-09-03T06:30:00+00:00,53125.1,53125.1,53071.6,53087.6,2881
2026-09-03T07:00:00+00:00,53087.6,53134.6,53072.6,53100.1,6501
2026-09-03T07:30:00+00:00,53100.1,53147.1,53085.6,53121.6,5235
2026-09-03T08:00:00+00:00,53121.6,53234.1,53121.6,53195.1,9707
2026-09-03T08:30:00+00:00,53195.1,53195.1,53147.6,53152.1,4065
2026-09-03T09:00:00+00:00,53152.1,53186.1,53150.6,53161.1,4272
2026-09-03T09:30:00+00:00,53161.1,53168.1,53087.6,53097.1,3805
2026-09-03T10:00:00+00:00,53097.1,53119.1,53067.6,53075.1,4123
2026-09-03T10:30:00+00:00,53075.1,53081.1,53045.1,53078.1,3933
2026-09-03T11:00:00+00:00,53078.1,53179.6,53072.1,53165.6,5692
2026-09-03T11:30:00+00:00,53165.6,53182.6,53098.6,53145.1,6185
2026-09-03T12:00:00+00:00,53145.1,53217.6,53135.1,53196.6,5540
2026-09-03T12:30:00+00:00,53196.6,53397.1,53184.85,53381.6,11666
2026-09-03T13:00:00+00:00,53381.6,53424.6,53320.1,53400.1,9043
2026-09-03T13:30:00+00:00,53400.1,53550.95,53386.45,53497.45,35962
2026-09-03T14:00:00+00:00,53497.45,53497.45,53285.45,53340.95,30402
2026-09-03T14:30:00+00:00,53340.95,53508.95,53330.95,53501.95,24609
2026-09-03T15:00:00+00:00,53501.95,53725.95,53487.95,53724.95,21015
2026-09-03T15:30:00+00:00,53724.95,53757.45,53669.45,53724.95,15150
2026-09-03T16:00:00+00:00,53724.95,53725.95,53626.45,53661.95,11253
2026-09-03T16:30:00+00:00,53661.95,53713.45,53656.95,53669.95,9007
2026-09-03T17:00:00+00:00,53669.95,53689.95,53634.95,53688.95,8051
2026-09-03T17:30:00+00:00,53688.95,53724.95,53680.45,53685.95,8250
2026-09-03T18:00:00+00:00,53685.95,53715.95,53684.45,53697.45,7608
2026-09-03T18:30:00+00:00,53697.45,53699.95,53667.95,53682.95,5674
2026-09-03T19:00:00+00:00,53682.95,53693.95,53655.95,53672.95,6799
2026-09-03T19:30:00+00:00,53672.95,53708.45,53658.45,53689.45,10668
2026-09-03T20:00:00+00:00,53689.45,53692.6,53658.6,53660.1,2838
2026-09-03T20:30:00+00:00,53660.1,53666.1,53644.6,53651.35,1374
2026-09-03T22:00:00+00:00,53651.35,53675.08,53651.35,53669.08,775
2026-09-03T22:30:00+00:00,53669.08,53678.08,53666.58,53675.58,641
2026-09-03T23:00:00+00:00,53675.58,53680.08,53665.58,53673.08,394
2026-09-03T23:30:00+00:00,53673.08,53678.58,53668.08,53677.58,684
2026-09-04T00:00:00+00:00,53677.58,53683.58,53661.58,53675.58,1621
2026-09-04T00:30:00+00:00,53675.58,53705.58,53674.58,53700.58,965
2026-09-04T01:00:00+00:00,53700.58,53703.08,53685.58,53694.58,1486
2026-09-04T01:30:00+00:00,53694.58,53701.58,53687.08,53694.08,1162
2026-09-04T02:00:00+00:00,53694.08,53702.58,53689.58,53700.08,662
2026-09-04T02:30:00+00:00,53700.08,53702.58,53687.58,53697.08,775
2026-09-04T03:00:00+00:00,53697.08,53697.58,53676.08,53676.58,454
2026-09-04T03:30:00+00:00,53676.58,53686.58,53674.08,53674.58,448
2026-09-04T04:00:00+00:00,53674.58,53688.58,53666.08,53687.58,734
2026-09-04T04:30:00+00:00,53687.58,53693.58,53682.58,53688.58,465
2026-09-04T05:00:00+00:00,53688.58,53696.08,53686.08,53686.08,653
2026-09-04T05:30:00+00:00,53686.08,53700.58,53674.08,53685.58,1026
2026-09-04T06:00:00+00:00,53685.58,53695.58,53668.58,53689.58,1490
2026-09-04T06:30:00+00:00,53689.58,53690.08,53649.58,53653.58,1725
2026-09-04T07:00:00+00:00,53653.58,53660.58,53622.58,53647.58,2987
2026-09-04T07:30:00+00:00,53647.58,53685.08,53640.08,53647.58,2524
2026-09-04T08:00:00+00:00,53647.58,53655.58,53619.58,53636.08,3247
2026-09-04T08:30:00+00:00,53636.08,53674.58,53631.58,53660.58,2472
2026-09-04T09:00:00+00:00,53660.58,53681.08,53618.08,53632.08,2138
2026-09-04T09:30:00+00:00,53632.08,53646.58,53621.08,53624.08,1926
2026-09-04T10:00:00+00:00,53624.08,53662.08,53612.58,53625.58,2173
2026-09-04T10:30:00+00:00,53625.58,53644.08,53596.58,53634.08,2085
2026-09-04T11:00:00+00:00,53634.08,53637.08,53612.08,53620.08,2087
2026-09-04T11:30:00+00:00,53620.08,53659.58,53620.08,53643.58,2119
2026-09-04T12:00:00+00:00,53643.58,53660.08,53581.58,53649.58,6384
2026-09-04T12:30:00+00:00,53649.58,53654.08,53463.08,53522.08,16131
2026-09-04T13:00:00+00:00,53522.08,53524.58,53465.58,53487.58,9046
2026-09-04T13:30:00+00:00,53487.58,53604.43,53465.93,53467.93,32629
2026-09-04T14:00:00+00:00,53467.93,53484.93,53367.93,53390.93,21778
2026-09-04T14:30:00+00:00,53390.93,53420.93,53271.43,53282.93,18559
2026-09-04T15:00:00+00:00,53282.93,53320.93,53263.43,53298.93,15322
2026-09-04T15:30:00+00:00,53298.93,53371.43,53272.93,53346.93,10951
2026-09-04T16:00:00+00:00,53346.93,53448.93,53344.43,53401.93,8139
2026-09-04T16:30:00+00:00,53401.93,53428.43,53390.93,53401.93,7424
2026-09-04T17:00:00+00:00,53401.93,53411.93,53359.93,53363.93,8296
2026-09-04T17:30:00+00:00,53363.93,53382.93,53335.93,53360.93,8284
2026-09-04T18:00:00+00:00,53360.93,53403.93,53358.43,53395.93,5949
2026-09-04T18:30:00+00:00,53395.93,53412.93,53383.93,53383.93,4765
2026-09-04T19:00:00+00:00,53383.93,53394.93,53343.93,53370.93,6107
2026-09-04T19:30:00+00:00,53370.93,53385.93,53335.93,53379.93,9216
2026-09-04T20:00:00+00:00,53379.93,53379.93,53335.58,53342.58,2494
2026-09-04T20:30:00+00:00,53342.58,53342.58,53169.58,53208.83,3259
2026-09-06T22:00:00+00:00,53208.83,53270.13,53207.38,53263.63,499
2026-09-06T22:30:00+00:00,53263.63,53274.13,53261.13,53268.63,204
2026-09-06T23:00:00+00:00,53268.63,53275.63,53263.13,53266.63,242
2026-09-06T23:30:00+00:00,53266.63,53275.63,53255.63,53267.63,1180
2026-09-07T00:00:00+00:00,53267.63,53287.63,53254.63,53255.13,2997
2026-09-07T00:30:00+00:00,53255.13,53266.63,53234.13,53245.13,1551
2026-09-07T01:00:00+00:00,53245.13,53264.13,53226.13,53250.63,2261
2026-09-07T01:30:00+00:00,53250.63,53256.63,53239.63,53244.63,1090
2026-09-07T02:00:00+00:00,53244.63,53247.13,53229.13,53242.13,931
2026-09-07T02:30:00+00:00,53242.13,53255.13,53221.13,53222.63,1082
2026-09-07T03:00:00+00:00,53222.63,53230.13,53203.13,53227.63,1219
2026-09-07T03:30:00+00:00,53227.63,53241.63,53200.13,53207.13,1480
2026-09-07T04:00:00+00:00,53207.13,53208.63,53176.63,53180.13,1144
2026-09-07T04:30:00+00:00,53180.13,53182.63,53155.13,53171.13,1188
2026-09-07T05:00:00+00:00,53171.13,53173.63,53137.13,53171.63,1500
2026-09-07T05:30:00+00:00,53171.63,53206.13,53157.63,53158.63,2082
2026-09-07T06:00:00+00:00,53158.63,53171.63,53120.13,53159.63,2899
2026-09-07T06:30:00+00:00,53159.63,53199.13,53147.63,53189.63,2500
2026-09-07T07:00:00+00:00,53189.63,53216.13,53166.13,53169.63,4885
2026-09-07T07:30:00+00:00,53169.63,53201.63,53126.63,53201.13,5547
2026-09-07T08:00:00+00:00,53201.13,53228.63,53180.63,53217.63,6505
2026-09-07T08:30:00+00:00,53217.63,53224.13,53189.13,53218.63,5013
2026-09-07T09:00:00+00:00,53218.63,53220.13,53184.13,53196.63,3730
2026-09-07T09:30:00+00:00,53196.63,53227.13,53184.63,53208.63,2050
2026-09-07T10:00:00+00:00,53208.63,53232.13,53202.63,53203.63,2292
2026-09-07T10:30:00+00:00,53203.63,53215.63,53118.13,53136.13,3923
2026-09-07T11:00:00+00:00,53136.13,53144.63,53085.63,53112.13,4931
2026-09-07T11:30:00+00:00,53112.13,53134.13,53088.63,53100.13,3070
2026-09-07T12:00:00+00:00,53100.13,53140.63,53100.13,53112.63,3193
2026-09-07T12:30:00+00:00,53112.63,53159.13,53086.13,53131.63,2771
2026-09-07T13:00:00+00:00,53131.63,53158.13,53104.63,53148.63,3640
2026-09-07T13:30:00+00:00,53148.63,53166.48,53088.48,53112.98,5219
2026-09-07T14:00:00+00:00,53112.98,53122.48,53068.98,53088.98,4142
2026-09-07T14:30:00+00:00,53088.98,53088.98,52999.48,52999.48,3586
2026-09-07T15:00:00+00:00,52999.48,53059.48,52993.98,53044.48,4443
2026-09-07T15:30:00+00:00,53044.48,53067.98,53016.48,53034.98,3301
2026-09-07T16:00:00+00:00,53034.98,53057.98,53026.98,53045.98,1497
2026-09-07T16:30:00+00:00,53045.98,53081.48,53045.48,53066.98,1570
2026-09-07T17:00:00+00:00,53066.98,53073.38,53066.98,53073.38,4
2026-09-07T18:00:00+00:00,53073.38,53077.48,53073.38,53077.48,1
2026-09-07T20:00:00+00:00,53077.48,53077.48,53077.13,53077.13,1
2026-09-07T22:00:00+00:00,53077.13,53091.49,53059.74,53083.99,729
2026-09-07T22:30:00+00:00,53083.99,53083.99,53059.99,53072.99,918
2026-09-07T23:00:00+00:00,53072.99,53076.99,53033.74,53057.99,1082
2026-09-07T23:30:00+00:00,53057.99,53112.49,53049.49,53111.49,2029
2026-09-08T00:00:00+00:00,53111.49,53140.99,53029.49,53061.99,4811
2026-09-08T00:30:00+00:00,53061.99,53079.99,53048.99,53058.49,2903
2026-09-08T01:00:00+00:00,53058.49,53068.99,53004.99,53056.99,3360
2026-09-08T01:30:00+00:00,53056.99,53094.49,53050.99,53094.49,2116
2026-09-08T02:00:00+00:00,53094.49,53099.99,53061.99,53065.99,1617
2026-09-08T02:30:00+00:00,53065.99,53080.99,53044.99,53046.49,1272
2026-09-08T03:00:00+00:00,53046.49,53106.99,53046.49,53103.99,1408
2026-09-08T03:30:00+00:00,53103.99,53106.49,53068.99,53080.99,1490
2026-09-08T04:00:00+00:00,53080.99,53092.99,53074.99,53087.99,1023
2026-09-08T04:30:00+00:00,53087.99,53088.99,53072.99,53076.49,1047
2026-09-08T05:00:00+00:00,53076.49,53080.99,53040.49,53044.99,3155
2026-09-08T05:30:00+00:00,53044.99,53045.49,52977.99,52988.99,4880
2026-09-08T06:00:00+00:00,52988.99,52993.99,52913.99,52927.99,6997
2026-09-08T06:30:00+00:00,52927.99,52993.49,52917.99,52984.99,4510
2026-09-08T07:00:00+00:00,52984.99,53032.99,52966.49,53002.99,7003
2026-09-08T07:30:00+00:00,53002.99,53007.99,52886.49,52905.99,7323
2026-09-08T08:00:00+00:00,52905.99,52963.99,52898.49,52901.49,9325
2026-09-08T08:30:00+00:00,52901.49,52943.99,52886.49,52942.99,8819
2026-09-08T09:00:00+00:00,52942.99,52979.99,52920.99,52977.99,5108
2026-09-08T09:30:00+00:00,52977.99,53038.99,52973.99,53038.99,4811
2026-09-08T10:00:00+00:00,53038.99,53095.99,53001.99,53020.99,5919
2026-09-08T10:30:00+00:00,53020.99,53022.99,52976.99,52984.99,4354
2026-09-08T11:00:00+00:00,52984.99,53012.49,52948.99,52960.49,4627
2026-09-08T11:30:00+00:00,52960.49,53017.99,52949.49,53014.99,4649
2026-09-08T12:00:00+00:00,53014.99,53014.99,52919.99,52990.49,6513
2026-09-08T12:30:00+00:00,52990.49,53074.99,52982.99,53066.99,6270
2026-09-08T13:00:00+00:00,53066.99,53079.99,52995.99,53017.49,7443
2026-09-08T13:30:00+00:00,53017.49,53028.34,52861.34,52872.84,40133
2026-09-08T14:00:00+00:00,52872.84,52899.34,52714.84,52716.84,26796
2026-09-08T14:30:00+00:00,52716.84,52857.84,52716.84,52839.84,19591
2026-09-08T15:00:00+00:00,52839.84,52897.84,52819.34,52868.84,16194
2026-09-08T15:30:00+00:00,52868.84,52893.84,52819.84,52822.84,11871
2026-09-08T16:00:00+00:00,52822.84,52846.84,52774.84,52825.84,10920
2026-09-08T16:30:00+00:00,52825.84,52851.84,52788.84,52823.84,9491
2026-09-08T17:00:00+00:00,52823.84,52904.84,52818.84,52858.84,8869
2026-09-08T17:30:00+00:00,52858.84,52902.84,52849.84,52882.84,7174
2026-09-08T18:00:00+00:00,52882.84,52906.84,52855.84,52872.34,6329
2026-09-08T18:30:00+00:00,52872.34,52873.84,52731.34,52771.84,13885
2026-09-08T19:00:00+00:00,52771.84,52849.84,52758.34,52844.84,10040
2026-09-08T19:30:00+00:00,52844.84,52859.34,52739.84,52794.84,14888
2026-09-08T20:00:00+00:00,52794.84,52799.99,52751.49,52751.99,4267
2026-09-08T20:30:00+00:00,52751.99,52764.24,52739.99,52764.24,2318
2026-09-08T22:00:00+00:00,52764.24,52787.36,52764.24,52782.36,1171
2026-09-08T22:30:00+00:00,52782.36,52796.86,52777.86,52795.86,572
2026-09-08T23:00:00+00:00,52795.86,52798.36,52771.86,52774.36,633
2026-09-08T23:30:00+00:00,52774.36,52776.36,52743.36,52748.86,1187
2026-09-09T00:00:00+00:00,52748.86,52791.86,52740.86,52761.86,3452
2026-09-09T00:30:00+00:00,52761.86,52774.86,52742.86,52774.36,2097
2026-09-09T01:00:00+00:00,52774.36,52777.86,52758.86,52766.86,2119
2026-09-09T01:30:00+00:00,52766.86,52774.86,52737.86,52746.86,1576
2026-09-09T02:00:00+00:00,52746.86,52746.86,52746.86,52746.86,0
